0,0.9803006836818627,0.9652979200280528,0.9577606761333343,0.9559040259474013,0.9531678241832614,0.949373882932665,0.942060413381533,0.94004481385271,0.9399495649050473,0.9352297078966305,0.9322627228406571,0.929920802351947,0.9295596514700719,0.928485595989877,0.9259576485432677,0.9240406338428432,0.9217765568104679,0.9202238951378725,0.9189542720104884,0.9181871708665268,0.9174759121861121,0.9158551840286103,0.9146123707460667,0.9128067201270409,0.9120669132371202,0.9103162267560405,0.9081273943020418,0.9078339291212381,0.9068775426773922,0.904795658733445,0.9030078830367889,0.9027765537328031,0.9013773290897285,0.8987665598322622,0.8981815045492938,0.8974860918946514,0.8955146083998137,0.8931434396030573,0.89177952356553,0.8911391215271354,0.8905995684470743,0.8860135888114684,0.8838308905627268,0.8829874204972585,0.877970989863693,0.8763382839670284,0.8729401612165643,0.8674743596873904,0.8630934883894894,0.8582332404539379,0.8450468756104149,0.8224636284539969,0,0,0,0,0,0,0,0,0,0,0,0,0,0,0,0,0,0,0,0,0,0,0,0,0,0,0,0,0,0,0,0,0,0,0,0,0,0,0,0,0,0,0,0,0,0,0,0
0,0.7894402376715701,0.6445673174349001,0.5816303355543283,0.5644858316125383,0.5410622953452701,0.5041571435318403,0.4405275244389336,0.42110348270304443,0.41952828922998575,0.3785288042234717,0.3671885528988456,0.34657925984104077,0.34407595217930487,0.33746666422116134,0.314590104480232,0.2970926556819197,0.27587757939520785,0.2641754914351238,0.2508560792525974,0.24656520507906166,0.24445377535516283,0.23173198906503023,0.22616484572494294,0.20978235086108954,0.2068503067434031,0.19604030722975474,0.17649962126900032,0.17134584807177128,0.17242839061052767,0.16199230172868911,0.14875342334822889,0.1460946204098919,0.13525556748447803,0.11095188778761302,0.10631363168651826,0.09845945112503983,0.08171957899284765,0.06336005796054625,0.05594916104599455,0.052719921558776764,0.04850075191278728,0.02365027803681097,0.004423105875712429,0.01637559817475846,0,0,0,0,0,0,0,0,0,0,0,0,0,0,0,0,0,0,0,0,0,0,0,0,0,0,0,0,0,0,0,0,0,0,0,0,0,0,0,0,0,0,0,0,0,0,0,0,0,0,0,0,0,0,0,0
0.8562147418984806,0.742260080276456,0.5497353022169483,0.45114497105694884,0.45029444913548217,0.4261233937902448,0.3983527001959296,0.32060591289721085,0.30180548421337655,0.2974186219820451,0.25078314006976526,0.22570282594372804,0.20011659933803386,0.1985069439366807,0.1945240763915214,0.1732877355803064,0.1562206954938763,0.13871406432097133,0.12205710292437677,0.11284982267916673,0.11072350496090799,0.1094378176874269,0.09691757741505265,0.08366274542604471,0.06574213487821644,0.0693246249883356,0.05627707876496842,0.03832090287985595,0.04108712252319269,0.032336928741529346,0.017705927880308444,0.0036950636257664605,0.012658743585053641,0,0,0,0,0,0,0,0,0,0,0,0,0,0,0,0,0,0,0,0,0,0,0,0,0,0,0,0,0,0,0,0,0,0,0,0,0,0,0,0,0,0,0,0,0,0,0,0,0,0,0,0,0,0,0,0,0,0,0,0,0,0,0,0,0,0,0,0
0.24244328498788137,0.7262566016462901,0.5254503338826323,0.45880601772256313,0.45055726906333354,0.4276272498349613,0.3817455965759265,0.2996836129602962,0.2832494503012633,0.29802665165084014,0.24298570984838078,0.2201857171885416,0.20454396981826634,0.20118061868732062,0.1890243030994824,0.15928045119113188,0.14204110906636322,0.11699140932403874,0.11202799014032065,0.11476492797315008,0.10959230355372838,0.10354180566499714,0.08795747164627121,0.07593291780528919,0.06574213487821644,0.05950398670366087,0.044551891462320414,0.023339852517073885,0.019118515860584603,0.014184022387493672,0,0,0,0,0,0,0,0,0,0,0,0,0,0,0,0,0,0,0,0,0,0,0,0,0,0,0,0,0,0,0,0,0,0,0,0,0,0,0,0,0,0,0,0,0,0,0,0,0,0,0,0,0,0,0,0,0,0,0,0,0,0,0,0,0,0,0,0,0,0,0
0,0.5991946148515359,0.35255369230868266,0.23378120649751818,0.22342457702877014,0.18361519604794604,0.18291847684887572,0.13883895313571132,0.1338248762565409,0.13201395753681977,0.06924805115276213,0.027676283420155826,0.009736690452154438,0.005713833531742379,0,0,0,0,0,0,0,0,0,0,0,0,0,0,0,0,0,0,0,0,0,0,0,0,0,0,0,0,0,0,0,0,0,0,0,0,0,0,0,0,0,0,0,0,0,0,0,0,0,0,0,0,0,0,0,0,0,0,0,0,0,0,0,0,0,0,0,0,0,0,0,0,0,0,0,0,0,0,0,0,0,0,0,0,0,0,0
0.05527806865016141,0,0,0,0,0,0,0,0,0,0,0,0,0,0,0,0,0,0,0,0,0,0,0,0,0,0,0,0,0,0,0,0,0,0,0,0,0,0,0,0,0,0,0,0,0,0,0,0,0,0,0,0,0,0,0,0,0,0,0,0,0,0,0,0,0,0,0,0,0,0,0,0,0,0,0,0,0,0,0,0,0,0,0,0,0,0,0,0,0,0,0,0,0,0,0,0,0,0,0,0
0,0.7687958641616612,0.5939191333609415,0.5119365460122839,0.49542591352324244,0.4710233509593834,0.43240466675673744,0.3526408506849536,0.3461647154658776,0.35553936808185854,0.311559242888407,0.28123885460454084,0.258688814226912,0.2614095639407817,0.2544755516661065,0.228058307002715,0.21684031062992343,0.19501417128226267,0.19224604389853006,0.1858688554201496,0.18246724786276183,0.17575034657031907,0.1652619303469295,0.15358504700375195,0.1370487913494956,0.13208146928787626,0.1189474013800959,0.10082466147084988,0.09625907454942854,0.09074773432764602,0.0792220409738013,0.06404646846012069,0.06720914842487759,0.054036383931352745,0.042964192291544724,0.037854726262829,0.033861229468828295,0.015117014769849575,0.006136345168129362,0,0,0,0,0,0,0,0,0,0,0,0,0,0,0,0,0,0,0,0,0,0,0,0,0,0,0,0,0,0,0,0,0,0,0,0,0,0,0,0,0,0,0,0,0,0,0,0,0,0,0,0,0,0,0,0,0,0,0,0,0,0
0,0.688919000636668,0.4785659636199105,0.3804516108942465,0.3568892579705419,0.31899414020046607,0.2679608715917575,0.17660865881539395,0.15141222354419645,0.14766432047897762,0.10091176557338173,0.06194487734133347,0.09603364338279681,0.09702672617522558,0.08399864558926269,0.0531021006647236,0.02912276423826705,0.0005169959515841782,0,0,0,0,0,0,0,0,0,0,0,0,0,0,0,0,0,0,0,0,0,0,0,0,0,0,0,0,0,0,0,0,0,0,0,0,0,0,0,0,0,0,0,0,0,0,0,0,0,0,0,0,0,0,0,0,0,0,0,0,0,0,0,0,0,0,0,0,0,0,0,0,0,0,0,0,0,0,0,0,0,0,0
0,0.7391355911022489,0.5510102873044377,0.452232927099895,0.4331410922680302,0.4452455279603332,0.41323156716850135,0.3500688190550689,0.3311531797333343,0.3608879797263598,0.3112995652810481,0.293415227868998,0.27091679310091105,0.26711312123309855,0.259973980749823,0.2327021820904597,0.21241339148390154,0.18875676613310438,0.18215929816567553,0.17127630662607063,0.16693396750722186,0.15990124692189414,0.15258446927431402,0.14764297767748732,0.1321309000136777,0.12781125903322008,0.11333368584835898,0.09324076261067514,0.09608874141568394,0.08819432288879712,0.08456213195466367,0.07281480411849832,0.076793018438854,0.06497438952906745,0.04789818766724561,0.04944394119958165,0.04145024751594689,0.02275189219875856,0.004097644986786891,0.00431672685989621,0.0014277440736148506,0,0,0,0,0,0,0,0,0,0,0,0,0,0,0,0,0,0,0,0,0,0,0,0,0,0,0,0,0,0,0,0,0,0,0,0,0,0,0,0,0,0,0,0,0,0,0,0,0,0,0,0,0,0,0,0,0,0,0,0
0.4364269780429652,0.37131298226876486,0,0,0,0,0,0,0,0,0,0,0,0,0,0,0,0.021984059917338056,0.017711535628237497,0.008553950866278297,0,0,0,0,0,0,0,0,0,0,0,0,0,0,0,0,0,0,0,0,0,0,0,0,0,0,0,0,0,0,0,0,0,0,0,0,0,0,0,0,0,0,0,0,0,0,0,0,0,0,0,0,0,0,0,0,0,0,0,0,0,0,0,0,0,0,0,0,0,0,0,0,0,0,0,0,0,0,0,0,0
0,0.5469913103320556,0.21145725943765517,0.03678222669712146,0,0.07287631489654343,0.11664750573877622,0.01733162527105852,0,0,0,0,0,0,0,0,0,0,0.006171278063150563,0,0.008259027489595708,0,0,0.021666849123836478,0,0,0,0,0,0,0,0,0,0,0,0,0,0,0,0,0,0,0,0,0,0,0,0,0,0,0,0,0,0,0,0,0,0,0,0,0,0,0,0,0,0,0,0,0,0,0,0,0,0,0,0,0,0,0,0,0,0,0,0,0,0,0,0,0,0,0,0,0,0,0,0,0,0,0,0,0
0,0.8065507421438561,0.6828013496350485,0.6195353837940731,0.6208082071437223,0.6005559890855594,0.5721189317253822,0.5193492648978996,0.5028432317754798,0.4993339120789394,0.4606341174987449,0.437593094416661,0.4219425769607658,0.42112669191779406,0.41485141928791003,0.4039256636158672,0.389264366101308,0.37113973710349374,0.35904630377490265,0.3572530008745331,0.3526481209237843,0.34999297631601983,0.33881982772748065,0.334021298718438,0.3240047717845739,0.31842953922429384,0.30736133233249585,0.29296164455872475,0.28987375444015573,0.2853086584685793,0.2705368920440516,0.26182127741688893,0.2610196796865119,0.25226987806792306,0.23064756501383896,0.23117104556222937,0.2269263511576081,0.21433320381249213,0.2015137109306082,0.2019883614526997,0.19706970116311426,0.2005614302065002,0.1683291798193167,0.15038919720232505,0.143925739649727,0.11291089939889616,0.10097194473568166,0.07755483350946622,0.040244676617926134,0.009333425792143593,0,0,0,0,0,0,0,0,0,0,0,0,0,0,0,0,0,0,0,0,0,0,0,0,0,0,0,0,0,0,0,0,0,0,0,0,0,0,0,0,0,0,0,0,0,0,0,0,0,0,0
0,0.7225194770637834,0.5167233998444957,0.4147007778321433,0.4053501272166056,0.37332959772462004,0.32601404433449915,0.25688291905128563,0.23961721440733255,0.23704081620881293,0.1925319391795882,0.1593793541610116,0.1404371748431521,0.15102822309262942,0.14441378575978134,0.11252167804837292,0.0890608038564694,0.10571251626261258,0.0943066435746635,0.09562686482312335,0.09187129259762675,0.0956416955617363,0.08281056709255935,0.06929158768082277,0.048809346274549754,0.050850364332161425,0.038731464479158685,0.0157543082746174,0.018996999893272533,0.00878807648370527,0.006773812202589755,0.001456501467913637,0,0,0,0,0,0,0,0,0,0,0,0,0,0,0,0,0,0,0,0,0,0,0,0,0,0,0,0,0,0,0,0,0,0,0,0,0,0,0,0,0,0,0,0,0,0,0,0,0,0,0,0,0,0,0,0,0,0,0,0,0,0,0,0,0,0,0,0,0
0.8751112786542307,0.7659175306168902,0.5939822503492067,0.5233750131090545,0.5048691063966596,0.4772088575901164,0.4355301520500363,0.3598508665268189,0.3428714794774607,0.3444745012356335,0.31282456205102455,0.2850071389244571,0.26477287832852886,0.26560992567181896,0.26324320977817944,0.2358714629158758,0.21962285640905754,0.20813330782707898,0.1995041708591782,0.18852957925306274,0.18144913817022013,0.17438444725649124,0.16255976697009883,0.16006149552281418,0.14348984957116293,0.13883536123065174,0.1368465644434149,0.11735171043335728,0.11175541917195145,0.10722078245269898,0.09569846365269882,0.09209804196945987,0.0904085120697985,0.08059911373284398,0.05618277814667695,0.05938743838420619,0.06414559094257388,0.04925951028478627,0.029423834831006808,0.02346589319417569,0.020497088652945757,0.037350460005942256,0.0026825401225906436,0,0,0,0,0,0,0,0,0,0,0,0,0,0,0,0,0,0,0,0,0,0,0,0,0,0,0,0,0,0,0,0,0,0,0,0,0,0,0,0,0,0,0,0,0,0,0,0,0,0,0,0,0,0,0,0,0,0
0,0.6458162897204207,0.4366656293619904,0.3254012855320233,0.3280388497679711,0.31881789161018276,0.2774814781201223,0.17788382402918426,0.15126090576805457,0.1482894937602153,0.08405863654245538,0.04975447314474115,0.0794860005385105,0.09097538392873386,0.08131796586376462,0.05519350881081895,0.03218384372803657,0.002976808148049379,0,0,0,0,0,0,0,0,0,0,0,0,0,0,0,0,0,0,0,0,0,0,0,0,0,0,0,0,0,0,0,0,0,0,0,0,0,0,0,0,0,0,0,0,0,0,0,0,0,0,0,0,0,0,0,0,0,0,0,0,0,0,0,0,0,0,0,0,0,0,0,0,0,0,0,0,0,0,0,0,0,0,0
0,0.7233118754519876,0.521032192568864,0.4238558593382246,0.46358921264188824,0.4309538430100789,0.3943262402375989,0.31410327831701973,0.30449944806779283,0.32587268772585554,0.2802365026255768,0.24951649919219385,0.22905280834030486,0.22856829840744847,0.22154573176745118,0.19379469644980366,0.17332333934058713,0.15201877946357975,0.1368300524424766,0.13321607376419548,0.1438987797400637,0.14969747172105535,0.1339447466026546,0.12292849638527738,0.10681489336026617,0.0985695131660677,0.09055030306732201,0.07263766530028035,0.07538593901509277,0.07548232105383915,0.05865704806389937,0.04093852066554088,0.037755769686813434,0.025767422927932365,0,0.007265709131130765,0,0,0,0,0,0,0,0,0,0,0,0,0,0,0,0,0,0,0,0,0,0,0,0,0,0,0,0,0,0,0,0,0,0,0,0,0,0,0,0,0,0,0,0,0,0,0,0,0,0,0,0,0,0,0,0,0,0,0,0,0,0,0,0,0
0,0.7164502725538057,0.5050665775455543,0.4136786680963868,0.4129531440510637,0.37796202780814225,0.3618041143988585,0.2835948728685956,0.2700495813718201,0.26787843619520124,0.2144951114988004,0.17854880875691134,0.1531479172575171,0.15116187042427282,0.13977106844200324,0.11283300521074309,0.09642344262748259,0.11539234436560937,0.11131138279951679,0.10472394510470141,0.11163143212528841,0.10771219190883938,0.09176204653752454,0.11151353736496701,0.10068838671330524,0.11022301828552533,0.09529826238362397,0.08703065833732536,0.08652619968900702,0.09293119087587665,0.07286313955476356,0.06321956689339407,0.07626741987100924,0.07001442484412589,0.0434330662073544,0.05163579749061743,0.04867085982872641,0.03146855734739614,0.012750546671115524,0.003029405071723066,0.028082303285916477,0.03364289313165211,0,0.003057516618854174,0,0.01024973309598662,0,0.029328941044005952,0.0148502781277854,0,0.006872745778434302,0,0,0,0,0,0,0,0,0,0,0,0,0,0,0,0,0,0,0,0,0,0,0,0,0,0,0,0,0,0,0,0,0,0,0,0,0,0,0,0,0,0,0,0,0,0,0,0,0,0
0,0,0.18136926403058143,0,0.008025135934699685,0,0,0,0.007947631115631688,0,0,0,0,0,0,0,0,0,0,0,0,0,0,0,0,0,0,0,0,0,0,0,0,0,0,0,0,0,0,0,0,0,0,0,0,0,0,0,0,0,0,0,0,0,0,0,0,0,0,0,0,0,0,0,0,0,0,0,0,0,0,0,0,0,0,0,0,0,0,0,0,0,0,0,0,0,0,0,0,0,0,0,0,0,0,0,0,0,0,0,0
0.8734547417003719,0.7656699991112801,0.6164102606563397,0.5325765880997573,0.5313243690806935,0.5342478618871188,0.5023610938553357,0.4300255964316463,0.4102364640390436,0.42355748903304863,0.38007219714959867,0.3544161087485949,0.3324741388597491,0.3403829669133958,0.334317408478814,0.314590104480232,0.2984989807874798,0.27900367647677354,0.270955545645979,0.2656990495792904,0.2603568333323658,0.27460766671245534,0.2648034498582327,0.257477576145435,0.25485262817531446,0.24880758429224975,0.23516067829573523,0.21833019743692975,0.21548222174835022,0.21193246986744607,0.19844290960531646,0.1864828277835786,0.18298319239840252,0.17331183622896365,0.14962727450169294,0.14630429728521815,0.13984633393874366,0.130622648888979,0.12247392986113133,0.1106100304509936,0.11364578403917185,0.1098072539013717,0.07532456833811328,0.062047295154169554,0.05582234109378708,0.01829763950562214,0.011096132431152683,0,0,0,0,0,0,0,0,0,0,0,0,0,0,0,0,0,0,0,0,0,0,0,0,0,0,0,0,0,0,0,0,0,0,0,0,0,0,0,0,0,0,0,0,0,0,0,0,0,0,0,0,0,0
0,0.6636469937610207,0.4063135586347835,0.2723550317208855,0.2399105232432216,0.1995064265193047,0.1391982714078721,0.044778462798334376,0.11165755338011105,0.11476023360773335,0.048012323709557346,0.03332223036730119,0,0,0,0,0,0,0,0,0,0,0,0,0,0,0,0,0,0,0,0,0,0,0,0,0,0,0,0,0,0,0,0,0,0,0,0,0,0,0,0,0,0,0,0,0,0,0,0,0,0,0,0,0,0,0,0,0,0,0,0,0,0,0,0,0,0,0,0,0,0,0,0,0,0,0,0,0,0,0,0,0,0,0,0,0,0,0,0,0
0.744771052896615,0,0.39179450652000936,0.25559375423581043,0.23334495734071253,0.20186233566118653,0.1759598998577413,0.09641105903565361,0.1338248762565409,0.12646341775215872,0.06251225180281368,0.051643226240279755,0.021779239755079744,0.021104747957336464,0.010635102720734303,0,0,0,0,0,0,0,0,0,0,0,0,0,0,0,0,0,0,0,0,0,0,0,0,0,0,0,0,0,0,0,0,0,0,0,0,0,0,0,0,0,0,0,0,0,0,0,0,0,0,0,0,0,0,0,0,0,0,0,0,0,0,0,0,0,0,0,0,0,0,0,0,0,0,0,0,0,0,0,0,0,0,0,0,0,0
0,0.583498961739153,0.281805666685632,0.1712520293096406,0.21889556951528827,0.17721830091627477,0.12636324459360854,0,0,0,0,0,0,0,0,0,0,0,0,0,0,0,0,0,0,0,0,0,0,0,0,0,0,0,0,0,0,0,0,0,0,0,0,0,0,0,0,0,0,0,0,0,0,0,0,0,0,0,0,0,0,0,0,0,0,0,0,0,0,0,0,0,0,0,0,0,0,0,0,0,0,0,0,0,0,0,0,0,0,0,0,0,0,0,0,0,0,0,0,0,0
0,0.6331893457604896,0.4292008862719282,0.33377904190465724,0.3113397793143948,0.3106019461976899,0.2608400208633608,0.16278350406133174,0.13918323549390366,0.13684148680207658,0.06919606723524716,0.05651523401195911,0.05163935777475799,0.07217983824724615,0.07177337737253145,0.03849547816794789,0.022092020774716132,0,0,0,0,0,0,0,0,0,0,0,0,0,0,0,0,0,0,0,0,0,0,0,0,0,0,0,0,0,0,0,0,0,0,0,0,0,0,0,0,0,0,0,0,0,0,0,0,0,0,0,0,0,0,0,0,0,0,0,0,0,0,0,0,0,0,0,0,0,0,0,0,0,0,0,0,0,0,0,0,0,0,0,0
0,0.5718428314674286,0.27863409186341676,0.20304558190347644,0.19247251631896764,0.2844633125460808,0.22711380906839962,0.1253107654036012,0.09869807059162829,0.10030200484084208,0.04071689146110336,0,0,0,0,0,0,0,0,0.0003394264024698254,0,0.0009160505144264841,0.003077225578431304,0,0,0.009175607477872178,0.0029650434686827906,0,0,0,0,0,0,0,0,0,0,0,0,0,0,0,0,0,0,0,0,0,0,0,0,0,0,0,0,0,0,0,0,0,0,0,0,0,0,0,0,0,0,0,0,0,0,0,0,0,0,0,0,0,0,0,0,0,0,0,0,0,0,0,0,0,0,0,0,0,0,0,0,0,0
0.24361572393173253,0.7155339974755028,0.49809942134067176,0.3960397082034725,0.37138779722323545,0.3373389921779435,0.2851650001679004,0.1819406283526872,0.1525987135186018,0.15407877175939463,0.15180299426126356,0.1177966713999237,0.08777995325866356,0.09785750732485488,0.08986373172566658,0.07186227162591016,0.04980675175562972,0.028837026592746288,0.025967187939888156,0.02405332176025525,0.044168890324202306,0.04206724429728603,0.032426517509736665,0.019088590748109723,0.0017040934474700687,0,0,0,0,0,0,0,0,0,0,0,0,0,0,0,0,0,0,0,0,0,0,0,0,0,0,0,0,0,0,0,0,0,0,0,0,0,0,0,0,0,0,0,0,0,0,0,0,0,0,0,0,0,0,0,0,0,0,0,0,0,0,0,0,0,0,0,0,0,0,0,0,0,0,0,0
0,0,0.15814730007706734,0.04077347161971461,0.0015500658055368182,0,0,0,0,0,0,0,0,0,0,0,0,0,0,0,0,0,0,0,0,0,0,0,0,0,0,0,0,0,0,0,0,0,0,0,0,0,0,0,0,0,0,0,0,0,0,0,0,0,0,0,0,0,0,0,0,0,0,0,0,0,0,0,0,0,0,0,0,0,0,0,0,0,0,0,0,0,0,0,0,0,0,0,0,0,0,0,0,0,0,0,0,0,0,0,0
0.8512280426966747,0.7322970672795294,0.5489995225549286,0.4784176272063888,0.4552505795144162,0.42739612490455847,0.4028167981102942,0.32628888813909745,0.31004390387440467,0.30708544574046853,0.2596044148963689,0.24521570831527395,0.21979793169369793,0.22069607626470686,0.21206238498064606,0.20014531934841945,0.18862248496818113,0.1727050140742171,0.1688605273561839,0.15798225870748633,0.15734234679179535,0.15301647369075017,0.1385192763939493,0.1327478348155186,0.11456808015912469,0.10678611229462236,0.09427410856171593,0.07307325032540823,0.06823292078600446,0.06873210205067581,0.05153069365922002,0.03460637342086015,0.03116756357171099,0.022629119227715683,0,0,0,0,0,0,0,0,0,0,0,0,0,0,0,0,0,0,0,0,0,0,0,0,0,0,0,0,0,0,0,0,0,0,0,0,0,0,0,0,0,0,0,0,0,0,0,0,0,0,0,0,0,0,0,0,0,0,0,0,0,0,0,0,0,0,0
0.616672602051431,0.5020981444988971,0.2563608450217719,0.13740288608444104,0.18869775945818165,0.17512649701269659,0.11664750573877622,0.0425329712918019,0.04103102590224916,0.07436872880042493,0.01946122008672608,0.019366723796204504,0.02420496737159252,0.040426239429436045,0.02637030805364604,0.01473340599002602,0.04534385862791731,0.019722195172737263,0.05930427831045218,0.04365268455481423,0.037424789709872966,0.06285782789221811,0.05198366237850455,0.04011491134839206,0.03739509356849086,0.029709082081518675,0.01526141784653719,0.004779610821143429,0,0,0,0,0,0,0,0,0,0,0,0,0,0,0,0,0,0,0,0,0,0,0,0,0,0,0,0,0,0,0,0,0,0,0,0,0,0,0,0,0,0,0,0,0,0,0,0,0,0,0,0,0,0,0,0,0,0,0,0,0,0,0,0,0,0,0,0,0,0,0,0,0
0,0.7251036026388419,0.5355342000820513,0.4602522865692172,0.44770351000215686,0.41328297466375646,0.391981976504421,0.31024674561323023,0.28981519237609893,0.29897752170799935,0.26159489591600416,0.22967564546704017,0.21171357816702743,0.21125660827544687,0.2126422569794923,0.18529738605647245,0.20466537120483977,0.1881021475511687,0.17263850918945964,0.16353317868787776,0.17004511811843004,0.1753266867350799,0.16036173164456052,0.15632801981574243,0.13923338850207756,0.1361324087190159,0.12068417384253224,0.10077604873129238,0.09999995641701005,0.1122244317850837,0.09418671134714902,0.07901633050057581,0.08289947266153906,0.07495353343111225,0.05337390819603692,0.04882343196844719,0.043233447396169716,0.02653075600118119,0.009309500205231384,0.0024377671691648128,0,0,0,0,0,0,0,0,0,0,0,0,0,0,0,0,0,0,0,0,0,0,0,0,0,0,0,0,0,0,0,0,0,0,0,0,0,0,0,0,0,0,0,0,0,0,0,0,0,0,0,0,0,0,0,0,0,0,0,0,0
0,0.7141278970444648,0.5017977920529294,0.4546886870260983,0.4378307276782908,0.4085243427606897,0.36907507838124626,0.27844228472854454,0.25849099132049547,0.2561660735049246,0.20155844001430404,0.1789826577940975,0.17889769242966283,0.17727376170103454,0.17600408651890367,0.1493131614040004,0.12618800621358167,0.10139606547105881,0.08692634792413248,0.0754732474063137,0.07452988431819832,0.06709689118115121,0.048384807740408674,0.034511774527006586,0.02564251889279057,0.021069126869443577,0.007298181465475085,0.016190141366817627,0.009101533019091496,0,0,0,0,0,0,0,0,0,0,0,0,0,0,0,0,0,0,0,0,0,0,0,0,0,0,0,0,0,0,0,0,0,0,0,0,0,0,0,0,0,0,0,0,0,0,0,0,0,0,0,0,0,0,0,0,0,0,0,0,0,0,0,0,0,0,0,0,0,0,0,0
0,0.7223420136250355,0.5224536312475757,0.4424216456140428,0.44244442520266003,0.4076533209175134,0.35997710108591924,0.2747122330732192,0.30189634077882754,0.30518006999891845,0.26292230800684147,0.2304439560290847,0.20686795719466258,0.20720435104664317,0.1972892501362282,0.171008413963828,0.17076036003278858,0.1617387063728163,0.1575626774624156,0.1434120835083517,0.13723465148863373,0.13030431283954177,0.11574780208582539,0.11405529272061675,0.10175019409016081,0.10210315813939046,0.09536989582043273,0.07646654749193765,0.07295793171056408,0.06759718362640894,0.05508230889985263,0.04070514532110529,0.03890693449229568,0.027423214507591658,0.0006367842437362359,0,0,0,0.008582846298458645,0.0061167121299656926,0,0,0,0,0,0,0,0,0,0,0,0,0,0,0,0,0,0,0,0,0,0,0,0,0,0,0,0,0,0,0,0,0,0,0,0,0,0,0,0,0,0,0,0,0,0,0,0,0,0,0,0,0,0,0,0,0,0,0,0,0
0,0.7924482718144422,0.6339294570129709,0.5561473830110845,0.5687225017305589,0.5420849242188188,0.5056232587693712,0.43638742995080637,0.4207431863532002,0.42114568936507907,0.3982342879179461,0.3784282481842757,0.3697969719976885,0.36946563229342905,0.36070010637669125,0.35036689374679364,0.34611326201553905,0.3278782193400393,0.3154739135545966,0.33156796191584326,0.3273643439424744,0.32460995567483336,0.31767301862723346,0.3098657855807831,0.2950855047357801,0.28965463627318305,0.2763384745848437,0.25919577005033545,0.2597911430089627,0.2522718346623454,0.24200138068273871,0.22732039239014315,0.22592015701312415,0.220714985207609,0.19798513044451244,0.1966449490899564,0.1958420807180536,0.1824735847293714,0.16379543449838704,0.15156061296421455,0.15052314074942671,0.14674799776966926,0.11661450508591546,0.09925028842682425,0.09394311931668219,0.06403081896312064,0.05989027118117993,0.0342300104837481,0,0,0,0,0,0,0,0,0,0,0,0,0,0,0,0,0,0,0,0,0,0,0,0,0,0,0,0,0,0,0,0,0,0,0,0,0,0,0,0,0,0,0,0,0,0,0,0,0,0,0,0,0
0.844337310494427,0.7462924269084428,0.559388074964259,0.47598648721583664,0.45652562444823974,0.45293509179938946,0.42197585713449093,0.34123128271798514,0.3288755947047263,0.35890525625605285,0.3178406771363646,0.2898095359206537,0.2667473600354525,0.27606468580759397,0.2698850635111572,0.24841644239111507,0.23184529894860378,0.20947081125182046,0.19504469891687937,0.18164839728093993,0.17618621111755609,0.1700373553563869,0.15745440376026712,0.14672252739155306,0.12884759263601195,0.1259651992284334,0.10967402339446779,0.09701588263687884,0.08971291922214525,0.08416888677628129,0.06460724081450953,0.046475445477783206,0.043406081093132265,0.029282432406662274,0.005395307033077828,0.0005127242200066021,0,0,0,0,0,0,0,0,0,0,0,0,0,0,0,0,0,0,0,0,0,0,0,0,0,0,0,0,0,0,0,0,0,0,0,0,0,0,0,0,0,0,0,0,0,0,0,0,0,0,0,0,0,0,0,0,0,0,0,0,0,0,0,0,0
0.8653431513937894,0.7602693784048431,0.5779346051935932,0.5260038266714507,0.5193249613421639,0.49097748233031857,0.4797221403271802,0.40708272173771576,0.39286381682807503,0.3911379597839882,0.3644980316988114,0.34154336978679334,0.31971037790964996,0.32146833618762644,0.31419172104292664,0.2965888731643568,0.28282924517297153,0.2660301940093909,0.25205023974833557,0.23902654054365577,0.23398297348403108,0.22990522973398028,0.2155335654360728,0.2095200636979799,0.19811557246994335,0.20214923097484247,0.187259554032026,0.17176789183697785,0.1682367092780699,0.16240206501576945,0.15027449396364906,0.1361145184305244,0.13265335797922778,0.12503558412118282,0.09961304698913734,0.09720968810516073,0.09326112313017283,0.08021984619212236,0.059486799884365615,0.05423177556684196,0.06047958222797493,0.06452106855504106,0.02589783203828945,0.010019572521280502,0.02844899352040748,0.0016013605744761607,0,0,0,0,0,0,0,0,0,0,0,0,0,0,0,0,0,0,0,0,0,0,0,0,0,0,0,0,0,0,0,0,0,0,0,0,0,0,0,0,0,0,0,0,0,0,0,0,0,0,0,0,0,0,0
0,0.6597315918898277,0.4163412106807127,0.3609103620609136,0.3460598429618605,0.32421812410961653,0.27881654740749334,0.18214116780621356,0.15267100149789875,0.14538439290054228,0.11873035871222114,0.11622778595889727,0.08585901679634375,0.09072114917299379,0.09910072078445196,0.06955738864478749,0.04702933088724522,0.026959643982933268,0.01544390772982601,0.0014353998461184372,0,0,0,0,0,0,0,0,0,0,0,0,0,0,0,0,0,0,0,0,0,0,0,0,0,0,0,0,0,0,0,0,0,0,0,0,0,0,0,0,0,0,0,0,0,0,0,0,0,0,0,0,0,0,0,0,0,0,0,0,0,0,0,0,0,0,0,0,0,0,0,0,0,0,0,0,0,0,0,0,0
0,0.9815292960489401,0.9678101380870631,0.960551173690764,0.9590633844410282,0.9566733995437039,0.9531542974281473,0.9464302594076008,0.9444996143774619,0.944056865945862,0.939681745350213,0.9369990560059321,0.934770874105326,0.9345002275812032,0.9335196887756283,0.9310354720892987,0.9293256410903763,0.9272131615847766,0.925820413981252,0.9245126512539898,0.923851545256351,0.9231814643168855,0.9217008339716823,0.9206000843265549,0.9188681555811701,0.9181344057757104,0.9165949526111302,0.9145404046334908,0.9138573464326442,0.9129804102093773,0.9110673179011048,0.909283247875492,0.9090070601203443,0.9077054468120554,0.9050345254316455,0.9048085240331033,0.9040237590622551,0.9021371020247483,0.9001298111429723,0.8986774212262151,0.8980247017047516,0.8975706245590319,0.8932495554462341,0.8908796676258167,0.8901590044674954,0.8855065901739327,0.8840117037413381,0.8808023865820537,0.8758663995759073,0.8714670587943228,0.8668994043046444,0.8539458039520964,0.8323684104655313,0.05516123500371064,0,0,0,0,0,0,0,0,0,0,0,0,0,0,0,0,0,0,0,0,0,0,0,0,0,0,0,0,0,0,0,0,0,0,0,0,0,0,0,0,0,0,0,0,0,0,0
0,0,0,0,0,0,0,0,0,0,0,0,0,0,0,0,0,0,0,0,0,0,0,0,0,0,0,0,0,0,0,0,0,0,0,0,0,0,0,0,0,0,0,0,0,0,0,0,0,0,0,0,0,0,0,0,0,0,0,0,0,0,0,0,0,0,0,0,0,0,0,0,0,0,0,0,0,0,0,0,0,0,0,0,0,0,0,0,0,0,0,0,0,0,0,0,0,0,0,0,0
0,0.5565986977853616,0.22519381601816058,0.12100863609592608,0.21889556951528827,0.1830310687075202,0.13656534075488547,0.03328637606770053,0.025986817961551428,0.0201991328929272,0,0,0,0,0,0,0,0,0,0,0,0,0,0,0,0,0,0,0,0,0,0,0,0,0,0,0,0,0,0,0,0,0,0,0,0,0,0,0,0,0,0,0,0,0,0,0,0,0,0,0,0,0,0,0,0,0,0,0,0,0,0,0,0,0,0,0,0,0,0,0,0,0,0,0,0,0,0,0,0,0,0,0,0,0,0,0,0,0,0,0
0,0.8098870156890378,0.6650032856152912,0.6076506232525627,0.5951108839264184,0.5814281073108273,0.5554444983352655,0.5028544205390397,0.49492433897409543,0.4978365334119323,0.46279946452658116,0.43921806593566093,0.4238149639163731,0.42205510757573433,0.42047601820620184,0.3989676813132111,0.3866715227805487,0.3690673217773685,0.3578896808059739,0.3468607954203955,0.3450326289821881,0.3402118997073306,0.3272307262899948,0.3232477720355816,0.3078506996150328,0.3027338466846585,0.2939827834026864,0.27668178302684054,0.2708598671458127,0.27296941916083456,0.272308931802945,0.258675846187986,0.26274120379656024,0.25238982822836986,0.2304790620890276,0.23046715362669476,0.22634930264615566,0.212596784240784,0.19571917855000345,0.1889780875147623,0.18854133213135552,0.18621370985306274,0.15179045296021862,0.13317371538807046,0.13829258407794257,0.1014089162968292,0.09947801526704532,0.08412116467920056,0.045372374207294536,0.021375185658139728,0,0,0,0,0,0,0,0,0,0,0,0,0,0,0,0,0,0,0,0,0,0,0,0,0,0,0,0,0,0,0,0,0,0,0,0,0,0,0,0,0,0,0,0,0,0,0,0,0,0,0
0.8391758942258889,0.6970653329740543,0.47949610753707217,0.37430466703616766,0.3574036216537144,0.3426742605672346,0.2909918130210875,0.190821975024539,0.17116437795250505,0.20188389301199192,0.14029727694170982,0.10138829928024254,0.07098376033750566,0.07056370740154466,0.061960723553806225,0.0496349294047194,0.02371675911838263,0,0,0,0,0,0,0,0,0,0,0,0,0,0,0,0,0,0,0,0,0,0,0,0,0,0,0,0,0,0,0,0,0,0,0,0,0,0,0,0,0,0,0,0,0,0,0,0,0,0,0,0,0,0,0,0,0,0,0,0,0,0,0,0,0,0,0,0,0,0,0,0,0,0,0,0,0,0,0,0,0,0,0,0
0.48251787348893665,0.49456716320986926,0.17083399194994106,0.0075114306321191985,0,0,0,0,0,0,0,0,0,0,0,0,0,0,0,0,0,0,0,0,0,0,0,0,0,0,0,0,0,0,0,0,0,0,0,0,0,0,0,0,0,0,0,0,0,0,0,0,0,0,0,0,0,0,0,0,0,0,0,0,0,0,0,0,0,0,0,0,0,0,0,0,0,0,0,0,0,0,0,0,0,0,0,0,0,0,0,0,0,0,0,0,0,0,0,0,0
0,0.7159268859771619,0.5139962088406896,0.41170374124091763,0.39243987687372006,0.3725117151575893,0.32434557242678047,0.23283346385738876,0.20889420017856214,0.21732353745638372,0.161297455164036,0.13068580627943543,0.11940348683064825,0.12062730211511953,0.11025393830575334,0.08367956821537062,0.061853718328054315,0.035864025975357094,0.019695888732291535,0.019671174820056418,0.014612046665556227,0.011315104214740745,0,0,0,0,0,0,0,0,0,0,0,0,0,0,0,0,0,0,0,0,0,0,0,0,0,0,0,0,0,0,0,0,0,0,0,0,0,0,0,0,0,0,0,0,0,0,0,0,0,0,0,0,0,0,0,0,0,0,0,0,0,0,0,0,0,0,0,0,0,0,0,0,0,0,0,0,0,0,0
0,0.7154121481208101,0.5188029531401458,0.42753210538947156,0.4316290194181628,0.3975446969273077,0.3585212721119644,0.26635444375453554,0.24022241664459032,0.23601177594939646,0.17700867656424116,0.15390251967692864,0.13097546006670885,0.12598738155172992,0.11443132205407898,0.0882293865074609,0.07311911085221989,0.05899345051859265,0.04240386969792503,0.02951337079455188,0.027597190093596676,0.026974580765401417,0.027958800953496888,0.017197699116871933,0.004442253402261011,0,0,0,0,0,0,0,0,0,0,0,0,0,0,0,0,0,0,0,0,0,0,0,0,0,0,0,0,0,0,0,0,0,0,0,0,0,0,0,0,0,0,0,0,0,0,0,0,0,0,0,0,0,0,0,0,0,0,0,0,0,0,0,0,0,0,0,0,0,0,0,0,0,0,0,0
0.8229394186916695,0.6790123451189634,0.45010878226476786,0.39126198981388643,0.3789952400761118,0.3427545835257449,0.3039920875212177,0.2198987162840245,0.19184782317879084,0.18807983877743498,0.12650617818642135,0.08827177562077301,0.06057794173164827,0.057913479440977474,0.049886363610957225,0.02584185476875262,0,0,0,0,0.008745943896320774,0.00738525749609957,0,0,0,0,0,0,0,0,0,0,0,0,0,0,0,0,0,0,0,0,0,0,0,0,0,0,0,0,0,0,0,0,0,0,0,0,0,0,0,0,0,0,0,0,0,0,0,0,0,0,0,0,0,0,0,0,0,0,0,0,0,0,0,0,0,0,0,0,0,0,0,0,0,0,0,0,0,0,0
0,0.6693281592318215,0.4934821979422107,0.38293379672170846,0.3670749959371709,0.3373389921779435,0.2918965341989859,0.20745722965936017,0.19488211179034767,0.1915616082606859,0.13619162701724916,0.10317394781646003,0.08429368157457644,0.10020377426992923,0.08627911359091994,0.06585875345208576,0.043484382681277946,0.01585913230676926,0.013142482296694949,0,0,0,0,0,0,0,0,0,0,0,0,0,0,0,0,0,0,0,0,0,0,0,0,0,0,0,0,0,0,0,0,0,0,0,0,0,0,0,0,0,0,0,0,0,0,0,0,0,0,0,0,0,0,0,0,0,0,0,0,0,0,0,0,0,0,0,0,0,0,0,0,0,0,0,0,0,0,0,0,0,0
0.4928107933953876,0.5931070574584956,0.29255062872920834,0.2699092349471916,0.2678117374203153,0.22356449834340755,0.17102770506032505,0.08509664014113201,0.06561190732893099,0.059700198478937615,0.033268493948047734,0.001957787056886954,0.00012537467065638235,0,0,0,0,0,0,0,0,0,0,0,0,0,0,0,0,0,0,0,0,0,0,0,0,0,0,0,0,0,0,0,0,0,0,0,0,0,0,0,0,0,0,0,0,0,0,0,0,0,0,0,0,0,0,0,0,0,0,0,0,0,0,0,0,0,0,0,0,0,0,0,0,0,0,0,0,0,0,0,0,0,0,0,0,0,0,0,0
0,0.583498961739153,0.27323139724144013,0.12100863609592608,0.08307988957732773,0.03241388281304374,0,0,0,0,0,0,0,0,0,0,0,0,0,0,0,0,0,0,0,0,0,0,0,0,0,0,0,0,0,0,0,0,0,0,0,0,0,0,0,0,0,0,0,0,0,0,0,0,0,0,0,0,0,0,0,0,0,0,0,0,0,0,0,0,0,0,0,0,0,0,0,0,0,0,0,0,0,0,0,0,0,0,0,0,0,0,0,0,0,0,0,0,0,0,0
0.8713478816319349,0.7699349172332641,0.626856234342347,0.5566194131788587,0.5429831280166164,0.5174689857156419,0.5024608194581478,0.44246347352471116,0.42403851270889464,0.42914566972164914,0.386274617417936,0.3643626391178099,0.351887625863817,0.3524380366063106,0.34301168734604387,0.31876504679096307,0.30164161178767596,0.28060973017486723,0.27105572027448405,0.26355075856655336,0.2683682292309895,0.2665777570123053,0.25415076108941703,0.24654216441209204,0.23175229046686388,0.22531536458040272,0.21507033993442956,0.19797343221543004,0.1946540893620291,0.1889759576904554,0.1735294089280472,0.15895723541340595,0.15632755656530445,0.14392445482143026,0.12372449908787536,0.122825173742081,0.1185797807106556,0.1048165342322408,0.09352958262003597,0.09013258788492867,0.08513778802516943,0.08085449129039884,0.043728341586104856,0.023199568173937795,0.027351145460468,0,0,0,0,0,0,0,0,0,0,0,0,0,0,0,0,0,0,0,0,0,0,0,0,0,0,0,0,0,0,0,0,0,0,0,0,0,0,0,0,0,0,0,0,0,0,0,0,0,0,0,0,0,0,0,0
0.20327467641259797,0.7155339974755028,0.4985912032196087,0.39126198981388643,0.39013853971415696,0.3951471952589626,0.345992248550324,0.26316244093375796,0.24243807380458832,0.2400885694136966,0.1841599308869299,0.1502221843535713,0.12189879984334741,0.12235778381791941,0.11217774324485225,0.07956779341272208,0.0576823721127596,0.04549876517402015,0.039333978660659755,0.03074082428248552,0.027560926593395544,0.027474615080487066,0.013508955937941772,0.0178729573539534,0.005461256498955371,0.0012493773220184437,0,0,0,0,0,0,0,0,0,0,0,0,0,0,0,0,0,0,0,0,0,0,0,0,0,0,0,0,0,0,0,0,0,0,0,0,0,0,0,0,0,0,0,0,0,0,0,0,0,0,0,0,0,0,0,0,0,0,0,0,0,0,0,0,0,0,0,0,0,0,0,0,0,0,0
0.8488272963149824,0.7147618940979024,0.559388074964259,0.4784176272063888,0.46268119531462676,0.44443407924950434,0.41253384261166354,0.345124926107259,0.32803477687287624,0.3256760058540642,0.27945942981554434,0.2594496291707887,0.23963578742799332,0.24344024766934957,0.23337058826268417,0.21115499222319747,0.19359252189215914,0.17247655911422366,0.16398572775816248,0.14927895034290037,0.14141923947182328,0.13855406340528373,0.1240060053089526,0.1120876507614077,0.10606113837970978,0.10209389406227998,0.09455049321545653,0.0828479139046898,0.0848567451511911,0.07679490867182856,0.0638347288706094,0.04535989033668987,0.04473106459843933,0.030972025438792326,0.0048345947595469264,0.021619702918150144,0.01883559359524909,0,0,0,0,0,0,0,0,0,0,0,0,0,0,0,0,0,0,0,0,0,0,0,0,0,0,0,0,0,0,0,0,0,0,0,0,0,0,0,0,0,0,0,0,0,0,0,0,0,0,0,0,0,0,0,0,0,0,0,0,0,0,0,0
0.3368819710508487,0.7164502725538057,0.5067550993729635,0.40493346845289196,0.3850277257735714,0.34847899918548375,0.3633875875076111,0.28482705102746203,0.2620004752611329,0.26287533466222557,0.2075733146423078,0.1896721521233609,0.16147430961456705,0.1626814811992024,0.15510430108236584,0.12354198899452756,0.100582814087013,0.0947986159506274,0.08738747343476465,0.07390336578249294,0.08236567945169466,0.07492909151044372,0.07987341041347636,0.07215769548732895,0.062327556661784515,0.0610624869949385,0.04259367002394878,0.021753593411713748,0.019852790606792414,0.009669656075475742,0.00288070291988154,0,0,0,0,0,0.011090684641000353,0.02030399468514804,0,0,0.03929218769916494,0.04756951131280111,0.021466487647384777,0,0,0,0,0,0,0,0,0,0,0,0,0,0,0,0,0,0,0,0,0,0,0,0,0,0,0,0,0,0,0,0,0,0,0,0,0,0,0,0,0,0,0,0,0,0,0,0,0,0,0,0,0,0,0,0,0,0
0.7520283465144987,0.5681375210995169,0.28388391514228023,0.181161331861946,0.1931314179642679,0.14325361512268073,0.12756348451757873,0.013758387372151987,0,0,0,0,0,0,0,0,0,0,0,0,0,0,0,0,0,0,0,0,0,0,0,0,0,0,0,0,0,0,0,0,0,0,0,0,0,0,0,0,0,0,0,0,0,0,0,0,0,0,0,0,0,0,0,0,0,0,0,0,0,0,0,0,0,0,0,0,0,0,0,0,0,0,0,0,0,0,0,0,0,0,0,0,0,0,0,0,0,0,0,0,0
0,0,0,0,0,0,0,0,0,0,0,0,0,0,0,0,0,0,0,0,0,0,0,0,0,0,0,0,0,0,0,0,0,0,0,0,0,0,0,0,0,0,0,0,0,0,0,0,0,0,0,0,0,0,0,0,0,0,0,0,0,0,0,0,0,0,0,0,0,0,0,0,0,0,0,0,0,0,0,0,0,0,0,0,0,0,0,0,0,0,0,0,0,0,0,0,0,0,0,0,0
0,0.8137780586451374,0.7212775570654197,0.6620580182086641,0.6536013243523779,0.6389099269280694,0.6107903445303643,0.5671206859974915,0.5579903896152065,0.5606573425862116,0.5273783845921304,0.5072883988183648,0.4914061588045593,0.4887121593871043,0.4968771399293125,0.4818006874746396,0.47004815498391933,0.4685242922560115,0.4586470071124742,0.4504595849478121,0.4466951320501715,0.44654795637376615,0.43952410856964913,0.43323779163942205,0.42505316521171727,0.4199978080681176,0.4089738843005136,0.39657213277204856,0.3923346926188421,0.39076740536299953,0.38477642814293866,0.373730704119719,0.3741604730318562,0.3731457334096368,0.35587529824889386,0.3612215224853172,0.35828822637425933,0.3478146725587276,0.3330292764707474,0.32488181953056006,0.32254154705710414,0.3209953610889726,0.29187886867939494,0.2770781284009154,0.27682254266140016,0.2460814828164704,0.2349252286860916,0.2170724875550122,0.21238519406544187,0.19611931459078763,0.1694789556165368,0.10501052535259425,0,0,0,0,0,0,0,0,0,0,0,0,0,0,0,0,0,0,0,0,0,0,0,0,0,0,0,0,0,0,0,0,0,0,0,0,0,0,0,0,0,0,0,0,0,0,0,0,0
0.7858372293054595,0.6799508660764255,0.4495940635867675,0.3270269041295852,0.3040733303760778,0.3267616033245905,0.275674509867498,0.18846452857623464,0.16226665204610374,0.162979225119552,0.12139495750799904,0.08351373644659663,0.07709208491252763,0.07407881403533836,0.08432753329535334,0.05352508387311406,0.05172368673471943,0.03152463453368784,0.015965903920096048,0.005830379201530927,0.008618019518422709,0,0.0016268915942708525,0,0,0,0,0,0,0,0,0,0,0,0,0,0,0,0,0,0,0,0,0,0,0,0.009111532366731376,0,0,0,0,0,0,0,0,0,0,0,0,0,0,0,0,0,0,0,0,0,0,0,0,0,0,0,0,0,0,0,0,0,0,0,0,0,0,0,0,0,0,0,0,0,0,0,0,0,0,0,0,0,0
0,0.7160414929106789,0.5772333878606049,0.48330880132391124,0.47046179323465337,0.4471343622222876,0.40817878456035744,0.3277174844200742,0.3102317624439788,0.30887562811361957,0.2617218796473176,0.2338935937569245,0.20771954510475205,0.21186846982315066,0.21146340189693139,0.18750612680368306,0.16635958273845428,0.17001637688829804,0.15473309297716437,0.1494736874177143,0.14656637045509743,0.13974218556809126,0.12379415042050256,0.12262236745778947,0.10499637281391964,0.09801528035405489,0.08177724217692633,0.06536650681919519,0.07745108226993262,0.07061493703006892,0.051402184602836624,0.03683021620299968,0.03442785950922862,0.02679921604160228,0.0035181144232071895,0.010007881980530623,0.0165027444893354,0.00021529298805188763,0,0,0,0,0,0,0,0,0,0,0,0,0,0,0,0,0,0,0,0,0,0,0,0,0,0,0,0,0,0,0,0,0,0,0,0,0,0,0,0,0,0,0,0,0,0,0,0,0,0,0,0,0,0,0,0,0,0,0,0,0,0,0
