0.0,0.0,0.0,0.0,0.0,0.0,0.0,0.0,0.0,0.0,0.0,0.0,0.0,0.0,0.0,0.0,0.0,0.0,0.0,0.0,0.0,0.0,0.0,0.0,0.0,0.0,0.0,0.0,0.0,0.0,0.0,0.0,0.0,0.0,0.0,0.0,0.0,0.0,0.0,0.0,0.0,0.0,0.0,0.0,0.0,0.0,0.0,0.0,0.0,0.0,0.0,0.0,0.0,0.0,0.0,0.0,0.0,0.0,0.0,0.0,0.0,0.0,0.0,0.0,0.0,0.0,0.0,0.0,0.0,0.0,0.0,0.0,0.0,0.0,0.0,0.0,0.0,0.0,0.0,0.0,0.0,0.0,0.0,0.0,0.0,0.0,0.0,0.0,0.0,0.0,0.0,0.0,0.0,0.0,0.0,0.0,0.0,0.0,0.0,0.0
0.0,0.0,0.0,0.0,0.0,0.0,0.0,0.0,0.0,0.0,0.0,0.0,0.0,0.0,0.0,0.0,0.0,0.0,0.0,0.0,0.0,0.0,0.0,0.0,0.0,0.0,0.0,0.0,0.0,0.0,0.0,0.0,0.0,0.0,0.0,0.0,0.0,0.0,0.0,0.0,0.0,0.0,0.0,0.0,0.0,0.0,0.0,0.0,0.0,0.0,0.0,0.0,0.0,0.0,0.0,0.0,0.0,0.0,0.0,0.0,0.0,0.0,0.0,0.0,0.0,0.0,0.0,0.0,0.0,0.0,0.0,0.0,0.0,0.0,0.0,0.0,0.0,0.0,0.0,0.0,0.0,0.0,0.0,0.0,0.0,0.0,0.0,0.0,0.0,0.0,0.0,0.0,0.0,0.0,0.0,0.0,0.0,0.0,0.0,0.0
0.0,0.0,0.0,0.0,0.0,0.0,0.0,0.0,0.0,0.0,0.0,0.0,0.0,0.0,0.0,0.0,0.0,0.0,0.0,0.0,0.0,0.0,0.0,0.0,0.0,0.0,0.0,0.0,0.0,0.0,0.0,0.0,0.0,0.0,0.0,0.0,0.0,0.0,0.0,0.0,0.0,0.0,0.0,0.0,0.0,0.0,0.0,0.0,0.0,0.0,0.0,0.0,0.0,0.0,0.0,0.0,0.0,0.0,0.0,0.0,0.0,0.0,0.0,0.0,0.0,0.0,0.0,0.0,0.0,0.0,0.0,0.0,0.0,0.0,0.0,0.0,0.0,0.0,0.0,0.0,0.0,0.0,0.0,0.0,0.0,0.0,0.0,0.0,0.0,0.0,0.0,0.0,0.0,0.0,0.0,0.0,0.0,0.0,0.0,0.0
0.0,0.0,0.0,0.0,0.0,0.0,0.0,0.0,0.0,0.0,0.0,0.0,0.0,0.0,0.0,0.0,0.0,0.0,0.0,0.0,0.0,0.0,0.0,0.0,0.0,0.0,0.0,0.0,0.0,0.0,0.0,0.0,0.0,0.0,0.0,0.0,0.0,0.0,0.0,0.0,0.0,0.0,0.0,0.0,0.0,0.0,0.0,0.0,0.0,0.0,0.0,0.0,0.0,0.0,0.0,0.0,0.0,0.0,0.0,0.0,0.0,0.0,0.0,0.0,0.0,0.0,0.0,0.0,0.0,0.0,0.0,0.0,0.0,0.0,0.0,0.0,0.0,0.0,0.0,0.0,0.0,0.0,0.0,0.0,0.0,0.0,0.0,0.0,0.0,0.0,0.0,0.0,0.0,0.0,0.0,0.0,0.0,0.0,0.0,0.0
0.0,0.0,0.0,0.0,0.0,0.0,0.0,0.0,0.0,0.0,0.0,0.0,0.0,0.0,0.0,0.0,0.0,0.0,0.0,0.0,0.0,0.0,0.0,0.0,0.0,0.0,0.0,0.0,0.0,0.0,0.0,0.0,0.0,0.0,0.0,0.0,0.0,0.0,0.0,0.0,0.0,0.0,0.0,0.0,0.0,0.0,0.0,0.0,0.0,0.0,0.0,0.0,0.0,0.0,0.0,0.0,0.0,0.0,0.0,0.0,0.0,0.0,0.0,0.0,0.0,0.0,0.0,0.0,0.0,0.0,0.0,0.0,0.0,0.0,0.0,0.0,0.0,0.0,0.0,0.0,0.0,0.0,0.0,0.0,0.0,0.0,0.0,0.0,0.0,0.0,0.0,0.0,0.0,0.0,0.0,0.0,0.0,0.0,0.0,0.0
0.0,0.0,0.0,0.0,0.0,0.0,0.0,0.0,0.0,0.0,0.0,0.0,0.0,0.0,0.0,0.0,0.0,0.0,0.0,0.0,0.0,0.0,0.0,0.0,0.0,0.0,0.0,0.0,0.0,0.0,0.0,0.0,0.0,0.0,0.0,0.0,0.0,0.0,0.0,0.0,0.0,0.0,0.0,0.0,0.0,0.0,0.0,0.0,0.0,0.0,0.0,0.0,0.0,0.0,0.0,0.0,0.0,0.0,0.0,0.0,0.0,0.0,0.0,0.0,0.0,0.0,0.0,0.0,0.0,0.0,0.0,0.0,0.0,0.0,0.0,0.0,0.0,0.0,0.0,0.0,0.0,0.0,0.0,0.0,0.0,0.0,0.0,0.0,0.0,0.0,0.0,0.0,0.0,0.0,0.0,0.0,0.0,0.0,0.0,0.0
0.0,0.0,0.0,0.0,0.0,0.0,0.0,0.0,0.0,0.0,0.0,0.0,0.0,0.0,0.0,0.0,0.0,0.0,0.0,0.0,0.0,0.0,0.0,0.0,0.0,0.0,0.0,0.0,0.0,0.0,0.0,0.0,0.0,0.0,0.0,0.0,0.0,0.0,0.0,0.0,0.0,0.0,0.0,0.0,0.0,0.0,0.0,0.0,0.0,0.0,0.0,0.0,0.0,0.0,0.0,0.0,0.0,0.0,0.0,0.0,0.0,0.0,0.0,0.0,0.0,0.0,0.0,0.0,0.0,0.0,0.0,0.0,0.0,0.0,0.0,0.0,0.0,0.0,0.0,0.0,0.0,0.0,0.0,0.0,0.0,0.0,0.0,0.0,0.0,0.0,0.0,0.0,0.0,0.0,0.0,0.0,0.0,0.0,0.0,0.0
0.0,0.0,0.0,0.0,0.0,0.0,0.0,0.0,0.0,0.0,0.0,0.0,0.0,0.0,0.0,0.0,0.0,0.0,0.0,0.0,0.0,0.0,0.0,0.0,0.0,0.0,0.0,0.0,0.0,0.0,0.0,0.0,0.0,0.0,0.0,0.0,0.0,0.0,0.0,0.0,0.0,0.0,0.0,0.0,0.0,0.0,0.0,0.0,0.0,0.0,0.0,0.0,0.0,0.0,0.0,0.0,0.0,0.0,0.0,0.0,0.0,0.0,0.0,0.0,0.0,0.0,0.0,0.0,0.0,0.0,0.0,0.0,0.0,0.0,0.0,0.0,0.0,0.0,0.0,0.0,0.0,0.0,0.0,0.0,0.0,0.0,0.0,0.0,0.0,0.0,0.0,0.0,0.0,0.0,0.0,0.0,0.0,0.0,0.0,0.0
0.0,0.0,0.0,0.0,0.0,0.0,0.0,0.0,0.0,0.0,0.0,0.0,0.0,0.0,0.0,0.0,0.0,0.0,0.0,0.0,0.0,0.0,0.0,0.0,0.0,0.0,0.0,0.0,0.0,0.0,0.0,0.0,0.0,0.0,0.0,0.0,0.0,0.0,0.0,0.0,0.0,0.0,0.0,0.0,0.0,0.0,0.0,0.0,0.0,0.0,0.0,0.0,0.0,0.0,0.0,0.0,0.0,0.0,0.0,0.0,0.0,0.0,0.0,0.0,0.0,0.0,0.0,0.0,0.0,0.0,0.0,0.0,0.0,0.0,0.0,0.0,0.0,0.0,0.0,0.0,0.0,0.0,0.0,0.0,0.0,0.0,0.0,0.0,0.0,0.0,0.0,0.0,0.0,0.0,0.0,0.0,0.0,0.0,0.0,0.0
0.0,0.0,0.0,0.0,0.0,0.0,0.0,0.0,0.0,0.0,0.0,0.0,0.0,0.0,0.0,0.0,0.0,0.0,0.0,0.0,0.0,0.0,0.0,0.0,0.0,0.0,0.0,0.0,0.0,0.0,0.0,0.0,0.0,0.0,0.0,0.0,0.0,0.0,0.0,0.0,0.0,0.0,0.0,0.0,0.0,0.0,0.0,0.0,0.0,0.0,0.0,0.0,0.0,0.0,0.0,0.0,0.0,0.0,0.0,0.0,0.0,0.0,0.0,0.0,0.0,0.0,0.0,0.0,0.0,0.0,0.0,0.0,0.0,0.0,0.0,0.0,0.0,0.0,0.0,0.0,0.0,0.0,0.0,0.0,0.0,0.0,0.0,0.0,0.0,0.0,0.0,0.0,0.0,0.0,0.0,0.0,0.0,0.0,0.0,0.0
0.0,0.0,0.0,0.0,0.0,0.0,0.0,0.0,0.0015278759335292426,0.0,0.0,0.0,0.0,0.0,0.0,0.0,0.0,0.0,0.0,0.0,0.0,0.0,0.0,0.0,0.0,0.0,0.0,0.0,0.0,0.0,0.0,0.0,0.0,0.0,0.0,0.0,0.0,0.0,0.0,0.0,0.0,0.0,0.0,0.0,0.0,0.0,0.0,0.0,0.0,0.0,0.0,0.0,0.0,0.0,0.0,0.0,0.0,0.0,0.0,0.0,0.0,0.0,0.0,0.0,0.0,0.0,0.0,0.0,0.0,0.0,0.0,0.0,0.0,0.0,0.0,0.0,0.0,0.0,0.0,0.0,0.0,0.0,0.0,0.0,0.0,0.0,0.0,0.0,0.0,0.0,0.0,0.0,0.0,0.0,0.0,0.0,0.0,0.0,0.0,0.0
0.0,0.0,0.0,0.0,0.0,0.0,0.0,0.0,0.0015278759335292426,0.0,0.0,0.0,0.0,0.0,0.0,0.0,0.0,0.0,0.0,0.0,0.0,0.0,0.0,0.0,0.0,0.0,0.0,0.0,0.0,0.0,0.0,0.0,0.0,0.0,0.0,0.0,0.0,0.0,0.0,0.0,0.0,0.0,0.0,0.0,0.0,0.0,0.0,0.0,0.0,0.0,0.0,0.0,0.0,0.0,0.0,0.0,0.0,0.0,0.0,0.0,0.0,0.0,0.0,0.0,0.0,0.0,0.0,0.0,0.0,0.0,0.0,0.0,0.0,0.0,0.0,0.0,0.0,0.0,0.0,0.0,0.0,0.0,0.0,0.0,0.0,0.0,0.0,0.0,0.0,0.0,0.0,0.0,0.0,0.0,0.0,0.0,0.0,0.0,0.0,0.0
0.0,0.0,0.0,0.0,0.0,0.0,0.0,0.0,0.0015278759335292426,0.0,0.0,0.0,0.0,0.0,0.0,0.0,0.0,0.0,0.0,0.0,0.0,0.0,0.0,0.0,0.0,0.0,0.0,0.0,0.0,0.0,0.0,0.0,0.0,0.0,0.0,0.0,0.0,0.0,0.0,0.0,0.0,0.0,0.0,0.0,0.0,0.0,0.0,0.0,0.0,0.0,0.0,0.0,0.0,0.0,0.0,0.0,0.0,0.0,0.0,0.0,0.0,0.0,0.0,0.0,0.0,0.0,0.0,0.0,0.0,0.0,0.0,0.0,0.0,0.0,0.0,0.0,0.0,0.0,0.0,0.0,0.0,0.0,0.0,0.0,0.0,0.0,0.0,0.0,0.0,0.0,0.0,0.0,0.0,0.0,0.0,0.0,0.0,0.0,0.0,0.0
0.0,0.0,0.0,0.0,0.0,0.0,0.0,0.0,0.0015278759335292426,0.0,0.0008178135637009717,0.0002608103592249656,0.0,0.0,0.0,0.0,0.0,0.0,0.0,0.0,0.0,0.0,0.0,0.0,0.0,0.0,0.0,0.0,0.0,0.0,0.0,0.0,0.0,0.0,0.0,0.0,0.0,0.0,0.0,0.0,0.0,0.0,0.0,0.0,0.0,0.0,0.0,0.0,0.0,0.0,0.0,0.0,0.0,0.0,0.0,0.0,0.0,0.0,0.0,0.0,0.0,0.0,0.0,0.0,0.0,0.0,0.0,0.0,0.0,0.0,0.0,0.0,0.0,0.0,0.0,0.0,0.0,0.0,0.0,0.0,0.0,0.0,0.0,0.0,0.0,0.0,0.0,0.0,0.0,0.0,0.0,0.0,0.0,0.0,0.0,0.0,0.0,0.0,0.0,0.0
0.0,0.0,0.0,0.0,0.0,0.0,0.0,0.0,0.0015278759335292426,0.0,0.0008178135637009717,0.0002608103592249656,0.00010862319642761603,0.0,0.0,0.0,0.0,0.0,0.0,0.0,0.0,0.0,0.0,0.0,0.0,0.0,0.0,0.0,0.0,0.0,0.0,0.0,0.0,0.0,0.0,0.0,0.0,0.0,0.0,0.0,0.0,0.0,0.0,0.0,0.0,0.0,0.0,0.0,0.0,0.0,0.0,0.0,0.0,0.0,0.0,0.0,0.0,0.0,0.0,0.0,0.0,0.0,0.0,0.0,0.0,0.0,0.0,0.0,0.0,0.0,0.0,0.0,0.0,0.0,0.0,0.0,0.0,0.0,0.0,0.0,0.0,0.0,0.0,0.0,0.0,0.0,0.0,0.0,0.0,0.0,0.0,0.0,0.0,0.0,0.0,0.0,0.0,0.0,0.0,0.0
0.0,0.0,0.0,0.0,0.0,0.0,0.0,0.0,0.0018551224867658193,0.0,0.0008359082227135642,0.00037651755521761726,0.00010862319642800896,0.0,0.0,0.0,0.0,0.0,0.0,0.0,0.0,0.0,0.0,0.0,0.0,0.0,0.0,0.0,0.0,0.0,0.0,0.0,0.0,0.0,0.0,0.0,0.0,0.0,0.0,0.0,0.0,0.0,0.0,0.0,0.0,0.0,0.0,0.0,0.0,0.0,0.0,0.0,0.0,0.0,0.0,0.0,0.0,0.0,0.0,0.0,0.0,0.0,0.0,0.0,0.0,0.0,0.0,0.0,0.0,0.0,0.0,0.0,0.0,0.0,0.0,0.0,0.0,0.0,0.0,0.0,0.0,0.0,0.0,0.0,0.0,0.0,0.0,0.0,0.0,0.0,0.0,0.0,0.0,0.0,0.0,0.0,0.0,0.0,0.0,0.0
0.0,0.0,0.0,0.0,0.0,0.0,0.0,0.0,0.0023290661195832763,0.0,0.0008359082227135642,0.00037651755521761726,0.00022282023495659266,0.0,0.0,0.0,0.0,0.0,0.0,0.0,0.0,0.0,0.0,0.0,0.0,0.0,0.0,0.0,0.0,0.0,0.0,0.0,0.0,0.0,0.0,0.0,0.0,0.0,0.0,0.0,0.0,0.0,0.0,0.0,0.0,0.0,0.0,0.0,0.0,0.0,0.0,0.0,0.0,0.0,0.0,0.0,0.0,0.0,0.0,0.0,0.0,0.0,0.0,0.0,0.0,0.0,0.0,0.0,0.0,0.0,0.0,0.0,0.0,0.0,0.0,0.0,0.0,0.0,0.0,0.0,0.0,0.0,0.0,0.0,0.0,0.0,0.0,0.0,0.0,0.0,0.0,0.0,0.0,0.0,0.0,0.0,0.0,0.0,0.0,0.0
0.0,0.0,0.0,0.0,0.0,0.0,0.0,0.0,0.0023290661195832763,0.0,0.0008359082227135642,0.00037651755521761726,0.00032542630961507297,0.0,0.0,0.0,0.0,0.0,0.0,0.0,0.0,0.0,0.0,0.0,0.0,0.0,0.0,0.0,0.0,0.0,0.0,0.0,0.0,0.0,0.0,0.0,0.0,0.0,0.0,0.0,0.0,0.0,0.0,0.0,0.0,0.0,0.0,0.0,0.0,0.0,0.0,0.0,0.0,0.0,0.0,0.0,0.0,0.0,0.0,0.0,0.0,0.0,0.0,0.0,0.0,0.0,0.0,0.0,0.0,0.0,0.0,0.0,0.0,0.0,0.0,0.0,0.0,0.0,0.0,0.0,0.0,0.0,0.0,0.0,0.0,0.0,0.0,0.0,0.0,0.0,0.0,0.0,0.0,0.0,0.0,0.0,0.0,0.0,0.0,0.0
0.0,0.0,0.0,0.0,3.2878139082665956e-05,0.0,0.0,0.0,0.0023290661195832763,0.0,0.0008359082227135642,0.00037651755521761726,0.00032542630961507297,0.00041259193241652975,0.0,1.9962434525669735e-05,0.0,0.0,0.0,0.0,0.0,0.0,0.0,0.0,0.0,0.0,0.0,0.0,0.0,0.0,0.0,0.0,0.0,0.0,0.0,0.0,0.0,0.0,0.0,0.0,0.0,0.0,0.0,0.0,0.0,0.0,0.0,0.0,0.0,0.0,0.0,0.0,0.0,0.0,0.0,0.0,0.0,0.0,0.0,0.0,0.0,0.0,0.0,0.0,0.0,0.0,0.0,0.0,0.0,0.0,0.0,0.0,0.0,0.0,0.0,0.0,0.0,0.0,0.0,0.0,0.0,0.0,0.0,0.0,0.0,0.0,0.0,0.0,0.0,0.0,0.0,0.0,0.0,0.0,0.0,0.0,0.0,0.0,0.0,0.0
0.0,0.0,0.0,0.0,0.0002273748764441407,0.0,0.00027969916696900466,0.0,0.0037758946955739146,0.0,0.0008359082227135642,0.00037651755521761726,0.00047126660373451976,0.000596824308066306,0.0008836960897126574,0.00016122209759839994,0.0,0.00013416005699180418,0.0,0.0,0.0,0.0,0.0,0.0,0.0,0.0,0.0,0.0,0.0,0.0,0.0,0.0,0.0,0.0,0.0,0.0,0.0,0.0,0.0,0.0,0.0,0.0,0.0,0.0,0.0,0.0,0.0,0.0,0.0,0.0,0.0,0.0,0.0,0.0,0.0,0.0,0.0,0.0,0.0,0.0,0.0,0.0,0.0,0.0,0.0,0.0,0.0,0.0,0.0,0.0,0.0,0.0,0.0,0.0,0.0,0.0,0.0,0.0,0.0,0.0,0.0,0.0,0.0,0.0,0.0,0.0,0.0,0.0,0.0,0.0,0.0,0.0,0.0,0.0,0.0,0.0,0.0,0.0,0.0,0.0
0.0,0.0,0.0,0.0,0.00023415953091724623,0.0,0.0005265572798592648,0.0,0.004216381213452642,0.0,0.0013653577333586212,0.00037651755521761726,0.0019120113085400337,0.000596824308066306,0.0008836960897144491,0.00016122209759839994,0.0,0.00013416005699277853,2.793420329303527e-16,0.0,0.0,0.0,0.0,0.0,0.0,0.0,0.0,0.0,0.0,0.0,0.0,0.0,0.0,0.0,0.0,0.0,0.0,0.0,0.0,0.0,0.0,0.0,0.0,0.0,0.0,0.0,0.0,0.0,0.0,0.0,0.0,0.0,0.0,0.0,0.0,0.0,0.0,0.0,0.0,0.0,0.0,0.0,0.0,0.0,0.0,0.0,0.0,0.0,0.0,0.0,0.0,0.0,0.0,0.0,0.0,0.0,0.0,0.0,0.0,0.0,0.0,0.0,0.0,0.0,0.0,0.0,0.0,0.0,0.0,0.0,0.0,0.0,0.0,0.0,0.0,0.0,0.0,0.0,0.0,0.0
0.0,0.0,0.0,0.0,0.0008209292209899709,0.0,0.0005265572798594965,0.0,0.005322660331005647,0.0,0.002177010871030943,0.00037651755521761726,0.0019120113085400337,0.0008270138256425296,0.0011393469030896485,0.000289939216178237,1.3841448528453615e-15,0.00022477655988471966,0.00016118587181470354,2.165339380686863e-05,0.0,0.0,0.0,0.0,0.0,0.0,0.0,0.0,0.0,0.0,0.0,0.0,0.0,0.0,0.0,0.0,0.0,0.0,0.0,0.0,0.0,0.0,0.0,0.0,0.0,0.0,0.0,0.0,0.0,0.0,0.0,0.0,0.0,0.0,0.0,0.0,0.0,0.0,0.0,0.0,0.0,0.0,0.0,0.0,0.0,0.0,0.0,0.0,0.0,0.0,0.0,0.0,0.0,0.0,0.0,0.0,0.0,0.0,0.0,0.0,0.0,0.0,0.0,0.0,0.0,0.0,0.0,0.0,0.0,0.0,0.0,0.0,0.0,0.0,0.0,0.0,0.0,0.0,0.0,0.0
0.0,0.0,0.0,0.0,0.0008209292209899709,0.0,0.0006726380427956052,0.0,0.005994398177269757,0.0,0.00259768348014546,0.00037651755521761726,0.0019120113085400337,0.0008270138256425296,0.0011613259588644212,0.000289939216178237,0.00025530630950800127,0.0002247765598854156,0.0002732996185764496,2.1653393807327535e-05,1.2739386680239738e-05,0.0,0.0,0.0,0.0,0.0,0.0,0.0,0.0,0.0,0.0,0.0,0.0,0.0,0.0,0.0,0.0,0.0,0.0,0.0,0.0,0.0,0.0,0.0,0.0,0.0,0.0,0.0,0.0,0.0,0.0,0.0,0.0,0.0,0.0,0.0,0.0,0.0,0.0,0.0,0.0,0.0,0.0,0.0,0.0,0.0,0.0,0.0,0.0,0.0,0.0,0.0,0.0,0.0,0.0,0.0,0.0,0.0,0.0,0.0,0.0,0.0,0.0,0.0,0.0,0.0,0.0,0.0,0.0,0.0,0.0,0.0,0.0,0.0,0.0,0.0,0.0,0.0,0.0,0.0
0.0,0.0,0.0,0.0,0.001700628497067911,0.0,0.0011095456060933196,0.0,0.005994398177269757,0.0,0.003607800622246183,0.0007397230788638401,0.0019120113085400337,0.0008941896515813316,0.001172557466346617,0.00037049329497999356,0.0004330628782835118,0.00028801980641861297,0.00031284035482671813,5.590318539629259e-05,1.2739386681006154e-05,0.00012077429005772078,0.0,0.0,0.0,0.0,0.0,0.0,0.0,0.0,0.0,0.0,0.0,0.0,0.0,0.0,0.0,0.0,0.0,0.0,0.0,0.0,0.0,0.0,0.0,0.0,0.0,0.0,0.0,0.0,0.0,0.0,0.0,0.0,0.0,0.0,0.0,0.0,0.0,0.0,0.0,0.0,0.0,0.0,0.0,0.0,0.0,0.0,0.0,0.0,0.0,0.0,0.0,0.0,0.0,0.0,0.0,0.0,0.0,0.0,0.0,0.0,0.0,0.0,0.0,0.0,0.0,0.0,0.0,0.0,0.0,0.0,0.0,0.0,0.0,0.0,0.0,0.0,0.0,0.0
0.0,0.0,0.0,0.0,0.001700628497067911,0.0,0.002282133243905264,0.0,0.0073640657887914475,0.00033408776802084424,0.0037752513426912286,0.0009229265456306705,0.0019120113085400337,0.0008941896515813316,0.0012967278321531761,0.00037684231003859994,0.0004330628782862801,0.0003659093257187,0.00031284035482671813,5.590318539675149e-05,0.00013819423361295172,0.00012077429005772078,0.0,0.0,0.0,0.0,0.0,0.0,0.0,0.0,0.0,0.0,0.0,0.0,0.0,0.0,0.0,0.0,0.0,0.0,0.0,0.0,0.0,0.0,0.0,0.0,0.0,0.0,0.0,0.0,0.0,0.0,0.0,0.0,0.0,0.0,0.0,0.0,0.0,0.0,0.0,0.0,0.0,0.0,0.0,0.0,0.0,0.0,0.0,0.0,0.0,0.0,0.0,0.0,0.0,0.0,0.0,0.0,0.0,0.0,0.0,0.0,0.0,0.0,0.0,0.0,0.0,0.0,0.0,0.0,0.0,0.0,0.0,0.0,0.0,0.0,0.0,0.0,0.0,0.0
0.0,0.0,0.0,0.0,0.004477941004757827,0.0,0.0027423560275454395,0.0,0.0073640657887914475,0.00033408776802084424,0.0037752513426912286,0.0009229265456306705,0.0019120113085400337,0.0010517563418563148,0.0012967278321531761,0.0005834095787052638,0.0008803043431286486,0.0007150166987943671,0.0004771083979268746,0.00010562411584139772,0.00013819423361341156,0.00024009834482724188,9.266714064464818e-05,1.7677024206981373e-05,0.0,0.0,0.0,0.0,0.0,0.0,0.0,0.0,0.0,0.0,0.0,0.0,0.0,0.0,0.0,0.0,0.0,0.0,0.0,0.0,0.0,0.0,0.0,0.0,0.0,0.0,0.0,0.0,0.0,0.0,0.0,0.0,0.0,0.0,0.0,0.0,0.0,0.0,0.0,0.0,0.0,0.0,0.0,0.0,0.0,0.0,0.0,0.0,0.0,0.0,0.0,0.0,0.0,0.0,0.0,0.0,0.0,0.0,0.0,0.0,0.0,0.0,0.0,0.0,0.0,0.0,0.0,0.0,0.0,0.0,0.0,0.0,0.0,0.0,0.0,0.0
0.0,0.0,0.0,0.0,0.004477941004757827,0.0,0.0027423560275454395,0.0,0.0073665602433877755,0.0006310219234909976,0.0037752513426912286,0.001034534636365973,0.0019120113085400337,0.0011506197590519871,0.001606179352446771,0.0005834095787052638,0.0008911579357190524,0.0007220318048414965,0.0005867535295673364,0.00016246645195131415,0.000183679048471948,0.0005256831256988071,0.0001935443748789845,5.4992123149861895e-05,0.0,0.0,0.0,0.0,0.0,0.0,0.0,0.0,0.0,0.0,0.0,0.0,0.0,0.0,0.0,0.0,0.0,0.0,0.0,0.0,0.0,0.0,0.0,0.0,0.0,0.0,0.0,0.0,0.0,0.0,0.0,0.0,0.0,0.0,0.0,0.0,0.0,0.0,0.0,0.0,0.0,0.0,0.0,0.0,0.0,0.0,0.0,0.0,0.0,0.0,0.0,0.0,0.0,0.0,0.0,0.0,0.0,0.0,0.0,0.0,0.0,0.0,0.0,0.0,0.0,0.0,0.0,0.0,0.0,0.0,0.0,0.0,0.0,0.0,0.0,0.0
0.0,0.0,0.000761674605224466,0.0,0.004919051466021535,0.0,0.0041568330819180994,1.4028954627936753e-16,0.0076666373534499165,0.0006310219234940244,0.004876364278648557,0.0016740248097267818,0.0019120113085400337,0.0011506197590528781,0.0018001153406583964,0.0006458391175313098,0.0008911579357190524,0.0007848444083763441,0.00084510143040948,0.00033962169849393844,0.0004352953380530946,0.0006156887371729404,0.00019520674286493012,5.8658786028102923e-05,9.054333275587983e-05,0.0001873475684823357,0.0,0.0,0.0,0.0,0.0,0.0,0.0,0.0,0.0,0.0,0.0,0.0,0.0,0.0,0.0,0.0,0.0,0.0,0.0,0.0,0.0,0.0,0.0,0.0,0.0,0.0,0.0,0.0,0.0,0.0,0.0,0.0,0.0,0.0,0.0,0.0,0.0,0.0,0.0,0.0,0.0,0.0,0.0,0.0,0.0,0.0,0.0,0.0,0.0,0.0,0.0,0.0,0.0,0.0,0.0,0.0,0.0,0.0,0.0,0.0,0.0,0.0,0.0,0.0,0.0,0.0,0.0,0.0,0.0,0.0,0.0,0.0,0.0,0.0
0.0,0.0,0.0013926873509176147,0.0,0.005591555134800059,0.0,0.004210484878896546,0.00031077156298073966,0.008400501056441793,0.0008384674912133638,0.0053479493377702175,0.0016740248097267818,0.0019120113085400337,0.0012599391557609897,0.001802719463499044,0.0008191536710664968,0.0009124368674863981,0.0009108901671555153,0.0009431083238658298,0.00033962169849393844,0.0007652350832914909,0.0006182039090519081,0.00019826881530058218,5.865878602828367e-05,9.49533605537177e-05,0.000187347568483114,3.90120167209846e-16,0.0,0.0,0.0,0.0,0.0,0.0,0.0,0.0,0.0,0.0,0.0,0.0,0.0,0.0,0.0,0.0,0.0,0.0,0.0,0.0,0.0,0.0,0.0,0.0,0.0,0.0,0.0,0.0,0.0,0.0,0.0,0.0,0.0,0.0,0.0,0.0,0.0,0.0,0.0,0.0,0.0,0.0,0.0,0.0,0.0,0.0,0.0,0.0,0.0,0.0,0.0,0.0,0.0,0.0,0.0,0.0,0.0,0.0,0.0,0.0,0.0,0.0,0.0,0.0,0.0,0.0,0.0,0.0,0.0,0.0,0.0,0.0,0.0
0.0,0.0,0.0013926873509176147,0.0,0.005591555134800059,0.0,0.004210484878896546,0.0009586985219672693,0.008496318092417326,0.0008590354584115125,0.005445849158881391,0.0018168107746603034,0.0019120113085400337,0.0018339928530202844,0.0019531369128715096,0.0008819355585645277,0.0009984759504049125,0.000992867075869873,0.0009929684097162975,0.0004934046896125188,0.0007947760105709407,0.0006956350647282101,0.0003887911217372864,6.857798509529321e-05,0.000212935127156558,0.000247869982409241,4.380621403764087e-05,6.658485611327056e-05,0.0,0.0,0.0,0.0,0.0,0.0,0.0,0.0,0.0,0.0,0.0,0.0,0.0,0.0,0.0,0.0,0.0,0.0,0.0,0.0,0.0,0.0,0.0,0.0,0.0,0.0,0.0,0.0,0.0,0.0,0.0,0.0,0.0,0.0,0.0,0.0,0.0,0.0,0.0,0.0,0.0,0.0,0.0,0.0,0.0,0.0,0.0,0.0,0.0,0.0,0.0,0.0,0.0,0.0,0.0,0.0,0.0,0.0,0.0,0.0,0.0,0.0,0.0,0.0,0.0,0.0,0.0,0.0,0.0,0.0,0.0,0.0
0.0,0.0,0.0013926873509176147,0.0,0.005998093670697482,0.0,0.0043185031261275195,0.0009586985219696483,0.008968692549963457,0.0014707845712409596,0.005536191672473079,0.0018168107746603034,0.0019120113085400337,0.0018339928530202844,0.0019531369128715096,0.0009037775022078633,0.0010650888806491537,0.000992867075869873,0.001202165985969946,0.0004985801626920485,0.0010262861048775114,0.000710621372839894,0.0004782104396478814,6.857798509529321e-05,0.0006091784416618161,0.0002506357982212641,4.380621403881123e-05,0.0001049528748354686,0.000117958412853063,0.0,0.0,0.0,0.0,0.0,0.0,0.0,0.0,0.0,0.0,0.0,0.0,0.0,0.0,0.0,0.0,0.0,0.0,0.0,0.0,0.0,0.0,0.0,0.0,0.0,0.0,0.0,0.0,0.0,0.0,0.0,0.0,0.0,0.0,0.0,0.0,0.0,0.0,0.0,0.0,0.0,0.0,0.0,0.0,0.0,0.0,0.0,0.0,0.0,0.0,0.0,0.0,0.0,0.0,0.0,0.0,0.0,0.0,0.0,0.0,0.0,0.0,0.0,0.0,0.0,0.0,0.0,0.0,0.0,0.0,0.0
0.0,0.0,0.0018180202665197378,1.5760747071735559e-15,0.005998093670697482,0.00018371461995913277,0.0043185031261275195,0.0013717705245383613,0.010041115677338995,0.0017053360184611037,0.005789456467719317,0.0018260665644121343,0.002318283595856256,0.002482053088905423,0.00227774589252818,0.0009037775022078633,0.0013492970321284784,0.0012154378903940723,0.001202165985969946,0.0005414307569235439,0.0012576231700031286,0.000710621372839894,0.00048312348398265497,8.825304991759713e-05,0.0006693757850931755,0.0002506357982212641,9.292816735991807e-05,0.00010719817586721105,0.00016175479227160657,7.551228145354517e-05,0.0,0.0,0.0,0.0,0.0,0.0,0.0,0.0,0.0,0.0,0.0,0.0,0.0,0.0,0.0,0.0,0.0,0.0,0.0,0.0,0.0,0.0,0.0,0.0,0.0,0.0,0.0,0.0,0.0,0.0,0.0,0.0,0.0,0.0,0.0,0.0,0.0,0.0,0.0,0.0,0.0,0.0,0.0,0.0,0.0,0.0,0.0,0.0,0.0,0.0,0.0,0.0,0.0,0.0,0.0,0.0,0.0,0.0,0.0,0.0,0.0,0.0,0.0,0.0,0.0,0.0,0.0,0.0,0.0,0.0
0.0,0.0,0.0018180202665197378,0.0007561944046257976,0.007477504031238466,0.00020254839439421045,0.0043185031261275195,0.0014514259719899843,0.010041115677338995,0.0017053360184611037,0.006442933426777236,0.0018260665644131097,0.00284123069729505,0.002482053088905423,0.002293709236526781,0.0010439909500861188,0.0014549595862328982,0.0013493029861352931,0.0012731161936437754,0.0007239202109769515,0.0012576231700031286,0.0008483963438423622,0.0005461514415734031,0.00022372628847123103,0.0006693757850931755,0.0002574863214622088,9.292816735991807e-05,0.00019636338628369114,0.00026173458532722854,8.40972719555128e-05,0.0,0.0,0.0,0.0,0.0,0.0,0.0,0.0,0.0,0.0,0.0,0.0,0.0,0.0,0.0,0.0,0.0,0.0,0.0,0.0,0.0,0.0,0.0,0.0,0.0,0.0,0.0,0.0,0.0,0.0,0.0,0.0,0.0,0.0,0.0,0.0,0.0,0.0,0.0,0.0,0.0,0.0,0.0,0.0,0.0,0.0,0.0,0.0,0.0,0.0,0.0,0.0,0.0,0.0,0.0,0.0,0.0,0.0,0.0,0.0,0.0,0.0,0.0,0.0,0.0,0.0,0.0,0.0,0.0,0.0
0.0,0.0,0.004769445492958296,0.0007561944046257976,0.008031518002640866,0.00020254839439421045,0.0056692609560295365,0.001540605768314927,0.011172830920114748,0.0017258899265634425,0.0066133260737873,0.0024109961959226257,0.0033247137055084533,0.0026126187366115688,0.002293709236527005,0.0010578745368895483,0.0015986533502888403,0.0013493029861352931,0.0017556896915444777,0.0009630114417570657,0.0012837552001249675,0.001165621478625436,0.0005755741762718721,0.00022372628847195403,0.0007420129839427929,0.0002982067843258136,0.00013298695998733618,0.00036049325837053794,0.00026173458532743746,8.40972719555128e-05,3.3279718895084966e-05,2.916741527044091e-05,0.0,0.0,0.0,0.0,0.0,0.0,0.0,0.0,0.0,0.0,0.0,0.0,0.0,0.0,0.0,0.0,0.0,0.0,0.0,0.0,0.0,0.0,0.0,0.0,0.0,0.0,0.0,0.0,0.0,0.0,0.0,0.0,0.0,0.0,0.0,0.0,0.0,0.0,0.0,0.0,0.0,0.0,0.0,0.0,0.0,0.0,0.0,0.0,0.0,0.0,0.0,0.0,0.0,0.0,0.0,0.0,0.0,0.0,0.0,0.0,0.0,0.0,0.0,0.0,0.0,0.0,0.0,0.0
0.0,0.0,0.00486483074502437,0.001182105253005884,0.008031518002640866,0.0007611808903133642,0.005669260956042789,0.001540605768314927,0.012980604780789183,0.0017258899265634425,0.006853207665559363,0.002523282500894456,0.0033247137055084533,0.0027740981231891494,0.0026640676737923427,0.0010578745368895483,0.0016703743128035093,0.0015788752688085394,0.00180296880174881,0.0009630114417572186,0.0012837552001249675,0.0012912526656188733,0.0005759986477945359,0.0002523881331877708,0.0007456165783597283,0.00030049463305457035,0.00013298695998733618,0.0004390788550167104,0.0003319490467313667,0.00022169946689901,3.3279718895084966e-05,4.722446652970798e-05,0.0001870728900590116,0.0,0.0,0.0,0.0,0.0,0.0,0.0,0.0,0.0,0.0,0.0,0.0,0.0,0.0,0.0,0.0,0.0,0.0,0.0,0.0,0.0,0.0,0.0,0.0,0.0,0.0,0.0,0.0,0.0,0.0,0.0,0.0,0.0,0.0,0.0,0.0,0.0,0.0,0.0,0.0,0.0,0.0,0.0,0.0,0.0,0.0,0.0,0.0,0.0,0.0,0.0,0.0,0.0,0.0,0.0,0.0,0.0,0.0,0.0,0.0,0.0,0.0,0.0,0.0,0.0,0.0,0.0
0.0,2.6690009112328027e-15,0.005175843375286089,0.001182105253011747,0.00873813792866163,0.0007611808903151627,0.005682375519767138,0.0020171883023528403,0.012980604780789183,0.002076791285172755,0.006853207665565446,0.002523282500894456,0.0033680236645381866,0.002774098123192602,0.002719935814249295,0.001075943158199475,0.00270199957659623,0.0015788752688107666,0.002066611739933772,0.001413962122183101,0.001418667445004562,0.0012947487848792003,0.0005759986477945359,0.0002757705725630672,0.0009274078779495749,0.00031399950724101663,0.00015047145617087752,0.00043907885501712744,0.0003319490467317846,0.0002648719192763466,0.0001387885170485363,6.4721232089586e-05,0.00028664390434240364,4.025279059121585e-05,0.0,0.0,0.0,0.0,0.0,0.0,0.0,0.0,0.0,0.0,0.0,0.0,0.0,0.0,0.0,0.0,0.0,0.0,0.0,0.0,0.0,0.0,0.0,0.0,0.0,0.0,0.0,0.0,0.0,0.0,0.0,0.0,0.0,0.0,0.0,0.0,0.0,0.0,0.0,0.0,0.0,0.0,0.0,0.0,0.0,0.0,0.0,0.0,0.0,0.0,0.0,0.0,0.0,0.0,0.0,0.0,0.0,0.0,0.0,0.0,0.0,0.0,0.0,0.0,0.0,0.0
0.0,2.1361647479920798e-05,0.005175843375296715,0.0021861636139458938,0.00873813792866163,0.0008167627008697795,0.0060129481732978185,0.0020171883023528403,0.012980604780789183,0.0025680015870122126,0.006879065636999947,0.002801203553323137,0.0035479321720907468,0.0027903431703730796,0.0029248961992614083,0.0010759431582002266,0.00270199957659623,0.001767174345962125,0.002066611739933772,0.0014844362713114312,0.0016643863739846385,0.0012947487848792003,0.0005800915910913535,0.00034817550878032006,0.0009274078779502993,0.0006148464010453885,0.00015047145617185282,0.00044171066825209954,0.0003344491500143088,0.0002648719192767912,0.00013878851704898171,0.00016499346945623506,0.0003981847465966421,4.378411300935837e-05,0.0,0.0,0.0,0.0,0.0,0.0,0.0,0.0,0.0,0.0,0.0,0.0,0.0,0.0,0.0,0.0,0.0,0.0,0.0,0.0,0.0,0.0,0.0,0.0,0.0,0.0,0.0,0.0,0.0,0.0,0.0,0.0,0.0,0.0,0.0,0.0,0.0,0.0,0.0,0.0,0.0,0.0,0.0,0.0,0.0,0.0,0.0,0.0,0.0,0.0,0.0,0.0,0.0,0.0,0.0,0.0,0.0,0.0,0.0,0.0,0.0,0.0,0.0,0.0,0.0,0.0
0.0,7.409834433665517e-05,0.00663033213738529,0.0022704854984658463,0.009605111368054581,0.0008592923758581944,0.0066392560244812075,0.0022683271979442267,0.012980604780789183,0.0025680015870122126,0.0071343564565941415,0.002801203553323137,0.004091769821644903,0.0027903431703730796,0.0029248961992614083,0.0012973882150069803,0.003037750203665399,0.0017899346985815533,0.0021483589103820657,0.0014844362713114312,0.0018281998977652258,0.0015303203395141984,0.0005800915910916882,0.000444163483819785,0.0009298229751799343,0.0008137487912025683,0.00028576944623577653,0.00044171066825209954,0.00033770697223358293,0.0003297588927871473,0.0003515836483709401,0.00016635600523876902,0.000760187855827182,0.00018801300400707885,4.3514691480424003e-05,5.383285896976391e-05,0.0,0.0,0.0,0.0,0.0,0.0,0.0,0.0,0.0,0.0,0.0,0.0,0.0,0.0,0.0,0.0,0.0,0.0,0.0,0.0,0.0,0.0,0.0,0.0,0.0,0.0,0.0,0.0,0.0,0.0,0.0,0.0,0.0,0.0,0.0,0.0,0.0,0.0,0.0,0.0,0.0,0.0,0.0,0.0,0.0,0.0,0.0,0.0,0.0,0.0,0.0,0.0,0.0,0.0,0.0,0.0,0.0,0.0,0.0,0.0,0.0,0.0,0.0,0.0
0.0,0.00022378574709361497,0.00799579295174724,0.0023417250753427045,0.010404014083861613,0.0016342548922705891,0.0068713760727689786,0.0023130063801797126,0.012980604780789183,0.003259745936446947,0.007223566293811925,0.002956821578270442,0.005010313877963577,0.0030796886123551754,0.0033389743101331364,0.0013389863656805517,0.0030485016062356545,0.0021594290569392615,0.0022781497209892554,0.001503934733327371,0.0019195770353534916,0.001595496699325183,0.0008239550039992664,0.00047361357678008914,0.0009298229751799343,0.0008832186703996049,0.00042818930528688994,0.0005216918042805626,0.00033770697223358293,0.0003648150864434453,0.00040579603159638034,0.0002292948965465802,0.000763063353930001,0.00022079389442552092,4.3514691480799795e-05,5.383285896976391e-05,7.690376695831122e-05,0.0,0.0,0.0,0.0,0.0,0.0,0.0,0.0,0.0,0.0,0.0,0.0,0.0,0.0,0.0,0.0,0.0,0.0,0.0,0.0,0.0,0.0,0.0,0.0,0.0,0.0,0.0,0.0,0.0,0.0,0.0,0.0,0.0,0.0,0.0,0.0,0.0,0.0,0.0,0.0,0.0,0.0,0.0,0.0,0.0,0.0,0.0,0.0,0.0,0.0,0.0,0.0,0.0,0.0,0.0,0.0,0.0,0.0,0.0,0.0,0.0,0.0,0.0
0.0,0.000304706331565447,0.00799579295174724,0.002341725075348575,0.010404014083861613,0.0018381340091413307,0.006883574049586218,0.002376431437930133,0.012980604780789183,0.003480881015406308,0.007223566293811925,0.002956821578270442,0.005010313877964166,0.003261225474992154,0.003371912601592957,0.0013389863656805517,0.0032507358317084593,0.002164749733933483,0.0024947587990176885,0.001503934733328136,0.0019243611331555967,0.001595496699325183,0.0008239550039997684,0.0006964777984463143,0.001350971453010338,0.0009822103124364333,0.00042818930528688994,0.0005216918042805626,0.0003790807854073687,0.0005834074319694454,0.0004529019937863782,0.00025182692234640517,0.0008579570414236024,0.00022079389442627165,0.0001261566871411164,5.471596429160343e-05,7.690376695831122e-05,0.0001468943324352649,0.0,0.0,0.0,0.0,0.0,0.0,0.0,0.0,0.0,0.0,0.0,0.0,0.0,0.0,0.0,0.0,0.0,0.0,0.0,0.0,0.0,0.0,0.0,0.0,0.0,0.0,0.0,0.0,0.0,0.0,0.0,0.0,0.0,0.0,0.0,0.0,0.0,0.0,0.0,0.0,0.0,0.0,0.0,0.0,0.0,0.0,0.0,0.0,0.0,0.0,0.0,0.0,0.0,0.0,0.0,0.0,0.0,0.0,0.0,0.0,0.0,0.0
0.0,0.0004296829531252467,0.009048740747963784,0.0026358673558570175,0.010828539421389761,0.0018381340091413307,0.006883574049586218,0.002376431437930133,0.012980604780789183,0.003480881015406308,0.0077064888586080346,0.0029777950542635777,0.005371255008955435,0.003343842100310617,0.003371912601592957,0.001353926678981674,0.00325812824165386,0.002185248419334631,0.0024947587990176885,0.0015158091144985744,0.002132169498518106,0.0016004241568593812,0.0008698210293705271,0.0007739004385982524,0.0013903672853182367,0.0010347076958155794,0.00062924136180621,0.0005244610403587435,0.00047543780202833957,0.0006912223625580517,0.00049771566844498,0.00025182692234664147,0.0008983716455687828,0.00022605545654020477,0.00012947997742664998,6.625875415986756e-05,0.0001233212556953544,0.0001468943324354039,0.0,0.0,0.0,0.0,0.0,0.0,0.0,0.0,0.0,0.0,0.0,0.0,0.0,0.0,0.0,0.0,0.0,0.0,0.0,0.0,0.0,0.0,0.0,0.0,0.0,0.0,0.0,0.0,0.0,0.0,0.0,0.0,0.0,0.0,0.0,0.0,0.0,0.0,0.0,0.0,0.0,0.0,0.0,0.0,0.0,0.0,0.0,0.0,0.0,0.0,0.0,0.0,0.0,0.0,0.0,0.0,0.0,0.0,0.0,0.0,0.0,0.0
0.0,0.0009791526253881814,0.011798786765395771,0.0026695777056144525,0.010828539421389761,0.0018467553375280672,0.006883574049586218,0.0023898914788947553,0.012980604780789183,0.0035239109067011754,0.0077064888586080346,0.002977795054263968,0.005605103440494176,0.0034097987633759214,0.0035575841025773302,0.0013539266789819244,0.0033193756933367776,0.0021852484193357444,0.002544563163324387,0.0015633016434791495,0.0021321694985199455,0.0016424991508803965,0.0012051778497095987,0.0010093650846029695,0.0014064871222847072,0.0010569751651091823,0.0008297121169412276,0.0005378955978490925,0.00047543780202833957,0.000691222362558941,0.0006249233502717063,0.0002669305795645814,0.0009199269238751135,0.00022605545654058015,0.0002663509698996695,8.146208735680082e-05,0.0001233212556960155,0.0003169426177477046,0.00028755568504226537,2.516114631980247e-05,0.0,0.0,0.0,0.0,0.0,0.0,0.0,0.0,0.0,0.0,0.0,0.0,0.0,0.0,0.0,0.0,0.0,0.0,0.0,0.0,0.0,0.0,0.0,0.0,0.0,0.0,0.0,0.0,0.0,0.0,0.0,0.0,0.0,0.0,0.0,0.0,0.0,0.0,0.0,0.0,0.0,0.0,0.0,0.0,0.0,0.0,0.0,0.0,0.0,0.0,0.0,0.0,0.0,0.0,0.0,0.0,0.0,0.0,0.0,0.0
0.0,0.0016149140943451435,0.013716261404729091,0.0029597392858257657,0.010840127350937964,0.0020660569918210256,0.006883574049586218,0.002599841907022395,0.012980604780789183,0.003523910906701512,0.007857382527497228,0.0034783853402310977,0.005821272578953256,0.003409798763376812,0.0037339917462002764,0.0017934327561251661,0.0033193756933367776,0.0023472361239015894,0.0025471000565675988,0.001569513207653473,0.002240248667894446,0.0017190459286470629,0.0012051778497106029,0.0010093650846044154,0.0014064871222861557,0.0013166585056835762,0.0008297121169412276,0.0005428235198894948,0.000712600280790441,0.0009456299427819679,0.0006249233502725972,0.00028061417118063346,0.0009377521326476666,0.0002399145710643065,0.0002853020160205517,9.335904598054493e-05,0.00012999147643928167,0.0004030981208413402,0.00028755568504226537,0.00029306145043572036,9.148477501785155e-05,0.0,0.0,0.0,0.0,0.0,0.0,0.0,0.0,0.0,0.0,0.0,0.0,0.0,0.0,0.0,0.0,0.0,0.0,0.0,0.0,0.0,0.0,0.0,0.0,0.0,0.0,0.0,0.0,0.0,0.0,0.0,0.0,0.0,0.0,0.0,0.0,0.0,0.0,0.0,0.0,0.0,0.0,0.0,0.0,0.0,0.0,0.0,0.0,0.0,0.0,0.0,0.0,0.0,0.0,0.0,0.0,0.0,0.0,0.0
0.0,0.0016936004426335808,0.015025141952714911,0.002996247387481854,0.010970279079018638,0.002079760064566356,0.006883574049586218,0.0026321109896114605,0.012980604780789183,0.0035249950947434886,0.00788551851771797,0.0034783853402310977,0.005925341603359477,0.003432098897277277,0.0037339917462002764,0.0019653125048103696,0.003491531654356023,0.002347236123902842,0.0025502648457584242,0.0017314332992751107,0.002240248667894446,0.0017190459286470629,0.0012435904693580886,0.0011798153529944007,0.0019515038886275989,0.001339891602409599,0.0009290117976764865,0.000805898583077728,0.0007496274378824559,0.001017000892495974,0.0006439490339445786,0.0003171213624251239,0.0009377521326476666,0.0002399145710643065,0.0002853020160205517,0.00011117424024544161,0.0001536393247177135,0.00045029125616201496,0.0003235107689152275,0.0003873157528818812,0.0003730216359577639,1.1612956119147746e-05,0.0,0.0,0.0,0.0,0.0,0.0,0.0,0.0,0.0,0.0,0.0,0.0,0.0,0.0,0.0,0.0,0.0,0.0,0.0,0.0,0.0,0.0,0.0,0.0,0.0,0.0,0.0,0.0,0.0,0.0,0.0,0.0,0.0,0.0,0.0,0.0,0.0,0.0,0.0,0.0,0.0,0.0,0.0,0.0,0.0,0.0,0.0,0.0,0.0,0.0,0.0,0.0,0.0,0.0,0.0,0.0,0.0,0.0
0.0,0.005377467943538426,0.015025141952714911,0.003019183571485668,0.010970279079018638,0.00367772551886588,0.006883574049586218,0.0026321109896114605,0.013789848288992414,0.00352499509474971,0.00788551851771797,0.0042676818010486004,0.005925341603359477,0.0035888305341084848,0.003738834257212869,0.0019653125048103696,0.003491531654356023,0.0026194501592048105,0.0025502648457584242,0.0017314332992760285,0.002282113478469216,0.001924689588237447,0.001243590469358758,0.0011798153529944007,0.001951503888627961,0.001339891602409599,0.0009346091331264831,0.0008143091108609058,0.0007496274378824559,0.001168590805661552,0.0006586561938540026,0.0003263251858970448,0.0009612266679684933,0.000276239208966027,0.0003594780846690008,0.000225421642450626,0.0001536393247177135,0.0005785201925909954,0.0003294757598433259,0.0004685785808326448,0.0004021183073052272,0.00013169118253177902,3.927505374854977e-05,0.0,0.0,0.0,0.0,0.0,0.0,0.0,0.0,0.0,0.0,0.0,0.0,0.0,0.0,0.0,0.0,0.0,0.0,0.0,0.0,0.0,0.0,0.0,0.0,0.0,0.0,0.0,0.0,0.0,0.0,0.0,0.0,0.0,0.0,0.0,0.0,0.0,0.0,0.0,0.0,0.0,0.0,0.0,0.0,0.0,0.0,0.0,0.0,0.0,0.0,0.0,0.0,0.0,0.0,0.0,0.0,0.0
0.0,0.0056227999322116355,0.015025141952714911,0.0034276169507605255,0.010970279079018638,0.00367772551886588,0.006904630550205155,0.0026616579472402853,0.013789848288992414,0.0036419868796290227,0.008069784783762543,0.004960918743945548,0.006436613496486285,0.0037684473581385608,0.003738834257212869,0.002194650455823975,0.003543612381637806,0.002846445464479302,0.002558649512497033,0.0017663758535772156,0.002299895802932495,0.001924689588237447,0.001354293995957428,0.0012561266951857035,0.0020017060400294292,0.00137990436319229,0.0009346091331270683,0.0009025842616386053,0.0007812099117523754,0.001168590805661552,0.0007021518123697742,0.0006027854574792233,0.0009612266679689665,0.000306037367794159,0.0004742838072293072,0.00033038231988636956,0.00017989143671389977,0.0007610563127182435,0.0003294757598434651,0.0007768433228463611,0.0004021183073058116,0.0005656042037716568,0.00015516797881554606,0.0002779522123648101,0.0,0.0,0.0,0.0,0.0,0.0,0.0,0.0,0.0,0.0,0.0,0.0,0.0,0.0,0.0,0.0,0.0,0.0,0.0,0.0,0.0,0.0,0.0,0.0,0.0,0.0,0.0,0.0,0.0,0.0,0.0,0.0,0.0,0.0,0.0,0.0,0.0,0.0,0.0,0.0,0.0,0.0,0.0,0.0,0.0,0.0,0.0,0.0,0.0,0.0,0.0,0.0,0.0,0.0,0.0,0.0
0.0,0.008319019831631046,0.015160696833197594,0.0034276169507605255,0.010970279079018638,0.004173334394503496,0.0077699246476319725,0.003072312730595746,0.014088568830441184,0.0036553651169313863,0.008425465314799286,0.004964154162203298,0.006548768824538777,0.003926504149778121,0.00504370382252541,0.0024101710099905184,0.003587554332737978,0.002984740950936349,0.002558649512499268,0.0017663758535772156,0.002299895802932495,0.0020546240570981475,0.0016310879135998935,0.0012561266951857035,0.0020017060400294292,0.0013799043631928737,0.0010324469844008586,0.0009794797035168408,0.0007812099117525844,0.0012159314774276106,0.0008198011643628867,0.0006240372510740717,0.001062855424058266,0.0004171558484932312,0.0009205192191661723,0.00036466922842136855,0.0002042595896772356,0.0007793681697658239,0.001459812547880013,0.0009915865417636988,0.00046640761454817765,0.0006261996194133517,0.04233340727495065,0.04055984134661574,0.03823501669210709,0.0,0.0,0.0,0.0,0.0,0.0,0.0,0.0,0.0,0.0,0.0,0.0,0.0,0.0,0.0,0.0,0.0,0.0,0.0,0.0,0.0,0.0,0.0,0.0,0.0,0.0,0.0,0.0,0.0,0.0,0.0,0.0,0.0,0.0,0.0,0.0,0.0,0.0,0.0,0.0,0.0,0.0,0.0,0.0,0.0,0.0,0.0,0.0,0.0,0.0,0.0,0.0,0.0,0.0,0.0
0.0,0.008671254106989212,0.015160696833197594,0.003603156514530688,0.010970279079018638,0.004377635409536423,0.008243945821244427,0.003364019296677783,0.014088568830441184,0.0036553651169313863,0.008425465314799286,0.005035550113070574,0.007136399523999584,0.003926504149778121,0.005043703822525857,0.0024101710099905184,0.003587554332737978,0.0030548167746998153,0.002563585752832167,0.0018039565293009928,0.0024974328888831268,0.002126335721411987,0.0016310879135998935,0.001263877324451284,0.0021396721335833493,0.00162429677095275,0.0010324469844008586,0.0010672220361401061,0.0009310846250491436,0.0012461892287921159,0.000984980693223974,0.0006654049890963362,0.0010941436900030392,0.0004171558484933563,0.0009205192191664228,0.00039987060336799655,0.0002042595896777645,0.0009405494787904217,0.001459812547880013,0.000998251892914361,0.00046640761454817765,0.0007506083367178643,0.042554435060605335,0.04063649988276348,0.038814746621515114,0.0006322729435347806,0.0,0.0,0.0,0.0,0.0,0.0,0.0,0.0,0.0,0.0,0.0,0.0,0.0,0.0,0.0,0.0,0.0,0.0,0.0,0.0,0.0,0.0,0.0,0.0,0.0,0.0,0.0,0.0,0.0,0.0,0.0,0.0,0.0,0.0,0.0,0.0,0.0,0.0,0.0,0.0,0.0,0.0,0.0,0.0,0.0,0.0,0.0,0.0,0.0,0.0,0.0,0.0,0.0,0.0
0.0,0.009301352124789608,0.015763845381865055,0.003603156514530688,0.011550798678915678,0.004377635409536423,0.008243945821244427,0.003541773656436853,0.014130738473889034,0.004109741184920908,0.008657003668661558,0.005035550113070574,0.007136399524000567,0.004139356944966001,0.005050608996748225,0.0025895786016680807,0.0036731491672817923,0.0030548167746998153,0.0025654241067827647,0.0018693981057741175,0.0024974328888831268,0.0021429447032877036,0.001889891212868908,0.001263877324451284,0.0021396721335838922,0.0017137480357327032,0.0010807101086424827,0.0010940464288648893,0.0009788005092907308,0.001445857340648662,0.0010308597088929089,0.000809501104082585,0.0012837837098354735,0.0006148556984764422,0.0011203043981723232,0.0003998706033681286,0.00024020345359454135,0.000962318820693563,0.0016618169466211458,0.001049310724194314,0.0434287686494351,0.04273623025334395,0.08146175576450425,0.07877821149148484,0.07573199538691522,0.036302272335505786,0.035578643097693465,0.0,0.0,0.0,0.0,0.0,0.0,0.0,0.0,0.0,0.0,0.0,0.0,0.0,0.0,0.0,0.0,0.0,0.0,0.0,0.0,0.0,0.0,0.0,0.0,0.0,0.0,0.0,0.0,0.0,0.0,0.0,0.0,0.0,0.0,0.0,0.0,0.0,0.0,0.0,0.0,0.0,0.0,0.0,0.0,0.0,0.0,0.0,0.0,0.0,0.0,0.0,0.0,0.0
0.002164330262876188,0.009866529475632038,0.015763845381865055,0.004541694935942475,0.012831697472645629,0.0044511849501487274,0.008371653973722335,0.003541773656436853,0.014183940325823437,0.004385141997435179,0.008657003668662403,0.0050381495254815,0.007846012854810425,0.004139356944966001,0.005235829773925458,0.0025895786016680807,0.0039551411680665794,0.0033634629716329666,0.0025654241067827647,0.0020047801950704076,0.0025934939391630196,0.0022526440349276864,0.002052599140931367,0.0013094843879017262,0.002328371032183719,0.0019012725050953966,0.0010807101086424827,0.0013795130954686794,0.0009788005092915665,0.0015143645738399342,0.0010308597088929089,0.0009240485248131208,0.0012837837098354735,0.0007278364406142696,0.0013642593703378511,0.0006255210272891088,0.0009534488793764678,0.000962318820693563,0.001661816946621285,0.001391803322127088,0.04406654915299545,0.04304812501476079,0.08250670215795872,0.07921546417905828,0.07587255726275623,0.03727786105034386,0.03589680693837462,0.0003190630726432127,0.0,0.0,0.0,0.0,0.0,0.0,0.0,0.0,0.0,0.0,0.0,0.0,0.0,0.0,0.0,0.0,0.0,0.0,0.0,0.0,0.0,0.0,0.0,0.0,0.0,0.0,0.0,0.0,0.0,0.0,0.0,0.0,0.0,0.0,0.0,0.0,0.0,0.0,0.0,0.0,0.0,0.0,0.0,0.0,0.0,0.0,0.0,0.0,0.0,0.0,0.0,0.0
0.002164330262876188,0.009866529475632038,0.019509464893311207,0.004541694935942475,0.013318890414128181,0.004569966944211997,0.009489104754685632,0.0038160087901579843,0.015245744695796632,0.004385141997435179,0.009188402495744617,0.006406758795036857,0.007846012854810425,0.005424684270810795,0.005576132599769783,0.002697596389555638,0.004157752776890785,0.0033634629716351935,0.0028336860997764716,0.0020123120237298424,0.0026338280919255617,0.0022768529879139197,0.0022720570986248757,0.0013094843879017262,0.002328371032183719,0.002034489679710882,0.0012660754490012953,0.001512379868044204,0.00104613475088233,0.0015471887820451456,0.0011822823112558616,0.0009240485248133571,0.0014624741476788048,0.000811888872947567,0.001364259370338227,0.0007591471921363644,0.0009534488793768645,0.0011311105445489262,0.047071792360750736,0.044902356670709284,0.08604875276944084,0.08267079391062956,0.11891074932485125,0.11407463141843714,0.10953532074523559,0.07143691174884266,0.06875012289907743,0.03364224159158567,0.0321206033425427,0.0,0.0,0.0,0.0,0.0,0.0,0.0,0.0,0.0,0.0,0.0,0.0,0.0,0.0,0.0,0.0,0.0,0.0,0.0,0.0,0.0,0.0,0.0,0.0,0.0,0.0,0.0,0.0,0.0,0.0,0.0,0.0,0.0,0.0,0.0,0.0,0.0,0.0,0.0,0.0,0.0,0.0,0.0,0.0,0.0,0.0,0.0,0.0,0.0,0.0,0.0
0.002635854193371032,0.009866529475632038,0.019509464893311207,0.004541694935942475,0.013318890414148419,0.004569966944211997,0.00966813383166654,0.004130673063667884,0.01565311914397563,0.005488441868173736,0.009188402495744617,0.006812651521278639,0.008604009772547225,0.0056950997439678,0.005576132599769783,0.0027552911751640794,0.004563220318421032,0.003412071037842208,0.0028336860997764716,0.0023807519561443377,0.0034619443261942706,0.0023656070294989268,0.002272057098625545,0.0016018542162352333,0.0028542589129612137,0.002034489679710882,0.0012660754490012953,0.0015123798680446209,0.00104613475088233,0.0015532445565486172,0.002002056738017843,0.0012622223076181403,0.0014624741476790414,0.0008348696917404064,0.0017652735801111199,0.0009170417123906417,0.0016199824271588537,0.0025968830105207665,0.04747163810993321,0.04573308772515349,0.08651947081842008,0.08306983957334937,0.11900829307190953,0.11418130293351306,0.1104791793147535,0.07149366444584626,0.06941235292948564,0.0342077882372388,0.032416572088127704,8.92345652854967e-07,0.0,0.0,0.0,0.0,0.0,0.0,0.0,0.0,0.0,0.0,0.0,0.0,0.0,0.0,0.0,0.0,0.0,0.0,0.0,0.0,0.0,0.0,0.0,0.0,0.0,0.0,0.0,0.0,0.0,0.0,0.0,0.0,0.0,0.0,0.0,0.0,0.0,0.0,0.0,0.0,0.0,0.0,0.0,0.0,0.0,0.0,0.0,0.0,0.0,0.0
0.0026358541933713714,0.010429734657330351,0.020037933591906146,0.004541694935942475,0.013818336027650324,0.004570663325141943,0.012125117366044698,0.005104518615407901,0.017737826420852223,0.005488441868173736,0.009210983238081005,0.007051101233710508,0.008604009772547225,0.005695099743968246,0.0061089833417107,0.0030716325450304196,0.004563220318421032,0.0035934139554884966,0.002901777613739273,0.002485461233073019,0.0034619443261942706,0.0023656070294989268,0.0023115019949793026,0.0016018542162354141,0.002854258912961938,0.0022708476075310085,0.0013491591648567259,0.001536800027745152,0.0011031191430107702,0.0015772848477801182,0.002167597614584013,0.0013848153337605333,0.0017799355580607067,0.0010389438999886243,0.0018777494171755933,0.001610902183102081,0.04816076298578735,0.04713451431542109,0.08951733084673649,0.08619401109950277,0.12324374089418803,0.11955179824097918,0.15206788900652723,0.14699591760566352,0.1418364873392449,0.10279186963478101,0.10025737310395558,0.06437310126213258,0.06217102344905705,0.02994658777642592,0.028738872391252404,0.0,0.0,0.0,0.0,0.0,0.0,0.0,0.0,0.0,0.0,0.0,0.0,0.0,0.0,0.0,0.0,0.0,0.0,0.0,0.0,0.0,0.0,0.0,0.0,0.0,0.0,0.0,0.0,0.0,0.0,0.0,0.0,0.0,0.0,0.0,0.0,0.0,0.0,0.0,0.0,0.0,0.0,0.0,0.0,0.0,0.0,0.0,0.0,0.0
0.010119812601973525,0.012280037667179534,0.020037933591906146,0.004897303783168165,0.013818336027650324,0.0047555481044650166,0.012125117366044698,0.005104518615407901,0.018839068068497025,0.005648634399758542,0.00922089897097855,0.007272350340633503,0.009646082083472158,0.005932638441580321,0.0061089833417107,0.003160311476861064,0.0046193429038311066,0.0036532000327204072,0.0029696745075070575,0.0028147242525210525,0.004039584852407853,0.0024865913511538822,0.00231150199497947,0.0017697420232982983,0.0028717952574281542,0.0023801464690276705,0.0019819239369751294,0.0016970935109177738,0.0016788668621775052,0.0015966564016544295,0.002326168383413143,0.0018464107236058412,0.0017799355580615348,0.0010732198475474455,0.0023571552213624367,0.0020809400728154636,0.04940119394172047,0.047797559217470885,0.08988669767409224,0.08720467429784985,0.12370096398250044,0.12009543646926729,0.15330782157949316,0.14732561703286545,0.14263330558080337,0.10312187188817451,0.10075020046323868,0.06538609056759057,0.06219929831612123,0.030137066813716938,0.0295018231668925,0.0004953269042775488,0.0,0.0,0.0,0.0,0.0,0.0,0.0,0.0,0.0,0.0,0.0,0.0,0.0,0.0,0.0,0.0,0.0,0.0,0.0,0.0,0.0,0.0,0.0,0.0,0.0,0.0,0.0,0.0,0.0,0.0,0.0,0.0,0.0,0.0,0.0,0.0,0.0,0.0,0.0,0.0,0.0,0.0,0.0,0.0,0.0,0.0,0.0,0.0
0.012467582811495605,0.012408621475271404,0.022407516284534964,0.0051235651357696985,0.013947942667299644,0.004788873429487998,0.01225532629352414,0.005440493167329849,0.018839068068497025,0.006195939195833196,0.009235807213123127,0.007519044888914419,0.010046766709884988,0.006557850576676256,0.006119918558119932,0.0038303825116621747,0.0046193429038337485,0.0036532000327205464,0.0035672074776238703,0.0028442045896242656,0.00417555825739675,0.0024882499065121953,0.0028017692005011816,0.0019218803475528534,0.0028717952574292406,0.0023801464690282543,0.0020005635698551105,0.0016985393718623404,0.0019186013609815108,0.0017407658291464627,0.002326168383413588,0.0019412015297679598,0.0017808572508342477,0.0014922373604592115,0.05075799257773572,0.049235325904606164,0.09381131660227189,0.09056746796566816,0.12893763897928925,0.12389335381117911,0.15844308988892936,0.15277342224427332,0.18351196324684835,0.17750491213880665,0.17106719116382849,0.1326471541313826,0.12880330833505668,0.09361765068634845,0.09060126450909062,0.058418419272160176,0.05636031822075245,0.027700203340527033,0.026290255057380262,0.0,0.0,0.0,0.0,0.0,0.0,0.0,0.0,0.0,0.0,0.0,0.0,0.0,0.0,0.0,0.0,0.0,0.0,0.0,0.0,0.0,0.0,0.0,0.0,0.0,0.0,0.0,0.0,0.0,0.0,0.0,0.0,0.0,0.0,0.0,0.0,0.0,0.0,0.0,0.0,0.0,0.0,0.0,0.0,0.0,0.0,0.0
0.01253483358297951,0.012551474534368577,0.02314118610013883,0.005368885822194879,0.014425658491886564,0.005277122531823804,0.01225532629352414,0.007285522872881859,0.020907853415077195,0.006195939195833196,0.010182725057665824,0.007771303546857132,0.01004676670988715,0.00657971040301288,0.006303620091580625,0.0038672261530747097,0.005218312033625076,0.003908251988629335,0.003834877394686415,0.0030752398431360697,0.004253714837723018,0.002491304956114347,0.0029818280578781968,0.0020396465496137356,0.003215536562398367,0.002706117013030393,0.002110556021723254,0.001788931564312206,0.0019186013609815108,0.0020984459234298257,0.0024317412997104508,0.0019815723174226945,0.0017808572508342477,0.003008788238565088,0.05329047389857722,0.05017689239564393,0.09405156045324936,0.09154627091650787,0.12944822627936586,0.1244470566948141,0.15874923536631466,0.15300145820375052,0.1836895833744314,0.17750761876453444,0.17111400495246185,0.1334114883779342,0.12899464702207275,0.09376581789748184,0.09060377484616843,0.058986035864801126,0.056569234648474874,0.02795098553096365,0.02645416065221181,0.0002307223687664152,0.0,0.0,0.0,0.0,0.0,0.0,0.0,0.0,0.0,0.0,0.0,0.0,0.0,0.0,0.0,0.0,0.0,0.0,0.0,0.0,0.0,0.0,0.0,0.0,0.0,0.0,0.0,0.0,0.0,0.0,0.0,0.0,0.0,0.0,0.0,0.0,0.0,0.0,0.0,0.0,0.0,0.0,0.0,0.0,0.0,0.0
0.02155077362291433,0.013449829155607862,0.02553215837220692,0.005368885822194879,0.016710286528390426,0.005277122531823804,0.01225532629352414,0.0077568880186032725,0.020907853415077195,0.006317136368477671,0.010545915838107446,0.008869550971508107,0.010545061666415017,0.006602547087507784,0.006303620091580625,0.00386722615307496,0.005218312033625076,0.004017520732501352,0.003834877394686415,0.003341246787035741,0.004616201618502843,0.0025410396332203947,0.003226424642910481,0.0023062524978887753,0.0040765317492792935,0.0030314127360094277,0.00282244873214001,0.001825361839746134,0.0025300769664546915,0.0021995872174014933,0.0037496879515002165,0.0020031042260435995,0.05351647780025583,0.05234122880365884,0.09814294818007079,0.09424793924978174,0.13485341165709253,0.1299629204239049,0.16481048701699313,0.15908896820672105,0.19066281156150544,0.18450402120492093,0.21288528769341133,0.205702737576764,0.19866319997784285,0.16086118415768794,0.1560066111010659,0.12122409530551362,0.1173991248506771,0.08553867330857333,0.08289197904830976,0.054077460540998525,0.05210125817375953,0.025653146604759515,0.024863426566796794,0.0,0.0,0.0,0.0,0.0,0.0,0.0,0.0,0.0,0.0,0.0,0.0,0.0,0.0,0.0,0.0,0.0,0.0,0.0,0.0,0.0,0.0,0.0,0.0,0.0,0.0,0.0,0.0,0.0,0.0,0.0,0.0,0.0,0.0,0.0,0.0,0.0,0.0,0.0,0.0,0.0,0.0,0.0,0.0,0.0
0.023231393169670368,0.014684691784398183,0.02553215837220692,0.005507614552030952,0.016710286528390426,0.007327895698862115,0.01225532629352414,0.008553524695056172,0.021494467870776305,0.006983277288486424,0.010545915838107446,0.008949630756954027,0.010545061666415017,0.0069499511465721765,0.006458350368796323,0.004113921164762062,0.005478988223735576,0.004097597389613924,0.004015920010137854,0.003341246787035741,0.0048699168772341345,0.002541039633220895,0.003734009047100647,0.0023722458231510567,0.004089964998890845,0.0030314127360096224,0.0029033798833339483,0.001971299640121203,0.002530076966455318,0.0027307361217307007,0.004274807675878525,0.002014632480952107,0.05481171482159823,0.05236706509497414,0.09948029883352076,0.09502059547695095,0.1351699531676196,0.1305168266358362,0.1653973832500923,0.15958568528284553,0.19109336743691574,0.18451252336522803,0.21321402966595207,0.20582330599898138,0.19878928542144894,0.1612514002696528,0.1561934004811837,0.12131188281972072,0.11761680139895593,0.08583168290764566,0.082973891420639,0.05456228728118909,0.05224350716585258,0.025973435806939473,0.02489716798421718,0.00018437989139910162,0.0,0.0,0.0,0.0,0.0,0.0,0.0,0.0,0.0,0.0,0.0,0.0,0.0,0.0,0.0,0.0,0.0,0.0,0.0,0.0,0.0,0.0,0.0,0.0,0.0,0.0,0.0,0.0,0.0,0.0,0.0,0.0,0.0,0.0,0.0,0.0,0.0,0.0,0.0,0.0,0.0,0.0,0.0,0.0
0.03021109983734825,0.014792237327571903,0.0273779973672175,0.005507614552030952,0.017864967110061983,0.007558264264074434,0.01225532629352414,0.008553524695060396,0.021494467870777297,0.007401923621742439,0.010722811979139543,0.009353038377243932,0.010749258474755968,0.0070221506073899174,0.006458350368796323,0.004488546485550443,0.005478988223735576,0.004274981781474875,0.004015920010138972,0.003466816386096378,0.004869916877236127,0.002559654546159772,0.0037627998770980117,0.0023772964578112794,0.0042089730957206905,0.0030786401097356326,0.0029033798833345338,0.0023872888283940903,0.0032275357096841722,0.002750280374425005,0.05711139966222466,0.05532371705622531,0.10339911788900868,0.09864942011467656,0.14077299347883637,0.13540462232497666,0.17190464372871822,0.16590691980236133,0.198196553045442,0.19134857593383087,0.22033605857576993,0.21334607602872585,0.24011444121873074,0.2318728028280623,0.2242881642537483,0.18693734918487492,0.1816173283140146,0.14716518753463198,0.14254080875116165,0.11078732571366429,0.10776060842779009,0.07900345518579521,0.07649487153268177,0.05013056558682976,0.0484945002238607,0.02372672627806354,0.022956650617623732,0.0,0.0,0.0,0.0,0.0,0.0,0.0,0.0,0.0,0.0,0.0,0.0,0.0,0.0,0.0,0.0,0.0,0.0,0.0,0.0,0.0,0.0,0.0,0.0,0.0,0.0,0.0,0.0,0.0,0.0,0.0,0.0,0.0,0.0,0.0,0.0,0.0,0.0,0.0,0.0,0.0,0.0,0.0
0.030451868061434136,0.015063744817254308,0.03133263193174079,0.005788097990066265,0.017864967110061983,0.007658669708304551,0.01225532629352414,0.00884128915151362,0.02170635730393712,0.008349895754333325,0.010722811979139543,0.009872298125730605,0.010749258474755968,0.007215034554095967,0.007061154334871615,0.004488546485550443,0.005573042813177183,0.004372652238690759,0.004145058597131077,0.0036697218490775443,0.005140545062679258,0.002559654546159772,0.005163693531317966,0.0023772964578112794,0.004208973095721233,0.003112082760970034,0.003555556947298668,0.0024318288115422974,0.0032275357096841722,0.0037460348498755815,0.058075268358585556,0.05609366280284834,0.10347637918815643,0.09869582506496456,0.1409408336900184,0.13545215888271872,0.1732001868543815,0.16665818609048538,0.19876466119177472,0.1918510217018558,0.22136869058312145,0.21368308055826196,0.24033680483739986,0.23204768156616867,0.2249219181635053,0.18719380286014312,0.18177378100724487,0.14747095491663204,0.14270589892915303,0.11096626665573703,0.10783909244810475,0.07935540072834389,0.07667488541476715,0.05046214143169035,0.04861455597135549,0.02398572323891275,0.023320427391016574,0.00031908044599688755,0.0,0.0,0.0,0.0,0.0,0.0,0.0,0.0,0.0,0.0,0.0,0.0,0.0,0.0,0.0,0.0,0.0,0.0,0.0,0.0,0.0,0.0,0.0,0.0,0.0,0.0,0.0,0.0,0.0,0.0,0.0,0.0,0.0,0.0,0.0,0.0,0.0,0.0,0.0,0.0,0.0,0.0
0.035704600367807496,0.015063744817254308,0.032489167767828654,0.008657983680708144,0.017882085067687126,0.007658669708304895,0.01225532629352414,0.009633935187599843,0.02170635730393712,0.008349895754333325,0.011278857693545856,0.010395376622432504,0.01082897658326971,0.007690074111022873,0.007061154334871839,0.004944019615006857,0.005573042813178064,0.004422341165765384,0.004145058597131077,0.0036697218490775443,0.0053089736985538274,0.0026813903013809875,0.005163693531319639,0.0024545948119024095,0.0059000716729584795,0.0033057997014660605,0.0035555569472998385,0.0037289457431871073,0.06378803951440616,0.058670207559831974,0.10993705146575655,0.10543568137078432,0.14817954475385056,0.1421844162779523,0.1803331919229794,0.17355108884300413,0.20698936331513285,0.20003307938780324,0.22910087222132927,0.22127521060669056,0.24841967451684338,0.2403339865349005,0.2657066869312205,0.25686398579258096,0.24870622634687756,0.21175846905814258,0.2058461439315379,0.1716636286928947,0.16638179074530354,0.13502586674183656,0.13141024913793514,0.10288042620885161,0.09971030838348993,0.07331515667375021,0.07117853390548863,0.04665914639032428,0.04533277139333657,0.022374440035941783,0.021744539140219375,0.0,0.0,0.0,0.0,0.0,0.0,0.0,0.0,0.0,0.0,0.0,0.0,0.0,0.0,0.0,0.0,0.0,0.0,0.0,0.0,0.0,0.0,0.0,0.0,0.0,0.0,0.0,0.0,0.0,0.0,0.0,0.0,0.0,0.0,0.0,0.0,0.0,0.0,0.0,0.0,0.0
0.03717158738605285,0.01767592624564637,0.032489167767828654,0.008908064708064165,0.017882085067687126,0.008181097928746127,0.012484523701279901,0.009768627820071974,0.022499745650700943,0.008407175279533151,0.011278857693545856,0.010574016576885505,0.010828976583274228,0.008074300218596741,0.007400822272904663,0.005598068289369528,0.005603948550727091,0.004701527263591909,0.005148116020648849,0.0038755088637522418,0.0057043033573658,0.0028677449706859355,0.005580542261442754,0.0025677577279960015,0.0059000716729584795,0.0033057997014660605,0.003559569664926481,0.0037368113297607053,0.06527242896943763,0.05919009820916409,0.11126790925596666,0.1055494169474036,0.14863181995193894,0.14222913825639225,0.1807898849334359,0.17355922959715064,0.20808812410567093,0.2004467777443275,0.22973773727188315,0.2222386206830886,0.2494627321266733,0.241230802092183,0.26596996715768123,0.25708600734044423,0.2492898418480907,0.2119950735370801,0.20605870043056002,0.17196660293421737,0.1663992419660106,0.13511758262399037,0.13150605072019433,0.10290836009886975,0.100028295189853,0.07388475139024368,0.07128802444468178,0.04689071554396872,0.04554756555897966,0.022580295106106207,0.021835615789477857,5.9878626752360756e-05,0.0,0.0,0.0,0.0,0.0,0.0,0.0,0.0,0.0,0.0,0.0,0.0,0.0,0.0,0.0,0.0,0.0,0.0,0.0,0.0,0.0,0.0,0.0,0.0,0.0,0.0,0.0,0.0,0.0,0.0,0.0,0.0,0.0,0.0,0.0,0.0,0.0,0.0,0.0,0.0
0.039742998581317676,0.01767592624564637,0.032546354797651895,0.009224561597150474,0.020903375192470635,0.008181097928746127,0.012484523701279901,0.009768627820071974,0.022499745650700943,0.009669628578721272,0.011705095673590345,0.011092329839887472,0.011781222477719289,0.008129865292029357,0.007608436879811968,0.005750004378227815,0.005603948550727091,0.005090010178383367,0.005148116020649409,0.003927407573318758,0.0057043033573658,0.003013533329625636,0.0055805422614442594,0.003175603568754468,0.006662707255760583,0.003411108445763705,0.06661229605118552,0.06238413421302234,0.11599103217854528,0.11035481185368214,0.15597629565998444,0.1489864433470321,0.18872424046260508,0.18150460650327654,0.21592456837301088,0.20803042559243232,0.23842888658143815,0.23014181266846276,0.2580184649295271,0.24923220572830984,0.27441317101760393,0.26595318781146193,0.28872119776649335,0.28019308246649594,0.27166877695018643,0.23464744410698335,0.2284005624671625,0.19422277674799499,0.18863671831683884,0.15760641466823316,0.15323001514673268,0.12483537237844919,0.12118276284716845,0.09518191061561786,0.09288204758932204,0.06809158042725902,0.066376446507893,0.04376611928109849,0.042288702391472734,0.020637963698625004,0.02022829351901318,0.0,0.0,0.0,0.0,0.0,0.0,0.0,0.0,0.0,0.0,0.0,0.0,0.0,0.0,0.0,0.0,0.0,0.0,0.0,0.0,0.0,0.0,0.0,0.0,0.0,0.0,0.0,0.0,0.0,0.0,0.0,0.0,0.0,0.0,0.0,0.0,0.0,0.0,0.0
0.049556423644825966,0.01768796487471306,0.032546354797651895,0.012249460969571737,0.022516216530185137,0.008915275529414304,0.013371991713256754,0.010141945123455646,0.026541993526930305,0.010138942129311537,0.011705095673590345,0.011092329839887472,0.011781222477719289,0.00838672383071279,0.0076665039237090536,0.006077703213488281,0.008126442586893195,0.005090010178385594,0.005653910673400596,0.003971472866803074,0.006080567749580492,0.0031613169713135807,0.0055813725333507145,0.003214927420918391,0.006662707255762032,0.003830211996855869,0.06807675829948938,0.06339281055190085,0.11612553679256848,0.11230525276222507,0.15734331631830267,0.1495455298841525,0.19005346315918661,0.1818254999931588,0.21737587664275315,0.20825329828915842,0.23861774062174124,0.2310481089769878,0.2580219819526453,0.24949409160083483,0.2744323958819238,0.2661461935442352,0.2892666299940075,0.2804881585853875,0.2716890396259041,0.23518739378162112,0.22853216708380303,0.1943211420975677,0.18881998696439511,0.1579345919814861,0.15328579996420647,0.12496966043027674,0.12153870441053351,0.09557490361690266,0.09302108550307842,0.06823662029617471,0.06655660725565561,0.04387861622220783,0.042394509641812385,0.021113319896704348,0.020365585116752835,0.00019889753425185455,0.0,0.0,0.0,0.0,0.0,0.0,0.0,0.0,0.0,0.0,0.0,0.0,0.0,0.0,0.0,0.0,0.0,0.0,0.0,0.0,0.0,0.0,0.0,0.0,0.0,0.0,0.0,0.0,0.0,0.0,0.0,0.0,0.0,0.0,0.0,0.0,0.0,0.0
0.05335635095156361,0.01785377558862004,0.03376436852818753,0.012249460969571737,0.022516216530185137,0.008999507710542962,0.013610938578940286,0.010734195601172641,0.026541993526930305,0.010236370391210697,0.012648450216123309,0.011114019572117951,0.011807259610267882,0.008386723830716354,0.0076665039237090536,0.006077703213488281,0.008126442586893195,0.0051824441921644124,0.005882317560494979,0.004328491441052346,0.006080567749580645,0.004093310931654624,0.006546110884301215,0.005896183992507846,0.07430347665999677,0.0689719910925124,0.12472657100709252,0.1166468317710611,0.16408338834394984,0.15754667487437135,0.19827746356556425,0.18937192842988454,0.2257731191143505,0.21657490092864198,0.2482022790311143,0.23933034645282122,0.26800275995986833,0.2589248115389299,0.28448459218907,0.2748986194833586,0.29886438437575985,0.289256582453011,0.31112409104253214,0.3021066904793612,0.29281902632570683,0.2568823088933546,0.2498006940884727,0.21636174323260726,0.21028470214755218,0.17940539480760645,0.17442983054611685,0.14623851370497068,0.1421204195692784,0.11622022321126721,0.11341457712380512,0.08881835324254593,0.08676521252797682,0.0639206717707118,0.062311285514103865,0.04081536267196314,0.03999529822678165,0.019975270199678048,0.019216804271625573,0.0,0.0,0.0,0.0,0.0,0.0,0.0,0.0,0.0,0.0,0.0,0.0,0.0,0.0,0.0,0.0,0.0,0.0,0.0,0.0,0.0,0.0,0.0,0.0,0.0,0.0,0.0,0.0,0.0,0.0,0.0,0.0,0.0,0.0,0.0,0.0,0.0
0.05459543179991439,0.022411064909455235,0.03376436852818753,0.012373782149867684,0.022516216530185137,0.010150968654637202,0.014867117945365571,0.010911800988947716,0.02814016504807237,0.010262240334017174,0.01278458920760187,0.011789024867174498,0.012107575085611772,0.008603866800684448,0.010669797277665542,0.006138046625028423,0.009720647326762208,0.005229561003518649,0.006082133380835774,0.004679484667186865,0.007553873248052422,0.005088834236955272,0.006546110884302888,0.005909592698222633,0.07498775829459124,0.06984856946039034,0.12789377841529914,0.11887004056236679,0.1674011459468835,0.1594289524330018,0.19987161537503073,0.19043672109127255,0.22608168137104068,0.21755511683695358,0.24951380573351162,0.24035020623795464,0.2686352243833843,0.2592053214555228,0.2851885696927933,0.2751628554181659,0.29929794118949493,0.2893765639760343,0.311420692456004,0.30221702083629465,0.29284310829357435,0.25735189915395223,0.24980626339060363,0.21659024362623955,0.21044109066852393,0.1797788838774483,0.17477811375126795,0.14666031858645107,0.14249357998324266,0.11632491244902472,0.11371207652204632,0.08913400985013434,0.08699997084023055,0.06446074099777162,0.06248891421691469,0.04109458883607419,0.04002461598147212,0.02000650626552702,0.01949981553268558,0.00013430663880585175,0.0,0.0,0.0,0.0,0.0,0.0,0.0,0.0,0.0,0.0,0.0,0.0,0.0,0.0,0.0,0.0,0.0,0.0,0.0,0.0,0.0,0.0,0.0,0.0,0.0,0.0,0.0,0.0,0.0,0.0,0.0,0.0,0.0,0.0,0.0,0.0
0.05807737789859563,0.022411064909455235,0.045041653388989134,0.01253079362523884,0.022516216530185137,0.010625470928801126,0.014867117945365571,0.01276697569004675,0.02814016504807237,0.01026224033401751,0.012784589207602209,0.011789024867174498,0.013321471413883845,0.008603866800684448,0.010669797277665542,0.006281066478171343,0.009720647326762208,0.005573765463411404,0.007180779841521716,0.006296048930164084,0.00893609683178684,0.006018935999979447,0.07440673595626017,0.07069072130406236,0.13119901630809339,0.1245621985901034,0.17485805378514763,0.16576722457460724,0.20842957770134848,0.1996045840787368,0.2365886423992452,0.22628230961150284,0.2592737508603193,0.24874748240435635,0.27858052701865577,0.26843443877464107,0.2944579618186144,0.2849608178441168,0.30870595090213854,0.29928876786672143,0.32088546554995095,0.3118855306758473,0.33174891389591044,0.3221766329083144,0.3133146489631593,0.27716040503206685,0.27021180893645524,0.23660352280748342,0.23039579460832132,0.19964194081448627,0.19446828660601326,0.16660897101414732,0.16203746615031442,0.13634329930197386,0.13314061369202632,0.10860860958212937,0.10611855110380773,0.08350413091734185,0.08137065726332285,0.059726178239195606,0.05860561274811083,0.03837355360907785,0.03755461337483756,0.018458964379430613,0.01810232079014344,0.0,0.0,0.0,0.0,0.0,0.0,0.0,0.0,0.0,0.0,0.0,0.0,0.0,0.0,0.0,0.0,0.0,0.0,0.0,0.0,0.0,0.0,0.0,0.0,0.0,0.0,0.0,0.0,0.0,0.0,0.0,0.0,0.0,0.0,0.0
0.06416348990715977,0.022411064909455235,0.045262626060568786,0.012793914948770906,0.02322944156820273,0.012451597649448096,0.016824971192640963,0.013026603934582465,0.028705331427559874,0.010326277747270563,0.01328101103124089,0.012831327430400542,0.013321471413884041,0.008704315121923533,0.012943313507685562,0.006352451075777326,0.009884389490952489,0.005703110730538111,0.007180779841521716,0.006657792229273383,0.00893609683178684,0.007862062574942775,0.07528142371429758,0.0726635934840602,0.1313732045679903,0.12486234391424304,0.17630616936572424,0.1666781985721617,0.20961770252933168,0.19987643880888262,0.23693126534184317,0.22700562290856185,0.2603805901952714,0.250038251410888,0.27858096424563494,0.26887019287775776,0.29457473199182915,0.28521423985886135,0.3089449277825579,0.29946019476424607,0.3209966225418749,0.31207353192207793,0.33231938335755024,0.3226939733526774,0.3134756101442074,0.27726539577109094,0.2702443228286833,0.23688377306613576,0.23040669955406207,0.199717646897646,0.1947286071798225,0.16664823224956876,0.16247938330206763,0.13677497985735135,0.1332886252222489,0.10863914440487157,0.10618258575738015,0.0836033023732374,0.08153176775555619,0.060004729155139845,0.05861808005836979,0.038398023243045434,0.03761731740759546,0.0186092488895995,0.018247717514458996,5.194344584834607e-05,0.0,0.0,0.0,0.0,0.0,0.0,0.0,0.0,0.0,0.0,0.0,0.0,0.0,0.0,0.0,0.0,0.0,0.0,0.0,0.0,0.0,0.0,0.0,0.0,0.0,0.0,0.0,0.0,0.0,0.0,0.0,0.0,0.0,0.0
0.06696767391179298,0.0228474097563789,0.04585206991763407,0.012793914948770906,0.02322944156820273,0.015475269106119132,0.016824971192640963,0.013026603934582465,0.0287053314275678,0.010578322628670983,0.01328101103124089,0.013442329516830802,0.014879962768856156,0.00874554569952311,0.013610494174785107,0.007295284018752541,0.009884389490952489,0.005968609633762555,0.00758924275583212,0.007181060214260901,0.08444589766432879,0.07540118884501591,0.13960705307676727,0.13338574309243376,0.1851812409411006,0.17702718478106164,0.22047193449065697,0.2092818125879307,0.2487263794501632,0.23768591292810543,0.2708147228114755,0.2603809630845975,0.29012559347644373,0.2789349605502137,0.3057680897750014,0.29541626573569624,0.31972211580104076,0.3097857218302123,0.33180241651134806,0.3216032497249969,0.34217993619851944,0.33247648769874316,0.3516592892441531,0.3415887652036353,0.33203945293584114,0.29681609358194994,0.2891887706496298,0.25638495728710314,0.24951684152190653,0.2192516427710907,0.21382674560248233,0.1859429962167516,0.1812917117598312,0.1555161416664271,0.15196028253404004,0.12752520238466716,0.124865998182203,0.10203331436947655,0.09986980353531012,0.07824127826456069,0.07674963898238893,0.05660766714275298,0.0553873375968688,0.03632643662388641,0.0356697953112375,0.017356443354522903,0.017010456214139963,0.0,0.0,0.0,0.0,0.0,0.0,0.0,0.0,0.0,0.0,0.0,0.0,0.0,0.0,0.0,0.0,0.0,0.0,0.0,0.0,0.0,0.0,0.0,0.0,0.0,0.0,0.0,0.0,0.0,0.0,0.0,0.0,0.0
0.07357373206981807,0.028696987551772024,0.04608205534426303,0.014264279382798917,0.02322944156820273,0.0155930965412231,0.0199362679136574,0.013065420232641926,0.028915626942796008,0.011228651950926464,0.018774894828882588,0.013553694026311295,0.014879962768856156,0.008962969602864787,0.013610494174785107,0.007713414095858363,0.011782965146693065,0.005971137818407082,0.00758924275583212,0.007349143393112942,0.08565577711687691,0.07693978285837204,0.14023154410458388,0.13414685782521962,0.18750446783653665,0.1771901759129944,0.22323162779379563,0.21014866806081198,0.24887615250087297,0.23814871095314205,0.2716477766156328,0.2605376901817969,0.29014428054609354,0.2790352350438319,0.30655413131566317,0.2956088220942535,0.3203353014350534,0.30994167019845487,0.3319381474451093,0.3219272208910273,0.34270435914551617,0.3326667782790333,0.3519000252277935,0.34180604314465823,0.3325997695335151,0.2968674474051552,0.2894433277917992,0.2565419511489361,0.24965687879837914,0.2192550892554288,0.21385929718619315,0.18619352932545108,0.18143663156843498,0.15592365456248294,0.15204057616890387,0.12769995935154646,0.12491545363735147,0.1021590734077431,0.09987639949206095,0.07860630339119859,0.0768703832677324,0.05676295871777528,0.05557354867083445,0.03636130647332157,0.035787605344148196,0.017556446512474906,0.017210267956626894,1.6466300732431248e-05,0.0,0.0,0.0,0.0,0.0,0.0,0.0,0.0,0.0,0.0,0.0,0.0,0.0,0.0,0.0,0.0,0.0,0.0,0.0,0.0,0.0,0.0,0.0,0.0,0.0,0.0,0.0,0.0,0.0,0.0,0.0,0.0
0.0763405514424941,0.02995627900092234,0.04608205534426303,0.015787297999551968,0.023743168034070845,0.01571420875239928,0.024716229237151412,0.01371187023941998,0.029188587376577344,0.011398223858721397,0.01877489482888546,0.014014876509168077,0.01563261846184935,0.010447895308376344,0.014043280586093448,0.007932758580535186,0.013509018155629203,0.006392261663631436,0.08696482159717513,0.08318193122625095,0.15158219850453303,0.14206239470323048,0.19681926828864832,0.1866981379237967,0.2344279405667526,0.22248365489958247,0.2617143520413308,0.24905679300929887,0.2832674877994131,0.27240465287519505,0.30272960265458576,0.29078803063208125,0.31870946131918626,0.306989545294452,0.33159177195620093,0.3206004383472846,0.3432658749504133,0.33260430312299566,0.3534884619437257,0.34288622982426686,0.36235722640320334,0.3519138250915114,0.37005148530030546,0.3601295728728896,0.350188430466878,0.31529376540857884,0.30745412656289633,0.2750009220435019,0.2680469918706225,0.23781348370488573,0.2319359353017659,0.20431820079837393,0.19930188665553947,0.17386366258513747,0.17005312678518264,0.1457195757336418,0.14270063885190726,0.1200583848438157,0.1174149083401879,0.09595367415955285,0.09419504774504342,0.07418719415616144,0.07263469706167944,0.05349501680669035,0.05253977167083794,0.03437728340493384,0.033671525634539075,0.01667689409154456,0.01621755787808166,0.0,0.0,0.0,0.0,0.0,0.0,0.0,0.0,0.0,0.0,0.0,0.0,0.0,0.0,0.0,0.0,0.0,0.0,0.0,0.0,0.0,0.0,0.0,0.0,0.0,0.0,0.0,0.0,0.0,0.0,0.0
0.0763405514424941,0.02995627900092234,0.04608205534426303,0.017199653698188478,0.025883687059976325,0.01571420875240243,0.024716229237151412,0.013795291355171923,0.029188587376577344,0.011916744567108216,0.019127339644362397,0.014014876509168077,0.01563261846184935,0.010632111321313543,0.014043280586093448,0.00821690382540511,0.013509018155629203,0.009067283433542734,0.09055211111985091,0.08426242163707053,0.1539014670706656,0.1429467132477634,0.19816013344626776,0.18923440682896475,0.23545186206616758,0.22327881830896681,0.2635590778814514,0.25014424277832015,0.28403406748205795,0.2734209360640064,0.3035230423023642,0.29095629376322263,0.3189192562396006,0.30728177008834867,0.3326409590728136,0.32121574534559605,0.34360806455574144,0.3330159266050842,0.35392599754981646,0.34292081752961073,0.36251538097516367,0.3521533420529109,0.3700949923561518,0.36017557252206683,0.35021179867760477,0.31570312898978725,0.3074693255857582,0.2750111767251754,0.26805407804416115,0.2381597324387811,0.2320512464063487,0.2046775913050372,0.19941158435876283,0.17387291897065474,0.17018070360658366,0.14585032540799506,0.14273267286444133,0.12039232692319535,0.11751594624839574,0.09633184698306245,0.09427428339285397,0.07427260223705874,0.07275277975174524,0.053560193975134764,0.05254778761668453,0.03463006844212644,0.033717384937750755,0.016701865107302757,0.016384222088263706,4.1669392491820495e-05,0.0,0.0,0.0,0.0,0.0,0.0,0.0,0.0,0.0,0.0,0.0,0.0,0.0,0.0,0.0,0.0,0.0,0.0,0.0,0.0,0.0,0.0,0.0,0.0,0.0,0.0,0.0,0.0,0.0,0.0
0.07683938570660229,0.030918479554598515,0.0476359454936981,0.018422703348600272,0.026546082336662568,0.01589472487216742,0.02693736536749999,0.013890587099217918,0.03006622130039188,0.01263628800034705,0.019127339644362397,0.014266468079816732,0.016089904173289628,0.01151140420298985,0.017306359758878738,0.008828163957065578,0.0993338218455433,0.08957743839204847,0.16413768067525833,0.1535528232831783,0.21170315062361472,0.19912292708714865,0.24693251412568615,0.23498675753867884,0.2773028442394025,0.26340225945624884,0.2986950287258496,0.2847308809875166,0.3157993516479814,0.3040815822636152,0.3318130820409445,0.31903138497800576,0.34462682125469424,0.3324984054783979,0.35532683760616124,0.3440409818377163,0.3652740808984284,0.3544316150459093,0.3738094646651949,0.3627969691970084,0.3810366142893406,0.3704761522908185,0.3876012594885077,0.3773699770986503,0.36722581333672816,0.33295419039579977,0.3246983779466229,0.2925580395387645,0.28536713645629674,0.25551877814666246,0.24934236907068166,0.22204609522565807,0.21674574097978488,0.1915083300259797,0.18734264797696856,0.16309830594768396,0.15979903849498645,0.13730069780009124,0.13436083535835086,0.11307296611628813,0.11101612027798163,0.09108198189369833,0.08914912192155841,0.07016963836731925,0.06884937009435149,0.05069774296217158,0.049803963063668175,0.03275401745559557,0.03215382662328622,0.015831946810145135,0.015606770333743511,0.0,0.0,0.0,0.0,0.0,0.0,0.0,0.0,0.0,0.0,0.0,0.0,0.0,0.0,0.0,0.0,0.0,0.0,0.0,0.0,0.0,0.0,0.0,0.0,0.0,0.0,0.0,0.0,0.0
0.0879112130195866,0.032070441266908,0.049852324624356494,0.02014766289292946,0.026764245953993845,0.017377869861800267,0.02693736536749999,0.014360391606755347,0.03006622130039188,0.012847667167505648,0.019247078966762227,0.015096052970404667,0.025123938133157206,0.012291046524376915,0.017306359758878738,0.016417614762016912,0.10456707219505641,0.09572263366793557,0.16418792188695958,0.15368504886720913,0.21583395290918972,0.1992443954570724,0.24724596293835427,0.23687267141737844,0.2775520652556284,0.2637688927638606,0.3001029127792108,0.28562236054852164,0.31715288623208937,0.30464879494303165,0.33241565924616717,0.3193832662809506,0.3447530676437704,0.3328304198503505,0.35641203139629524,0.3445145687987231,0.36560123761356184,0.3545481449800819,0.3739872764275679,0.3629148637580252,0.38132108527125547,0.3706062809219228,0.38770280974578575,0.3774073966006072,0.367248845676813,0.3332141098224819,0.324729069032737,0.2927972404879587,0.28544930251479794,0.25582121687455706,0.24959059156781258,0.22238184470364417,0.21691408226361725,0.19152454101589628,0.18743946792432384,0.16337240054651617,0.1599499477474004,0.13760070147502226,0.1345175824515465,0.1133466824312142,0.11102472142338041,0.09109956322991002,0.0893698078822478,0.07017487417745828,0.06892608591816135,0.05093426451945763,0.04981724174261795,0.03284533757583863,0.0322934651029254,0.01597769043321716,0.015636687578427844,0.00011719879114489997,0.0,0.0,0.0,0.0,0.0,0.0,0.0,0.0,0.0,0.0,0.0,0.0,0.0,0.0,0.0,0.0,0.0,0.0,0.0,0.0,0.0,0.0,0.0,0.0,0.0,0.0,0.0,0.0
0.09962187711295901,0.033708100975636306,0.049852324624356494,0.021961364916527476,0.026764245953993845,0.017402285912289712,0.027715131153830334,0.016352321065339005,0.031364767368268216,0.013565761314817652,0.023167258769463094,0.016629167815903425,0.025423679155797244,0.012991847782755389,0.10872905930716377,0.10087373425001292,0.1789418916244447,0.16991911679639907,0.22746203749533841,0.2151110108967199,0.2651899686273112,0.24877120490265703,0.2911213167742274,0.2782371032477433,0.31401344662760583,0.2996349049544535,0.33172237951419076,0.31728892337633474,0.3463072935084353,0.3327969796856592,0.358863467668391,0.3454471776105209,0.3687456597090174,0.35615837027408226,0.37791051355201777,0.3659044966269789,0.38551576884763367,0.3743775871156309,0.3925017453315155,0.3816541142517556,0.3985158536743348,0.38816294657922107,0.40415081196572494,0.39356811536567543,0.38368549886631487,0.3495157061764631,0.34131015414204713,0.3094341189519706,0.3018726610155781,0.2724354413822374,0.2661722145828907,0.23900770747488234,0.2335359182897004,0.20850971466817775,0.2038500864246694,0.17975864083246063,0.17620243453275722,0.15397767196947024,0.15076286002615033,0.1292556902031109,0.12703186955821205,0.10707540191551297,0.10504424134685454,0.08620723215533428,0.08472935645286242,0.06663344930726328,0.06550096071503884,0.04829577482777004,0.047416586981975095,0.031090682052104777,0.030732499403540864,0.01518442091823821,0.014905652315135264,0.0,0.0,0.0,0.0,0.0,0.0,0.0,0.0,0.0,0.0,0.0,0.0,0.0,0.0,0.0,0.0,0.0,0.0,0.0,0.0,0.0,0.0,0.0,0.0,0.0,0.0,0.0
0.1168595155482674,0.039243636720486,0.05767160072636427,0.021961364916527476,0.027125022762434635,0.017436757158695925,0.027715131153830334,0.016552538377155535,0.031364767368268216,0.013993236722539465,0.023167258769464613,0.0187751066611694,0.025423679155797244,0.018297784389299042,0.11336541637026845,0.10561153602143443,0.18122034656136435,0.17089549101068224,0.22924240995786088,0.2173414485836433,0.26564497010145255,0.2506440695255222,0.29298391665207557,0.2783987527812391,0.31430021836426414,0.30030383590633186,0.3324820647042519,0.31858291172629283,0.34653121343091975,0.3335444979476609,0.35922650546640233,0.3459044605509664,0.3695012194915276,0.35675550012704876,0.3782720048864,0.36642847807108003,0.3856808283027074,0.3744798975598199,0.39272142200149646,0.38182775793531665,0.3987954808516793,0.3883687086711812,0.404335004865193,0.3938297681766537,0.38370674525702914,0.3497156854816121,0.3415328639060171,0.30965403726693763,0.30210514556624873,0.2726020141449219,0.2662676647558103,0.2392281440383974,0.23362909476526864,0.20856705953065563,0.2041134795600813,0.17983060207708684,0.17633377702075312,0.15401781622606703,0.15085076577124484,0.12958826122055783,0.12726031870301424,0.10717296942129723,0.10504613182067198,0.08632311077420164,0.08484819164104716,0.06669725508691168,0.06554031700498097,0.048524952850777,0.04759876509417677,0.03130493442416099,0.030887994531589812,0.015294937798325985,0.01494221106201461,8.035639666753023e-05,0.0,0.0,0.0,0.0,0.0,0.0,0.0,0.0,0.0,0.0,0.0,0.0,0.0,0.0,0.0,0.0,0.0,0.0,0.0,0.0,0.0,0.0,0.0,0.0,0.0,0.0
0.13914626784506573,0.039243636720486,0.061489402801251036,0.022254680437892884,0.02838960991522086,0.017728962143012502,0.036801745600580034,0.01934219912628253,0.03217982163163594,0.014008073155367798,0.026554438116488215,0.02302755386383357,0.12379114976005434,0.11311917551510266,0.19608865133861955,0.18139505105598847,0.24792442917163296,0.2293251863869829,0.2830494778740531,0.266178917849895,0.3102948089285823,0.2933107030822808,0.33078743258983073,0.3155948582693211,0.34895908358762784,0.33319645894505373,0.361862678463468,0.3472425064560988,0.3728219881163234,0.35983818784143345,0.3834078486966895,0.36943941124975477,0.39138767595916035,0.37855086955086,0.3984336604715814,0.3864340915815859,0.40476485105177684,0.39344945671534143,0.41063174498159977,0.39920539168743985,0.41539953930012896,0.40448817147916916,0.4198224300806639,0.40917261511376685,0.39887551102488283,0.3655565061742594,0.35684992493264267,0.3254256590534061,0.31782880779336237,0.2886326577362674,0.28204268761547663,0.25510173565989547,0.2493582940325446,0.22444395864686686,0.21988653793999832,0.19592665708381013,0.19208600251277982,0.1698585836301168,0.16643406213607703,0.14526182243329686,0.14274798323201904,0.12290020309057845,0.12053461106652755,0.10165598716357548,0.09987092775815903,0.08182874627629833,0.0804307310540818,0.06346184652263574,0.06238299597680995,0.04609080822117223,0.04543512378939754,0.029873855958645702,0.02929511477967387,0.014382513900534948,0.014221167406596307,0.0,0.0,0.0,0.0,0.0,0.0,0.0,0.0,0.0,0.0,0.0,0.0,0.0,0.0,0.0,0.0,0.0,0.0,0.0,0.0,0.0,0.0,0.0,0.0,0.0
0.14552823662961087,0.04232855315255041,0.061489402801251036,0.022378564837329702,0.02838960991522086,0.019465229332566447,0.05873525106739417,0.019494353455100394,0.032179821631636366,0.014950429930977529,0.026554438116488215,0.03199788793569705,0.1288085912046206,0.11570324944087138,0.1978033571555096,0.18290958985757397,0.250879846176114,0.23138470736951078,0.2835404179176873,0.2668322878205248,0.3122995410302411,0.29339925412152257,0.3308891388575702,0.31607265673399915,0.34931905076504827,0.33340535210575645,0.36269842106588723,0.3473784283087392,0.37388411303901403,0.3600627158614429,0.3834432692964072,0.3697228783595018,0.39143093311888333,0.37869471865398335,0.3990662155701273,0.38669227745350554,0.40506236676117124,0.3935101205191797,0.41072079388190297,0.3992738953314075,0.4155473447156911,0.4046246092435672,0.41993658346848844,0.4092496115639009,0.39888949712964794,0.3656371105563792,0.35690395811300624,0.3256924040561716,0.3179011635855872,0.2888323779123192,0.2821839857928688,0.2553944992386971,0.24957200699290275,0.22458140519582329,0.2199036763037146,0.19611565563921704,0.19221647412055162,0.17006321647005235,0.16655113280684228,0.14549103776455977,0.14278622680743175,0.12295825485625966,0.1206854332130602,0.10174519946391491,0.10000059003472782,0.0819811810220876,0.08051746000781121,0.06357667839162928,0.06246894372610413,0.04619876220908728,0.04549290432258977,0.029980122067339757,0.02941020677527495,0.01458213294533948,0.014285519260600099,7.265548104628777e-05,0.0,0.0,0.0,0.0,0.0,0.0,0.0,0.0,0.0,0.0,0.0,0.0,0.0,0.0,0.0,0.0,0.0,0.0,0.0,0.0,0.0,0.0,0.0,0.0
0.1464949389164233,0.043199721786364054,0.062579153658883,0.024756683545327236,0.030023481634086628,0.02005986614253369,0.05887038911818147,0.01954726586272483,0.03221224844735477,0.01740427830151483,0.13408527677977367,0.1299591697366207,0.21577450088313294,0.19799911722798336,0.26911812917469824,0.24985672831617237,0.30455342759334214,0.28447129652688424,0.33019535369112696,0.31137550904695455,0.35145646234515127,0.3319586342822399,0.36589674918283943,0.349637921978554,0.3792139906333023,0.3631545194780448,0.3895362032889307,0.3740068009002791,0.39855505711387923,0.38402963339663254,0.40597692282457304,0.39216379085466485,0.4122150594667827,0.39901321166615034,0.41779067205284326,0.40549072729450114,0.4226591459931996,0.41102760891725965,0.4272169217107613,0.4158366276972723,0.4310287808728551,0.4201784033424488,0.43476415123582945,0.42385826081718064,0.41345438956378694,0.38045333241125756,0.3718461602365855,0.3408429359258129,0.3329392478059976,0.3040444009925429,0.2974464300475804,0.27068593303165667,0.2648361025938479,0.2400265169016393,0.23505314722032228,0.21138443600798354,0.20727151678730138,0.18515586650499852,0.18165468823869943,0.16048095747567775,0.15764247309620813,0.1378406071472975,0.13539564163424853,0.11666339537517212,0.11472490695995152,0.09658222963883092,0.09504408431035487,0.07804897526532975,0.0768636141933488,0.0604374335667675,0.0596690517932293,0.04418161813810434,0.04345908138531794,0.028560540310976913,0.028021885882524467,0.013862893546123922,0.013552499145408374,0.0,0.0,0.0,0.0,0.0,0.0,0.0,0.0,0.0,0.0,0.0,0.0,0.0,0.0,0.0,0.0,0.0,0.0,0.0,0.0,0.0,0.0,0.0
0.14869541598801542,0.04419932302597713,0.062579153658883,0.027404206276770607,0.030023481634086628,0.025001265461591517,0.05887038911819224,0.020603293493278146,0.032212248447362694,0.023971123090363658,0.14619233132095313,0.13027364812941813,0.21827164221883014,0.19861336165164706,0.2696048182549317,0.2510886495760719,0.30552012062124007,0.2865756207950286,0.33056542705270897,0.3128020586176142,0.3526101773569884,0.3322814199882038,0.3660853368369297,0.3498275008767529,0.3800895981746456,0.3635705857297323,0.39062613567698323,0.37416900043991647,0.39888693379376255,0.3841818572746578,0.4061667425086451,0.39226595639519635,0.4123055646215951,0.39904351464407634,0.4178776528014805,0.40550117933476026,0.42313608956849974,0.4113011764079298,0.427383933758194,0.415943790352183,0.4314107894200321,0.42033828982338595,0.43485190797616613,0.42391993562063335,0.4137457146840285,0.38060054842381746,0.3719289808764773,0.34102666784944385,0.3329637383841722,0.3040965852601842,0.29749948807174414,0.270888555454496,0.2648890343674251,0.24016591214272381,0.2350731517605805,0.21152122768785378,0.20745472932768144,0.18531331392547304,0.1817004001061027,0.16057895269254563,0.15781781204131384,0.13806296676764399,0.13556640319706073,0.1166638978433202,0.11473712869075797,0.09673975236321236,0.09515189433489532,0.07814472305708951,0.07687629293669644,0.06064176254623,0.05968961274236826,0.04419861852509644,0.04347088414905843,0.028640264846385908,0.028117039228525712,0.013983835524780601,0.013683786930598721,5.614070513750741e-05,0.0,0.0,0.0,0.0,0.0,0.0,0.0,0.0,0.0,0.0,0.0,0.0,0.0,0.0,0.0,0.0,0.0,0.0,0.0,0.0,0.0,0.0
0.15191475884017336,0.04598982527295715,0.062579153658883,0.028175472199513905,0.03162771879109027,0.02523739588735139,0.058899386800813296,0.023081817064736145,0.1550460250238468,0.14868265419877405,0.24017517935100774,0.22561282554399142,0.2961145908319238,0.2711802915262743,0.329460343411569,0.3073353691824954,0.3550941372599112,0.3320742620225357,0.3723963537529626,0.35204013143408097,0.38651799587537855,0.36731676946410824,0.3977898048900107,0.3807872237099272,0.4083590968006814,0.39124771256460467,0.4152261795367583,0.3992683039890099,0.4210920531402971,0.4071934679702518,0.4271961071503971,0.412894603954485,0.4318313291965823,0.41844109371047067,0.4360296929726074,0.4234925397379029,0.4398247421036333,0.4280003691987125,0.44327081020090064,0.43165264482027715,0.44617257429660034,0.4349965895177414,0.44880749802699355,0.43792732482924357,0.42742607730030846,0.3950101281526373,0.38610298561567735,0.35552306549148266,0.3475436315037968,0.31890975888876666,0.31196121374899183,0.2855063299183706,0.27936319427816575,0.25484139086418367,0.24982316555387948,0.2262555899043076,0.22197007041681036,0.19997226016143793,0.19618526289528626,0.1752030307333864,0.17230215687804867,0.1526347680035039,0.1498909708231482,0.1311524068851127,0.12892377005478173,0.11094786128305992,0.1091572902384556,0.09228358231543742,0.09076508312706955,0.0745753964195537,0.07350931983058305,0.058029326616427734,0.0570068507540403,0.04212111674699262,0.04159953121406171,0.02737777593869115,0.027005896824387164,0.01326782606391963,0.01308071930330594,0.0,0.0,0.0,0.0,0.0,0.0,0.0,0.0,0.0,0.0,0.0,0.0,0.0,0.0,0.0,0.0,0.0,0.0,0.0,0.0,0.0
0.158003245476165,0.05256624612531445,0.062579153658883,0.028175472199513905,0.03162771879109027,0.03148816927416922,0.058899386800813296,0.034198804839315075,0.1699872922209492,0.1488828085046494,0.24469507155855993,0.2272019257975585,0.3008256874563851,0.27464281380864747,0.3300810924166794,0.3076260614723697,0.3562003341609014,0.33434652525497394,0.372694033480522,0.35210054074631775,0.38883956281601917,0.3676857332826991,0.3978594487460802,0.38142625965403654,0.40845090052381566,0.3913710003680135,0.4161711713149291,0.39954759521399424,0.4220636703611346,0.4073475423531914,0.42756718555872736,0.41330920020498607,0.43199986759551573,0.41879845992968956,0.43644257901096395,0.4238515147607084,0.44009961076420767,0.4281391207082969,0.44351425079972095,0.4316636662618862,0.44637250991710464,0.4351157939138213,0.4489022957857334,0.43810364801034596,0.42748181070777513,0.3951733892454396,0.3861811221528814,0.3556769539460196,0.34757464897895685,0.31911821580601074,0.3121431631281977,0.2858386687133636,0.2795545926327724,0.25497679550675123,0.24991371118501524,0.2263980658578161,0.22217862159807644,0.20032489701377892,0.19634430898037966,0.17545387153407344,0.17239232064987417,0.1526558846477176,0.14994914014494085,0.13116341529106681,0.12902387715798305,0.1112065728579343,0.10920947576061715,0.09234818117522856,0.09085358776619014,0.0747260629827824,0.07352201886714342,0.05808656453157695,0.05715689241379366,0.04236369807344706,0.04161836904959845,0.027401508659418088,0.02701088335554462,0.013368711383322964,0.013153237309982056,5.976319677963808e-06,0.0,0.0,0.0,0.0,0.0,0.0,0.0,0.0,0.0,0.0,0.0,0.0,0.0,0.0,0.0,0.0,0.0,0.0,0.0,0.0
0.1596795625321696,0.05423801255685026,0.09666411884400124,0.030699318790490707,0.035398722941951566,0.04815485546594848,0.18243033865399427,0.16351522686788256,0.273241095888871,0.24414092103007148,0.33076530895192147,0.29792974724256405,0.3593564685294566,0.33249410668878415,0.381268951584479,0.35616028036589464,0.3959550255473266,0.37531918874162973,0.4083148469337438,0.38856042357171916,0.4197337713235594,0.39878179544757353,0.42604271158944756,0.4082609022426551,0.4330609289852669,0.4160402985854953,0.43832306412766475,0.42233377722807025,0.44273936378469936,0.4280731426363686,0.44689397094196565,0.4324418957271949,0.45017191186339733,0.4365800126695336,0.4532691723845337,0.4404700693334885,0.455656525431496,0.4438213721103939,0.45818479393218964,0.4466790535883523,0.46016621691443665,0.4493025922213235,0.46214561826183354,0.451284787751441,0.44095233778135445,0.40855470593407883,0.39981361412470173,0.3693740779657358,0.3612422954749372,0.33301568696815353,0.3259635556777916,0.2998286776762239,0.2934577141869223,0.26918324893304924,0.2639583672959362,0.24056945416901393,0.23609475246776113,0.21433695744875966,0.21028187615965319,0.18943943829212703,0.18622319333205206,0.16660129815314279,0.16372864774510862,0.14508978837954978,0.14275795564859745,0.12493468182007211,0.1229684815983009,0.10598346209599295,0.10442294642790344,0.08810906714104658,0.08690413424215519,0.071463658357163,0.07028681525357759,0.05545978037130726,0.05465247708688946,0.04061844677214654,0.03984585913117853,0.026275335758294948,0.02592385763699179,0.01285316610267123,0.012504988214743794,0.0,0.0,0.0,0.0,0.0,0.0,0.0,0.0,0.0,0.0,0.0,0.0,0.0,0.0,0.0,0.0,0.0,0.0,0.0
0.15980713799703353,0.05505819967405961,0.09666411884400124,0.031395722093305704,0.035398722941951566,0.06982983316222313,0.18604185268211657,0.16808477056943985,0.28009239216676995,0.24427814100776749,0.33123825887483277,0.30045378238909887,0.36173353779823786,0.33483103169135325,0.38133047585075797,0.3568598647278274,0.39759548713254717,0.3754105834075803,0.4088098435705565,0.38922669698155904,0.41991487126690297,0.39940690949407665,0.42663000969195425,0.4089114498254312,0.4331664495779468,0.4162091245556136,0.4387866040988948,0.4225012179472362,0.44288172882828536,0.42818968649767275,0.44711092355069765,0.4326550369799536,0.45075745134289225,0.43710187059835365,0.4533341049245571,0.4406517101096952,0.45576644609489336,0.4438921320729072,0.4583508425482075,0.4466947609023653,0.46027578117775836,0.44941914105139513,0.4624198455576203,0.45157324317866154,0.44099479202756836,0.4086944605022566,0.3998871151232008,0.3694710527873395,0.3612918190436294,0.33311093605741027,0.32604337749328144,0.2998473078580395,0.2936704731405258,0.2694076815658736,0.26403868961070676,0.24070387596186113,0.2361354936074815,0.21445596256869334,0.21032888999883834,0.18964885545442925,0.18625415884575486,0.16662259226967902,0.16386175673787315,0.14511744227955523,0.1428265427027144,0.12494677623976963,0.12297772667910616,0.10599955686213622,0.10447098396500826,0.08815252149258997,0.08698887019139641,0.07149565935421683,0.07037294595480716,0.05556455538045496,0.05473860817636989,0.04068699950897132,0.03985166847451239,0.02629084288590557,0.026030423870928146,0.012899072877634567,0.012626697353373423,4.2384312563234444e-06,0.0,0.0,0.0,0.0,0.0,0.0,0.0,0.0,0.0,0.0,0.0,0.0,0.0,0.0,0.0,0.0,0.0,0.0
0.15980713799703353,0.05505819967405961,0.1122199811814886,0.032650904503807074,0.18329282448316975,0.19395206721647712,0.30982228266281653,0.2788701456613802,0.3682701686387424,0.3286816752387946,0.3932351069511246,0.3628172415032601,0.4134023937246032,0.38493800547425083,0.4246504869030294,0.39902620863059,0.4335796329267628,0.41167809609617056,0.4410716461198975,0.42060258136154915,0.4481363788725208,0.4275224293891522,0.4523187253122581,0.43386429385297504,0.4567146296611606,0.4393540031034032,0.460036734973866,0.4438459821014149,0.4624953636732853,0.44781300839897137,0.4653720065787712,0.4507482834276659,0.46742610803975215,0.45390387273708643,0.4693132674079271,0.45655526479876435,0.47082323944904036,0.458856716517314,0.47251220203951944,0.4608140163970208,0.4737492305479879,0.46260233864770295,0.4749939834329701,0.4641849270583631,0.4535076809788439,0.42174632081517116,0.412757493149735,0.38281047666182033,0.3746643837247787,0.34666153316030535,0.3394578181517348,0.3135234536360657,0.3071120150805771,0.28297421437798365,0.277633549175591,0.2544025638671785,0.2497477528874506,0.22819310881500576,0.22391591905533195,0.20317682670070145,0.19978001896909636,0.18029736330133248,0.17724937908253993,0.15864110362227637,0.15612490120560718,0.13835260877061875,0.1361593363376954,0.11935065476477318,0.11754058859948706,0.10135330180225913,0.09995914763328848,0.08452469669684255,0.08321677284659808,0.068370363468015,0.06745919155460006,0.053327254362236474,0.052517128261043065,0.03890395880474575,0.0384362809018261,0.025315270000364362,0.024852265764052257,0.012291790223283191,0.012124502288691516,0.0,0.0,0.0,0.0,0.0,0.0,0.0,0.0,0.0,0.0,0.0,0.0,0.0,0.0,0.0,0.0,0.0
0.16411016731503766,0.05549571295079153,0.1122199811814886,0.03625241149889496,0.2073853280204776,0.20249180629647018,0.31528788377397843,0.2810704658909831,0.3700315692334829,0.3327183373115156,0.3955153631322156,0.3635370826854849,0.41408814816901085,0.3852938356372874,0.4246739214355825,0.39936986311138223,0.4363714774987102,0.41178295911489476,0.4415647848099597,0.421222878776089,0.4488222133940714,0.42774386662026076,0.45252616606343954,0.4349033688553751,0.457518814295883,0.43964137727253183,0.46008397065743745,0.44385868461949407,0.4628145889623543,0.44814441278534756,0.46562711566045195,0.4507554116682953,0.4677662049347622,0.45410023333384986,0.4695870239747359,0.45668618363343894,0.4708529753331347,0.45893780555282626,0.4726709429373751,0.46084544620938506,0.4738088582621773,0.46274971081554317,0.47508492641144073,0.4642245512118248,0.4536158183727819,0.42199561627383364,0.41291146044790955,0.38286230656544656,0.3747081410245551,0.3468769870340242,0.33949250983268986,0.31363253580333544,0.3071407550434683,0.2829779971660872,0.2776423930679968,0.25448439616846197,0.24976266486402854,0.22831377852965817,0.22392067222962383,0.20333537494681903,0.19986964653253708,0.18040047320532782,0.17736843063557264,0.15870660228181527,0.15614323605275313,0.13849722353106966,0.1362784016590742,0.11935517066878455,0.11762076213320971,0.10139444277331235,0.0999841662098018,0.0845477938490682,0.08323888904374757,0.06837110215855861,0.06749443122477958,0.05345288965443917,0.052564524788395135,0.038942648319253814,0.038506761351874925,0.025362715321571253,0.024977155460099345,0.012323772636209984,0.012132701443756335,6.683111133254142e-05,0.0,0.0,0.0,0.0,0.0,0.0,0.0,0.0,0.0,0.0,0.0,0.0,0.0,0.0,0.0,0.0
0.16716681729133048,0.09777503065235173,0.19731372053908533,0.19901640668313653,0.3503874148043089,0.3270944131267931,0.4074127716841428,0.3711209484086526,0.435093281179069,0.39703307670911375,0.4484278991163841,0.41790728191341775,0.45670913613877645,0.42718586786711404,0.4633376567275473,0.43713718854841327,0.46824726594091126,0.44310979757427915,0.4713251702448531,0.44915698960919126,0.47538552926115285,0.4534341722702997,0.4762574754572759,0.4573812770632151,0.47832661402810905,0.4614077139625533,0.4795207346887085,0.46360610728530105,0.4814230766245558,0.4663154412774749,0.48240645573925844,0.4682397584547868,0.4834503031821459,0.46969711031708977,0.48434932624187205,0.4715557423940529,0.48523330424248945,0.47320612219566716,0.48612241507908605,0.47428121931154765,0.48665710716237226,0.47540900037664174,0.48734324024162873,0.4762551494120073,0.4656061429843999,0.43436328618710734,0.4253280465920791,0.3958122685760555,0.3873859263455712,0.3597127005123127,0.3526000746314871,0.3269207975315727,0.32033731873403726,0.2963440830403074,0.2907311976743727,0.26782889218638517,0.2630588475822598,0.24134640662893747,0.23719874445980133,0.2164427256727019,0.21297060329553413,0.19347038430441496,0.19042292781994766,0.17189566653182678,0.16921716674363152,0.1513507688323732,0.14907621733872628,0.13238334269472046,0.1303686734759166,0.11422770281519101,0.11268174794033697,0.09730198998324953,0.09590340912535457,0.08114722604599806,0.07995438530260521,0.06577779673857416,0.06484222079753872,0.05134007558721998,0.05056914281283222,0.03750903082664881,0.036901043451042614,0.0243056959421174,0.02412144260140307,0.011891261833685284,0.01176777076721413,0.0,0.0,0.0,0.0,0.0,0.0,0.0,0.0,0.0,0.0,0.0,0.0,0.0,0.0,0.0
0.2027745118218132,0.0985214384230676,0.2756609778288376,0.22548703230295444,0.3660902131394332,0.32839011624965275,0.41744295300431417,0.3760383019832254,0.43720875250207125,0.39977223150291524,0.4529912064894431,0.418855942404507,0.45925728951063194,0.42853657099296577,0.46460780312653827,0.43831220834511964,0.46830784076169507,0.4432326632803695,0.47189112919069137,0.45014903161365616,0.47539685028220185,0.4542602656234766,0.4766818587318735,0.45795726960840494,0.47907744342782177,0.46153816355758304,0.48049637143115875,0.4637319708741961,0.4816037407267768,0.46636229525292144,0.4826732634757995,0.4684014335943751,0.4838178373998887,0.4698478807217635,0.4845564820323831,0.47164412625135144,0.4854517453902858,0.4732331910664076,0.486125376041269,0.47453019030607735,0.48684353576745015,0.4756171982776851,0.48737759425258625,0.47625697189309474,0.4659495377032199,0.43447248729128857,0.4255045534126559,0.39592983105726154,0.387447030090305,0.35978580556256906,0.35262733574783567,0.32698226056915625,0.32037451419743257,0.29650595785413913,0.29084171936192244,0.26786461483427115,0.26308461922393067,0.2414949294902118,0.2372765064367319,0.21656960800010083,0.21304785707118842,0.19366274504012268,0.19043594317695264,0.17195113893735472,0.1693151419329876,0.15144824826089232,0.1492722015678409,0.13239041443201338,0.1304446206028625,0.11433610711891874,0.11274921285119731,0.09735958638969221,0.09591092095338398,0.08120850418355728,0.07996112154351773,0.06600410521650572,0.06492766914982204,0.05135067157091435,0.050700532462798126,0.037647556677003875,0.03700282231348069,0.024441666087405008,0.024147027124356176,0.0119912342684631,0.011786637779475034,7.77748171007287e-05,0.0,0.0,0.0,0.0,0.0,0.0,0.0,0.0,0.0,0.0,0.0,0.0,0.0,0.0
0.2027745118218132,0.2289490886458033,0.4128881983919453,0.3686631477959638,0.45902535342751466,0.41670373859158155,0.48147005403704846,0.4385451860094066,0.4922165247622903,0.4512144883083491,0.4951748283692361,0.46097175445509847,0.4955918299038316,0.465976386734349,0.4962559674988295,0.47006757093845997,0.4971808402519254,0.4729558750744251,0.49716617332793456,0.47614487133714284,0.4985057055103707,0.4771679323738356,0.49782007687103685,0.4793752077776016,0.49855303397733747,0.4808688848729173,0.4986087005235469,0.48211275143129806,0.4983607482591183,0.48350106412484434,0.49885416773746327,0.4841132098898352,0.49880300267757477,0.4850548097990144,0.4986769451652319,0.4859451882512457,0.49872129233718443,0.4865679565051091,0.49895443578761955,0.48715446880963964,0.4988449207042095,0.4877136735241595,0.498901728499951,0.48798255087593884,0.47728847452603124,0.446419126983128,0.437288057216666,0.40810611557512283,0.39968041903545004,0.3723012123960972,0.36488649580628496,0.33954158717497235,0.3328287754622662,0.3090591362909591,0.30336388571680334,0.28065520132179533,0.2756290483150974,0.2543309443646258,0.24982610942332178,0.2292641876127715,0.22562171971027495,0.20635897553825935,0.2029358891167347,0.18459976242836765,0.18175297921181965,0.16410996992340623,0.16162035277751605,0.14484542009865198,0.1428134027543946,0.12662293047137202,0.12496355735157241,0.10964926956125493,0.10805908153066951,0.09324967800192695,0.09202492610452434,0.07797691984220849,0.07685656297584598,0.06331005076604607,0.06250489406735901,0.04943531525818437,0.04869107402910515,0.03611597364411113,0.035682678704711944,0.02359277579223198,0.023222371960209424,0.011491486221704832,0.011319180511684313,0.0,0.0,0.0,0.0,0.0,0.0,0.0,0.0,0.0,0.0,0.0,0.0,0.0
0.222362924056394,0.24706776190299998,0.42008118124133526,0.3713218574465469,0.462029563506995,0.42197530095055813,0.4836223260630457,0.4420586726447259,0.4950752554185752,0.45251390677377196,0.49536947836898537,0.46167665989311235,0.49670019734545506,0.4667399097290924,0.4971259444057878,0.4703080716750884,0.4977937650575648,0.4736355886123544,0.4973451512164938,0.47623229347031026,0.49852095771146515,0.477513450565554,0.49790742536902616,0.48010773918591376,0.4990504569410291,0.4811843380257131,0.49881245047833833,0.48213508554681583,0.4985523421966755,0.48351216445690276,0.49900386271904457,0.4841867132264272,0.4990473661585704,0.485136240135763,0.4988552540058498,0.48596729928871485,0.4988544620471273,0.4866716104627001,0.4989716753951843,0.4872402428801955,0.49892656999099605,0.4877673267080217,0.49897014578646026,0.48810237198947676,0.4773725906870784,0.446503586175999,0.4373126670330115,0.4081288510578471,0.39971019394117546,0.3723968158466522,0.36496173394301135,0.3395595383638776,0.33293236604761367,0.30915061127287513,0.30349405111291333,0.2806615725495197,0.27567401007962206,0.25446721842619996,0.24987098220746634,0.2293132778617725,0.22564425141029887,0.2064156071291448,0.20307525024603704,0.18467725452731856,0.1817694811717042,0.16416438722221327,0.16166593302080823,0.14495726434309134,0.14282195604680772,0.126721679276795,0.12505296460686316,0.10967895676491855,0.10809878287439255,0.09331648686218534,0.09206642128354274,0.07804172046602473,0.0768604860559787,0.06331494796026783,0.06253678673164016,0.04946459058775935,0.048775537455845536,0.03611818587469739,0.03570328782387692,0.02361192403263969,0.023234204190776316,0.011530086713213055,0.011355012046523139,0.0,0.0,0.0,0.0,0.0,0.0,0.0,0.0,0.0,0.0,0.0,0.0,0.0
