0.6593290419300073,0.4131388807663446,0.31105110257178026,0.2893715357814934,0.1957666049561501,0.15836751138142297,0.11099678794015434,0.04605122581596937,0,0,0,0,0,0,0,0,0,0,0,0,0,0,0,0,0,0,0,0,0,0,0,0,0,0,0,0,0,0,0,0,0,0,0,0,0,0,0,0,0,0,0,0,0,0,0,0,0,0,0,0,0,0,0,0,0,0,0,0,0,0,0,0,0,0,0,0,0,0,0,0,0,0,0,0,0,0,0,0,0,0,0,0,0,0,0,0,0,0,0,0,0
0.8282207024306582,0.7258830488355325,0.6733223761834136,0.660814985868304,0.6703764009720654,0.6558019963395473,0.6665263124361013,0.6372642641320406,0.5833392238504955,0.5628508407073375,0.5513654084629521,0.5264263201147339,0.5168626870470057,0.5065819117650645,0.4576391191705361,0.43015573031551685,0.4128832389039552,0.3674566293772017,0.35135083239045745,0.3575345751113554,0.35146476091557793,0.29034609345343,0.27007432062768555,0.23391398077749018,0.1667261566134836,0.14082140300561075,0.08615122681074992,0.053228324612844546,0.028290766543836082,0,0,0.05060202364046989,0.009963904324827995,0.034980370480256186,0.01687549373786643,0.039643403367011464,0.03272170935334646,0.02911672301922027,0.013975229803569024,0.005720866372981047,0,0,0,0,0,0,0,0,0,0,0,0,0,0,0,0,0,0,0,0,0,0,0,0,0,0,0,0,0,0,0,0,0,0,0,0,0,0,0,0,0,0,0,0,0,0,0,0,0,0,0,0,0,0,0,0,0,0,0,0,0
0.6803697332942208,0.4472437378733171,0.42214572600316663,0.4099936552952463,0.29961815219531895,0.26123713382888086,0.26789473101140515,0.2073580790317612,0.0905485535846981,0.03339880010181034,0.00494657607172919,0,0,0,0,0,0,0,0,0,0,0,0,0,0,0,0,0,0,0,0,0,0,0,0,0,0,0,0,0,0,0,0,0,0,0,0,0,0,0,0,0,0,0,0,0,0,0,0,0,0,0,0,0,0,0,0,0,0,0,0,0,0,0,0,0,0,0,0,0,0,0,0,0,0,0,0,0,0,0,0,0,0,0,0,0,0,0,0,0,0
0,0,0,0.730819365081732,0.6887429611429693,0.7179087910201021,0.7207831045591684,0.7343145993912941,0.6967824746327614,0.6944080223360124,0.6814046096778504,0.6715837594107307,0.673300904492635,0.6628508032034418,0.6194103975749916,0.597251698636427,0.5944500099179278,0.5689350464642354,0.556206500003933,0.5527217783926673,0.5496252985726137,0.5150609816515697,0.49858331875103834,0.4815834025240789,0.4358598927215231,0.36583050212527574,0.2869928907165496,0.24857901643200594,0.22814222330577474,0.20815460748183198,0.191350667959723,0.10085664969206191,0.06480529178213472,0.048208816799541525,0.030490929962746802,0.02317959584337325,0.016793757239418266,0.012890677957752636,0,0,0,0,0,0,0,0,0,0,0,0,0,0,0,0,0,0,0,0,0,0,0,0,0,0,0,0,0,0,0,0,0,0,0,0,0,0,0,0,0,0,0,0,0,0,0,0,0,0,0,0,0,0,0,0,0,0,0,0,0,0,0
0.6897112137582833,0.5319882320772513,0.5777246939248571,0.5465923939022533,0.48516502208027457,0.45934914111365616,0.441821924951477,0.40111095166113053,0.31636369068978065,0.32566629856497237,0.29182822313971885,0.24356927590129845,0.2804981372518688,0.269140036388843,0.19561663779168437,0.1458625127563169,0.13931092064955256,0.08163280465459818,0.04671837534589347,0.04751060766987886,0.09309293486083782,0.07296410493677916,0.070368102937735,0.055838375476333316,0,0,0,0,0,0,0,0,0,0,0,0,0,0,0,0,0,0,0,0,0,0,0,0,0,0,0,0,0,0,0,0,0,0,0,0,0,0,0,0,0,0,0,0,0,0,0,0,0,0,0,0,0,0,0,0,0,0,0,0,0,0,0,0,0,0,0,0,0,0,0,0,0,0,0,0,0
0.06334475145020063,0.5273606333578412,0.43381151367565635,0.42923161029203444,0.40287548423770486,0.3961695563319221,0.42733673154508917,0.3796580881471982,0.3482157913963205,0.2993886803877743,0.31117489237577545,0.2537852067711098,0.24832413155586472,0.2255812246628305,0.13422336315405087,0.08310261697751005,0.10785536221050679,0.03720690551728436,0.002066517172669021,0.02187996407002517,0,0,0,0,0,0,0,0,0,0,0,0,0,0,0,0,0,0,0,0,0,0,0,0,0,0,0,0,0,0,0,0,0,0,0,0,0,0,0,0,0,0,0,0,0,0,0,0,0,0,0,0,0,0,0,0,0,0,0,0,0,0,0,0,0,0,0,0,0,0,0,0,0,0,0,0,0,0,0,0,0
0.010280751202972527,0,0,0.730819365081732,0.679495182444738,0.7500997983136682,0.7424296988753837,0.743913834460674,0.7290962722738002,0.7226747851452554,0.7019554340030071,0.6841403982810353,0.689497100247615,0.679538370229558,0.6381617433416478,0.625282800780174,0.6191964020838298,0.5902828394795081,0.5736960253771682,0.5758925961082174,0.5717197786815309,0.5404456632956138,0.521927456818252,0.5054275734463366,0.46151930826849036,0.3975809235327885,0.31935284252403284,0.2867893814050012,0.2577236805491867,0.24265710220099257,0.22636212394666805,0.14000696939240903,0.10609486445201953,0.09050577887297451,0.07302486179000883,0.05746710830002201,0.06219583314303691,0.05605759318460749,0.03483596554840097,0.04169528409734452,0.01663005424171659,0,0,0,0,0,0,0,0,0,0,0,0,0,0,0,0,0,0,0,0,0,0,0,0,0,0,0,0,0,0,0,0,0,0,0,0,0,0,0,0,0,0,0,0,0,0,0,0,0,0,0,0,0,0,0,0,0,0,0,0
0.6146239449077942,0.4168125061940241,0,0.7722785512972127,0.7551301891627415,0.7992018447789953,0.7913713526092624,0.789952108477653,0.7738983696571978,0.7656735621199063,0.750586924178573,0.7315519679716909,0.7322979226815581,0.7217240364165912,0.6882512698279329,0.6759713802572658,0.6681604483357795,0.6425092779736006,0.6293688900255753,0.627254006340839,0.616901729643921,0.59623584645155,0.5805881136331724,0.5588545664944654,0.5238212200565108,0.4666112339145558,0.394071043096437,0.3642946452956092,0.3314386653214593,0.3244473423030336,0.3105636705521418,0.23281147526719645,0.20149349006865686,0.1860567762946631,0.17243339314750325,0.1663637992800943,0.1581813170050924,0.15858666491072734,0.13968788480144348,0.13985622540209433,0.1190953883097452,0.10410645272340072,0.08750017466773664,0,0,0,0,0,0,0,0,0,0,0,0,0,0,0,0,0,0,0,0,0,0,0,0,0,0,0,0,0,0,0,0,0,0,0,0,0,0,0,0,0,0,0,0,0,0,0,0,0,0,0,0,0,0,0,0,0,0
0,0.349063761559708,0.2596628347425525,0.21329091595302876,0.11467522717620778,0.07630968592722069,0.1650280421584324,0.11543136640452413,0.08187593564620907,0.009446019634169082,0.03371962365471147,0.02165588294675527,0,0.015728456354871894,0.005937384200476525,0,0,0,0,0,0,0,0,0,0,0,0,0,0,0,0,0,0,0,0,0,0,0,0,0,0,0,0,0,0,0,0,0,0,0,0,0,0,0,0,0,0,0,0,0,0,0,0,0,0,0,0,0,0,0,0,0,0,0,0,0,0,0,0,0,0,0,0,0,0,0,0,0,0,0,0,0,0,0,0,0,0,0,0,0,0
0.8757378402281742,0.7828008204744649,0.7398602849344909,0.7246530895316324,0.6738004583395542,0.6533090188445294,0.648837168651051,0.6178651516353411,0.5718929670379667,0.5339065033592102,0.49917234480092904,0.4583117663018803,0.44538095878768313,0.4211412481530117,0.3561824771460749,0.3273575757674393,0.30461346151893876,0.2577345150402768,0.22705136057277275,0.22623332948897856,0.2111129076137954,0.15844485135302383,0.13259076651985344,0.09635867367257132,0.044541527299780566,0,0,0,0,0,0,0,0,0,0,0,0,0,0,0,0,0,0,0,0,0,0,0,0,0,0,0,0,0,0,0,0,0,0,0,0,0,0,0,0,0,0,0,0,0,0,0,0,0,0,0,0,0,0,0,0,0,0,0,0,0,0,0,0,0,0,0,0,0,0,0,0,0,0,0,0
0.3352663417046781,0.3432852864385309,0,0.6902049602960288,0.6424833228021998,0.6220537796561361,0.7314866727163348,0.7259501059431318,0.7033987038954013,0.7055934852397596,0.6882148488043474,0.6767352956046063,0.6702595917833358,0.6600611549499342,0.6207058293483856,0.6040188316891651,0.5904255931657063,0.5615586799851247,0.5568727258615407,0.5617207055357367,0.5496252985726137,0.5088243629874497,0.4908026043724988,0.46226752447735187,0.4240244512567896,0.35351897114248065,0.26808820350110174,0.24201418605963798,0.1968152849613888,0.17402508995849705,0.1562864715185183,0.059976566162186544,0.01783586016530681,0,0,0,0,0,0,0,0,0,0,0,0,0,0,0,0,0,0,0,0,0,0,0,0,0,0,0,0,0,0,0,0,0,0,0,0,0,0,0,0,0,0,0,0,0,0,0,0,0,0,0,0,0,0,0,0,0,0,0,0,0,0,0,0,0,0,0,0
0,0.7345042739357289,0.6894384923499808,0.6827143246473082,0.6474099596595178,0.6354548666201428,0.6394131327618486,0.6233068083543898,0.5795446953251217,0.5429044443721148,0.5413492163638542,0.5175695446284094,0.5189936663071153,0.5062439840494881,0.4803180123367524,0.4469038656307661,0.4521245857527252,0.4111029052601501,0.3881466834290586,0.38785621128663567,0.3718163680876128,0.31261416548220305,0.283872574847818,0.24847747556092298,0.1894788825014633,0.08393918287506684,0,0,0,0,0,0,0,0,0,0,0,0,0,0,0,0,0,0,0,0,0,0,0,0,0,0,0,0,0,0,0,0,0,0,0,0,0,0,0,0,0,0,0,0,0,0,0,0,0,0,0,0,0,0,0,0,0,0,0,0,0,0,0,0,0,0,0,0,0,0,0,0,0,0,0
0.6619303561874607,0.4235222582672253,0.31227864590418564,0.28200925507743907,0.2119364338895603,0.1661433445195483,0.12437289107385373,0.1329574009183087,0,0,0,0,0,0,0,0,0,0,0,0,0,0,0,0,0,0,0,0,0,0,0,0,0,0,0,0,0,0,0,0,0,0,0,0,0,0,0,0,0,0,0,0,0,0,0,0,0,0,0,0,0,0,0,0,0,0,0,0,0,0,0,0,0,0,0,0,0,0,0,0,0,0,0,0,0,0,0,0,0,0,0,0,0,0,0,0,0,0,0,0,0
0.6017729012537142,0.29760948922609715,0.18143882813690798,0.19817644887064612,0.04820393287125659,0.005783041764585126,0,0,0.035666268566279045,0,0,0,0,0,0,0,0,0,0,0,0,0,0,0,0,0,0,0,0,0,0,0,0,0,0,0,0,0,0,0,0,0,0,0,0,0,0,0,0,0,0,0,0,0,0,0,0,0,0,0,0,0,0,0,0,0,0,0,0,0,0,0,0,0,0,0,0,0,0,0,0,0,0,0,0,0,0,0,0,0,0,0,0,0,0,0,0,0,0,0,0
0,0.19822671657101554,0.21179075884222376,0.1770419126522403,0.06914886067528857,0.06074536818190002,0.02379102586031845,0,0,0,0,0.024262244662267642,0.0059719999082485115,0,0,0,0,0,0,0,0,0,0,0,0,0,0,0,0,0,0,0,0,0,0,0,0,0,0,0,0,0,0,0,0,0,0,0,0,0,0,0,0,0,0,0,0,0,0,0,0,0,0,0,0,0,0,0,0,0,0,0,0,0,0,0,0,0,0,0,0,0,0,0,0,0,0,0,0,0,0,0,0,0,0,0,0,0,0,0,0
0.8530745640021862,0.7401876290276469,0.7472670987386181,0.7307254919987163,0.7106580716150067,0.6971130199255997,0.6919873840615833,0.6817155881490022,0.6306863262428278,0.6005567811958594,0.5753826363909302,0.5571422878630419,0.5480320535621414,0.5363271211957792,0.4793613222669445,0.46032901729464787,0.44292960948882404,0.4044416234064711,0.3851512183027313,0.3798466425166892,0.3673257574643224,0.314370293621823,0.2929476692900023,0.2545001427692771,0.21968244897944209,0.18465578030060734,0.07427619012693214,0.043401189876069834,0.01973839546982345,0.020077280917712863,0,0,0,0,0,0,0,0,0,0,0,0,0,0,0,0,0,0,0,0,0,0,0,0,0,0,0,0,0,0,0,0,0,0,0,0,0,0,0,0,0,0,0,0,0,0,0,0,0,0,0,0,0,0,0,0,0,0,0,0,0,0,0,0,0,0,0,0,0,0,0
0.8475165848526481,0.7916369619338909,0.746947993451112,0.7286194948589896,0.705898678162568,0.7185225316454249,0.7136820952128154,0.6916134115551101,0.6595933148831159,0.6412929147182707,0.622651446779075,0.5916122250576226,0.5839841708116176,0.5662055757644155,0.5263144957004752,0.4965828253831993,0.4870306544081817,0.4517956215105143,0.43294937750340096,0.4292790933555677,0.42587425351739044,0.3781963372453949,0.3500409145108543,0.3156427129391825,0.27471921597916177,0.222910940175561,0.12405658706693672,0.14901926416020833,0.10071491932656101,0.1094466062282845,0.13550422520217403,0.14548506565561953,0.13104824863204356,0.13812255516103292,0.12596058796233575,0.12868507571128993,0.12155492182820703,0.12088348168256426,0.12066159567029375,0.11438310825373481,0.11356734972049103,0.10278734256163574,0.0884983449212218,0.02283852702077124,0,0,0,0,0,0,0,0,0,0,0,0,0,0,0,0,0,0,0,0,0,0,0,0,0,0,0,0,0,0,0,0,0,0,0,0,0,0,0,0,0,0,0,0,0,0,0,0,0,0,0,0,0,0,0,0,0
0.22994431703614202,0.027826831841052686,0,0,0,0,0,0,0,0,0,0,0,0,0,0,0,0,0,0,0,0,0,0,0,0,0,0,0,0,0,0,0,0,0,0,0,0,0,0,0,0,0,0,0,0,0,0,0,0,0,0,0,0,0,0,0,0,0,0,0,0,0,0,0,0,0,0,0,0,0,0,0,0,0,0,0,0,0,0,0,0,0,0,0,0,0,0,0,0,0,0,0,0,0,0,0,0,0,0,0
0.2798183693994793,0,0,0.72349399757229,0.6728243775096417,0.6823731987773134,0.7036614771444071,0.7278949336888172,0.7226442298468992,0.7121541610997985,0.7018057714950264,0.6811622204080974,0.6800673223606888,0.6695590460796244,0.6293218069184914,0.6071277283881298,0.6029804674029235,0.5746252960891644,0.5593559791948637,0.567687254926586,0.5558692191707963,0.5159146026856677,0.5057051157440817,0.4839048518867079,0.43920108795218815,0.37017346290454156,0.28978731326809126,0.2608299205213194,0.2173577910905782,0.19815249044604097,0.18226563314484862,0.08895460662989307,0.048207624294306146,0.03834349141925679,0.02183676401089768,0.0010325335604565843,0,0,0,0,0,0,0,0,0,0,0,0,0,0,0,0,0,0,0,0,0,0,0,0,0,0,0,0,0,0,0,0,0,0,0,0,0,0,0,0,0,0,0,0,0,0,0,0,0,0,0,0,0,0,0,0,0,0,0,0,0,0,0,0,0
0.24450556513294625,0,0,0,0,0,0,0,0,0,0,0,0,0,0,0,0,0,0,0,0,0,0,0,0,0,0,0,0,0,0,0,0,0,0,0,0,0,0,0,0,0,0,0,0,0,0,0,0,0,0,0,0,0,0,0,0,0,0,0,0,0,0,0,0,0,0,0,0,0,0,0,0,0,0,0,0,0,0,0,0,0,0,0,0,0,0,0,0,0,0,0,0,0,0,0,0,0,0,0,0
0.9703269512830713,0.947072824085343,0.9367950323402497,0.9346037113175218,0.9224050516190622,0.9177265491861394,0.9137954467102104,0.9061767030318181,0.8918750090949489,0.8825238457436732,0.8738572035193273,0.8633952874017456,0.8601193455042491,0.8539840609763812,0.834911131271824,0.8241197150492963,0.8180422920081216,0.804827287525576,0.7977125112633943,0.7985091164530123,0.7935746280598581,0.7741301054353582,0.7637046644464043,0.750434297384575,0.7286584787704514,0.6935709884495564,0.6518373808754734,0.6335793477056483,0.612076782003725,0.6019283802729202,0.5947941928594703,0.5486242175574504,0.5402557628953842,0.5350728190463057,0.5267300481364664,0.5178632984068123,0.5155567339901307,0.5084650537041947,0.505164340841582,0.501584410206083,0.49373860421833243,0.4831452691461493,0.4736222037332975,0.4177801540174969,0.3441475663726431,0,0,0,0,0,0,0,0,0,0,0,0,0,0,0,0,0,0,0,0,0,0,0,0,0,0,0,0,0,0,0,0,0,0,0,0,0,0,0,0,0,0,0,0,0,0,0,0,0,0,0,0,0,0,0,0
0,0,0,0,0,0,0,0,0,0,0,0,0,0,0,0,0,0,0,0,0,0,0,0,0,0,0,0,0,0,0,0,0,0,0,0,0,0,0,0,0,0,0,0,0,0,0,0,0,0,0,0,0,0,0,0,0,0,0,0,0,0,0,0,0,0,0,0,0,0,0,0,0,0,0,0,0,0,0,0,0,0,0,0,0,0,0,0,0,0,0,0,0,0,0,0,0,0,0,0,0
0.10292090858086028,0.4235222582672253,0.3279622987865725,0.31350332636675154,0.22299375791409282,0.22883360914336257,0.2361073851565159,0.17459875059870975,0.10055227617344682,0.047057426876026,0,0,0,0,0,0,0,0,0,0,0,0,0,0,0,0,0,0,0,0,0,0,0,0,0,0,0,0,0,0,0,0,0,0,0,0,0,0,0,0,0,0,0,0,0,0,0,0,0,0,0,0,0,0,0,0,0,0,0,0,0,0,0,0,0,0,0,0,0,0,0,0,0,0,0,0,0,0,0,0,0,0,0,0,0,0,0,0,0,0,0
0,0,0,0.6902049602960288,0.6424833228021998,0.705373250664582,0.7025368308440441,0.6849390335038983,0.6666556775977537,0.6540964267103773,0.6444623597574501,0.6442269520824254,0.6395777536488412,0.6298292718517146,0.5828220029643754,0.5672024676452856,0.5523665249184523,0.5390220554007267,0.5234089919674982,0.5213190237766938,0.525662400529858,0.4856817040722486,0.4753951397329115,0.4468161307394159,0.3985824041472117,0.32837666771098417,0.23824221642125523,0.21134229191247816,0.1656160357117968,0.151925701602241,0.13866141120074138,0.04249659076453786,0.003147348788349819,0,0,0,0,0,0,0,0,0,0,0,0,0,0,0,0,0,0,0,0,0,0,0,0,0,0,0,0,0,0,0,0,0,0,0,0,0,0,0,0,0,0,0,0,0,0,0,0,0,0,0,0,0,0,0,0,0,0,0,0,0,0,0,0,0,0,0,0
0.8249181486059832,0.687749777744965,0.6358779735602885,0.6133630695192259,0.543278678823546,0.5154044602712841,0.492942687591581,0.46804386867580655,0.3841469389133167,0.3310999694264635,0.29500626861390217,0.23739778278714715,0.23074910096788392,0.22715771895746922,0.14083126414202363,0.08599139327514686,0.08323208949184242,0.013130128885626166,0,0,0,0,0,0,0,0,0,0,0,0,0,0,0,0,0,0,0,0,0,0,0,0,0,0,0,0,0,0,0,0,0,0,0,0,0,0,0,0,0,0,0,0,0,0,0,0,0,0,0,0,0,0,0,0,0,0,0,0,0,0,0,0,0,0,0,0,0,0,0,0,0,0,0,0,0,0,0,0,0,0,0
0,0.7488146471589836,0.7069847567742588,0.6902049602960288,0.6424833228021998,0.6220537796561361,0.6517819867191932,0.6395981089031034,0.6082937951136371,0.5788507219864389,0.5520884486023336,0.5213003483572092,0.5185354830227955,0.5040647700158465,0.43998349944591614,0.42028623652321884,0.4095840464094189,0.3685993378326059,0.3478497085021257,0.345509623004932,0.33050548626966786,0.2757326642642622,0.24234993732015284,0.23033525712731456,0.16303722435104115,0.061804717843843705,0,0,0,0,0,0,0,0,0,0,0,0,0,0,0,0,0,0,0,0,0,0,0,0,0,0,0,0,0,0,0,0,0,0,0,0,0,0,0,0,0,0,0,0,0,0,0,0,0,0,0,0,0,0,0,0,0,0,0,0,0,0,0,0,0,0,0,0,0,0,0,0,0,0,0
0.8127441591051703,0.6636415218782545,0.6003777068317737,0.5877100134840214,0.519211530955744,0.5016394613450791,0.4870105023148056,0.4875089899910197,0.4155728023225022,0.36849252481894157,0.3229937474711467,0.2831160486351877,0.28419613934929705,0.27932291028086587,0.1975528429276974,0.14799632361175102,0.13980795459936998,0.0861471894204379,0.06149092273106514,0.05779013094910135,0.061172836187172404,0,0,0,0,0,0,0,0,0,0,0,0,0,0,0,0,0,0,0,0,0,0,0,0,0,0,0,0,0,0,0,0,0,0,0,0,0,0,0,0,0,0,0,0,0,0,0,0,0,0,0,0,0,0,0,0,0,0,0,0,0,0,0,0,0,0,0,0,0,0,0,0,0,0,0,0,0,0,0,0
0.6913395755618083,0.7668539058762611,0.7424937941897087,0.7426020048781391,0.7347762178828207,0.75224100895267,0.7424296988753837,0.7247609082786955,0.681899630197444,0.6968534445222927,0.6858398242080562,0.6642594069308393,0.669951226311409,0.664190489333599,0.6323643254145076,0.6130845406564979,0.6027669841094635,0.5720026631984395,0.561457290837025,0.567120513557883,0.5601237997412074,0.5243183356015851,0.5047909689167904,0.4918737653884083,0.4531207053412942,0.39041795239798976,0.3175126046201622,0.2859771630453319,0.25323743405229077,0.2315618389722567,0.21871925047614585,0.12926348687783748,0.0983945412823011,0.08450528600656766,0.07079091523748421,0.053414499236813455,0.044598902999287385,0.03295745645336765,0.013884797197267807,0.005480993931771091,0,0,0,0,0,0,0,0,0,0,0,0,0,0,0,0,0,0,0,0,0,0,0,0,0,0,0,0,0,0,0,0,0,0,0,0,0,0,0,0,0,0,0,0,0,0,0,0,0,0,0,0,0,0,0,0,0,0,0,0,0
0,0,0,0.7426020048781391,0.6968694724281266,0.7059006538617395,0.7080775568450132,0.712817132858108,0.6797402283242997,0.6687983927019991,0.6663431832894012,0.6636814314012304,0.6583120985452637,0.650116468646884,0.608705456519432,0.5847731544805451,0.5910049581816605,0.5600253228245067,0.5432646965434469,0.5394134744972767,0.5363057325311537,0.5044531631008141,0.49647745097879087,0.46886289899543254,0.42795633224227125,0.35149582505814664,0.2624984569578769,0.2395421826217282,0.2201455212423622,0.1988642068941577,0.18243374172986013,0.09125288084983187,0.052418476745130956,0.03728519410770717,0.02146007661226542,0,0,0,0,0,0,0,0,0,0,0,0,0,0,0,0,0,0,0,0,0,0,0,0,0,0,0,0,0,0,0,0,0,0,0,0,0,0,0,0,0,0,0,0,0,0,0,0,0,0,0,0,0,0,0,0,0,0,0,0,0,0,0,0,0,0
0,0,0,0.6902049602960288,0.6424833228021998,0.645782937848177,0.6611523245586418,0.6709010923622472,0.6775485602800344,0.6687983927019991,0.6698214245174089,0.6429468742855342,0.6388345068966241,0.6238983530733867,0.5891328643831875,0.5626277202599433,0.5681157035080154,0.534992518122303,0.5173935083443278,0.514186858255899,0.5232080103986673,0.4788753164927491,0.4701484198707287,0.44072171898141926,0.40101901344535756,0.3298456841823254,0.24156986767523064,0.20610819112184578,0.1645946345660518,0.14881702581629372,0.13454723851255931,0.035113373445602974,0,0,0,0,0,0,0,0,0,0,0,0,0,0,0,0,0,0,0,0,0,0,0,0,0,0,0,0,0,0,0,0,0,0,0,0,0,0,0,0,0,0,0,0,0,0,0,0,0,0,0,0,0,0,0,0,0,0,0,0,0,0,0,0,0,0,0,0,0
0,0.4235222582672253,0.3279622987865725,0.31350332636675154,0.2119364338895603,0.21070735961161843,0.31665863200879485,0.2751226598186786,0.16352404353162192,0.17294118752259102,0.20795873596398678,0.15211394084561514,0.13453024937278377,0.13049408025577544,0.07155330043450768,0.03091130533432049,0,0,0,0,0,0,0,0,0,0,0,0,0,0,0,0,0,0,0,0,0,0,0,0,0,0,0,0,0,0,0,0,0,0,0,0,0,0,0,0,0,0,0,0,0,0,0,0,0,0,0,0,0,0,0,0,0,0,0,0,0,0,0,0,0,0,0,0,0,0,0,0,0,0,0,0,0,0,0,0,0,0,0,0,0
0,0.5273606333578412,0.44701316863163904,0.42567286241105046,0.3258610075072392,0.3702884601893062,0.42077353261500594,0.3744608926177793,0.2907248986920784,0.26124938415570503,0.27540050659511356,0.22606663702856386,0.21795517459428224,0.18986810190693137,0.10060103828083437,0.04875314866098146,0.07019916258137161,0,0,0,0,0,0,0,0,0,0,0,0,0,0,0,0,0,0,0,0,0,0,0,0,0,0,0,0,0,0,0,0,0,0,0,0,0,0,0,0,0,0,0,0,0,0,0,0,0,0,0,0,0,0,0,0,0,0,0,0,0,0,0,0,0,0,0,0,0,0,0,0,0,0,0,0,0,0,0,0,0,0,0,0
0,0.041112063225909524,0.12890995093585522,0.136308981556005,0.04171667745655554,0,0,0,0,0,0,0,0,0,0,0,0,0,0,0,0,0,0,0,0,0,0,0,0,0,0,0,0,0,0,0,0,0,0,0,0,0,0,0,0,0,0,0,0,0,0,0,0,0,0,0,0,0,0,0,0,0,0,0,0,0,0,0,0,0,0,0,0,0,0,0,0,0,0,0,0,0,0,0,0,0,0,0,0,0,0,0,0,0,0,0,0,0,0,0,0
0.6393646675163869,0.36544420826950175,0.2918917925928701,0.3515914890071709,0.27411343548327965,0.3227315628711131,0.28838428481611705,0.25744739402809347,0.18528411041934872,0.114638582110582,0.09306335106146837,0.03384126995930569,0.010835507664030106,0.09311605495445821,0,0,0,0,0,0,0,0,0,0,0,0,0,0,0,0,0,0,0,0,0,0,0,0,0,0,0,0,0,0,0,0,0,0,0,0,0,0,0,0,0,0,0,0,0,0,0,0,0,0,0,0,0,0,0,0,0,0,0,0,0,0,0,0,0,0,0,0,0,0,0,0,0,0,0,0,0,0,0,0,0,0,0,0,0,0,0
0,0.3432852864385309,0.13701845738975904,0.7207460787665804,0.7013654490450086,0.705373250664582,0.7363409153173369,0.7435903545428352,0.7280756827357676,0.7088460553981156,0.699350903087425,0.677958950409123,0.6714431451011746,0.6575509184340755,0.6145278615125696,0.6044636247479922,0.5941291944973629,0.5770597210147534,0.5656558955154748,0.563878945918462,0.5538126243467499,0.5127298022883858,0.4998548731783351,0.47519994258191717,0.4280577408111675,0.3536220162400423,0.2677126850823009,0.23526529849800776,0.18994764753719284,0.16653521180085232,0.1510769667940696,0.059383277984794654,0.01647771880366723,0.000029092362426747263,0,0,0,0,0,0,0,0,0,0,0,0,0,0,0,0,0,0,0,0,0,0,0,0,0,0,0,0,0,0,0,0,0,0,0,0,0,0,0,0,0,0,0,0,0,0,0,0,0,0,0,0,0,0,0,0,0,0,0,0,0,0,0,0,0,0,0
0,0.7488146471589836,0.7246658577050662,0.730819365081732,0.679495182444738,0.6723813877211189,0.659325604490939,0.6611627287642294,0.6090162655793951,0.57933725364733,0.5574309996523639,0.5364406013294105,0.5263874571114723,0.5218328234058067,0.46408999009776064,0.45287772916585717,0.45177907153901126,0.4200351338290679,0.4112761920877886,0.41402675113969173,0.41198519585709764,0.36876556039637104,0.3475234115508626,0.31084729489198826,0.2550495173126336,0.15543322995470102,0.03999145476964046,0,0,0,0,0,0,0,0,0,0,0,0,0,0,0,0,0,0,0,0,0,0,0,0,0,0,0,0,0,0,0,0,0,0,0,0,0,0,0,0,0,0,0,0,0,0,0,0,0,0,0,0,0,0,0,0,0,0,0,0,0,0,0,0,0,0,0,0,0,0,0,0,0,0
0,0.5319882320772513,0.48883973535761194,0.47562064656420994,0.39270095629400104,0.35919199066204954,0.41914341072149713,0.39970917853201904,0.3273667839370424,0.30964458936475603,0.2732719787253443,0.23435221618116941,0.2338629377585299,0.2538354803368491,0.21334839283890641,0.16639100700499573,0.16567566612434445,0.11900150637209163,0.08885418131928431,0.10334758296802418,0.11154229037705686,0.031561571434291585,0,0,0,0,0.03999145476964046,0.03024000697122813,0,0,0,0,0,0,0.02249653893833023,0.014038866772013495,0.007855728417327708,0,0,0,0,0,0,0,0,0,0,0,0,0,0,0,0,0,0,0,0,0,0,0,0,0,0,0,0,0,0,0,0,0,0,0,0,0,0,0,0,0,0,0,0,0,0,0,0,0,0,0,0,0,0,0,0,0,0,0,0,0,0,0,0
0.3417212764533492,0.1271654261682293,0.03898330859797291,0.15718665625376935,0,0,0,0,0,0,0,0,0,0,0,0,0,0,0,0,0,0,0,0,0,0,0,0,0,0,0,0,0,0,0,0,0,0,0,0,0,0,0,0,0,0,0,0,0,0,0,0,0,0,0,0,0,0,0,0,0,0,0,0,0,0,0,0,0,0,0,0,0,0,0,0,0,0,0,0,0,0,0,0,0,0,0,0,0,0,0,0,0,0,0,0,0,0,0,0,0
0,0.4235222582672253,0.33134517548041154,0.3484745282218233,0.22632237992698648,0.19455112925500587,0.2193833901432546,0.16137439096879552,0.03260635274424895,0.02228467639635854,0.08745304736796661,0.019239759478834276,0.004821815526404486,0,0,0,0,0,0,0,0,0,0,0,0,0,0,0,0,0,0,0,0,0,0,0,0,0,0,0,0,0,0,0,0,0,0,0,0,0,0,0,0,0,0,0,0,0,0,0,0,0,0,0,0,0,0,0,0,0,0,0,0,0,0,0,0,0,0,0,0,0,0,0,0,0,0,0,0,0,0,0,0,0,0,0,0,0,0,0,0
0.647014773024586,0.40212513411122897,0.27554141882741084,0.3367146530088617,0.3676275323278006,0.4192677723079712,0.38809109615447357,0.35436702813352833,0.2533537202133553,0.18872623297696053,0.1346223906366571,0.09458795167718055,0.10026564055679507,0.0681931123878789,0.01263295651627375,0.023862277985265187,0.06993989072896888,0.030440851285973323,0,0,0,0,0,0,0,0,0,0,0,0,0,0,0,0,0,0,0,0,0,0,0,0,0,0,0,0,0,0,0,0,0,0,0,0,0,0,0,0,0,0,0,0,0,0,0,0,0,0,0,0,0,0,0,0,0,0,0,0,0,0,0,0,0,0,0,0,0,0,0,0,0,0,0,0,0,0,0,0,0,0,0
0.9730454621618942,0.9518894391232199,0.9427608916029265,0.9392234264760755,0.928132537776676,0.9256234037940387,0.9216560497061866,0.9146666600464766,0.9010363898928664,0.8926049295423408,0.8849932703523427,0.8755186835257546,0.8733225051818562,0.86806583524634,0.8511811864363609,0.8419013380795064,0.8369371905480356,0.8245108978104186,0.8185330318849157,0.8169746718945277,0.8129251572562098,0.7955968403038524,0.7864310547969101,0.7742738966593912,0.7547818888426399,0.7222053574482805,0.6845267407666963,0.669140999388674,0.6482457529497705,0.6387144393185983,0.6314719545425505,0.591277190240161,0.5743308492007633,0.5727525613209549,0.5662387314572828,0.5567319885168338,0.5556610450336602,0.5499889878085071,0.5414668737820665,0.5376922200401769,0.5258743813678963,0.5154725485587324,0.5021888098691905,0.4536072898328679,0.38741984365337934,0.046191736124029485,0,0,0,0,0,0,0,0,0,0,0,0,0,0,0,0,0,0,0,0,0,0,0,0,0,0,0,0,0,0,0,0,0,0,0,0,0,0,0,0,0,0,0,0,0,0,0,0,0,0,0,0,0,0,0
0.7130904778510833,0.5189732440159109,0.11806456137822291,0.6902049602960288,0.6424833228021998,0.6220537796561361,0.6517819867191932,0.6233068083543898,0.6636184374917325,0.6378553507931731,0.6118193956660223,0.5893917803966071,0.5842363181390035,0.5909106209401861,0.5467635602842085,0.5328027886643493,0.5194701632427731,0.48644040763484403,0.4808974885410095,0.48867226129264074,0.47559976246512603,0.42836824877862695,0.4128200661286732,0.3879801065171991,0.33927031380310674,0.2537116206671533,0.1744242490798695,0.1383733038336084,0.08403059091256336,0.06873485798901698,0.05168807083700819,0,0,0,0,0,0,0,0,0,0,0,0,0,0,0,0,0,0,0,0,0,0,0,0,0,0,0,0,0,0,0,0,0,0,0,0,0,0,0,0,0,0,0,0,0,0,0,0,0,0,0,0,0,0,0,0,0,0,0,0,0,0,0,0,0,0,0,0,0,0
0,0,0,0,0,0,0,0,0,0,0,0,0,0,0,0,0,0,0,0,0,0,0,0,0,0,0,0,0,0,0,0,0,0,0,0,0,0,0,0,0,0,0,0,0,0,0,0,0,0,0,0,0,0,0,0,0,0,0,0,0,0,0,0,0,0,0,0,0,0,0,0,0,0,0,0,0,0,0,0,0,0,0,0,0,0,0,0,0,0,0,0,0,0,0,0,0,0,0,0,0
0,0.7866387044016112,0.756942397623584,0.7681410513023438,0.7284204612660882,0.7278418849228449,0.7331354664388238,0.7241507750208243,0.6824612657851897,0.6729634624188975,0.6544225212228576,0.6267670422779047,0.6186917639265795,0.6058153061144681,0.5714958435731164,0.5657593395722135,0.5553807530068378,0.5263821282355546,0.5118027795028512,0.5138622388529157,0.5033241403458817,0.46856480703268444,0.4462215022756958,0.42010615795361117,0.3689437251311655,0.2925338307697304,0.20138150538059843,0.16037207324135933,0.11257352429273128,0.09683821183829067,0.08516878533971708,0,0,0,0,0,0,0,0,0,0,0,0,0,0,0,0,0,0,0,0,0,0,0,0,0,0,0,0,0,0,0,0,0,0,0,0,0,0,0,0,0,0,0,0,0,0,0,0,0,0,0,0,0,0,0,0,0,0,0,0,0,0,0,0,0,0,0,0,0,0
0.8438148755007463,0.723936157489346,0.6644242627477508,0.6433997583223385,0.5791972957352,0.5593482260261331,0.5360943310233653,0.501816434286345,0.42741054017120733,0.39522720542385353,0.3811283277161986,0.3399090210822531,0.3348586575872746,0.3108639313216355,0.23458069431161566,0.21973155597665184,0.2049812732087759,0.17775496076819217,0.15692869495467246,0.15393822272452337,0.13391365231430194,0.0678273219339264,0.03411996153817707,0,0,0,0,0,0,0,0,0,0,0.009839384528001519,0.03422398670859421,0.023072122855165793,0.01589034359448567,0.0035818582692739745,0.006096300189750591,0,0.014638292594925472,0.005597734139722185,0,0,0,0,0,0,0,0,0,0,0,0,0,0,0,0,0,0,0,0,0,0,0,0,0,0,0,0,0,0,0,0,0,0,0,0,0,0,0,0,0,0,0,0,0,0,0,0,0,0,0,0,0,0,0,0,0,0,0
0.272233765789499,0.17749218365483177,0.01715775522650701,0,0,0,0,0,0,0,0,0,0,0,0,0,0,0,0,0,0,0,0,0,0,0,0,0,0,0,0,0,0,0,0,0,0,0,0,0,0,0,0,0,0,0,0,0,0,0,0,0,0,0,0,0,0,0,0,0,0,0,0,0,0,0,0,0,0,0,0,0,0,0,0,0,0,0,0,0,0,0,0,0,0,0,0,0,0,0,0,0,0,0,0,0,0,0,0,0,0
0,0.43434381078870954,0.3382015654088978,0.3777457712224421,0.27397248352360476,0.3106667564506687,0.2887282892301836,0.27509643083399044,0.17178172969563185,0.10324583007112098,0.07756679176536535,0,0,0,0,0,0,0,0,0,0,0,0,0,0,0,0,0,0,0,0,0,0,0,0,0,0,0,0,0,0,0,0,0,0,0,0,0,0,0,0,0,0,0,0,0,0,0,0,0,0,0,0,0,0,0,0,0,0,0,0,0,0,0,0,0,0,0,0,0,0,0,0,0,0,0,0,0,0,0,0,0,0,0,0,0,0,0,0,0,0
0,0.41983988262057964,0.10238705381171587,0.7471857301150764,0.7363193302541684,0.7263118367940181,0.7252104573720458,0.7352478949653879,0.7310908247621326,0.7095666399525389,0.6969076238655012,0.6735244522137458,0.6736012344355305,0.6607979119108056,0.620279136333123,0.6116740020848344,0.5982936336324478,0.5835757783425093,0.5712907876170067,0.569161767059403,0.5609027534515777,0.5209383701858927,0.4981950800396432,0.4795174696604988,0.4349777132084418,0.35946015677623144,0.2747660460915929,0.23825842430178665,0.19306159002168283,0.17927477451403345,0.16330868664663062,0.0709231989906812,0.029259313613551614,0.011170521461381058,0,0,0,0,0,0,0,0,0,0,0,0,0,0,0,0,0,0,0,0,0,0,0,0,0,0,0,0,0,0,0,0,0,0,0,0,0,0,0,0,0,0,0,0,0,0,0,0,0,0,0,0,0,0,0,0,0,0,0,0,0,0,0,0,0,0,0
