0.262728408207398,0.13556362912523717,0.06353921173837723,0,0,0,0,0,0,0,0,0,0,0,0,0,0,0,0,0,0,0,0,0,0,0,0,0,0,0,0,0,0,0,0,0,0,0,0,0,0,0,0,0,0,0,0,0,0,0,0,0,0,0,0,0,0,0,0,0,0,0,0,0,0,0,0,0,0,0,0,0,0,0,0,0,0,0,0,0,0,0,0,0,0,0,0,0,0,0,0,0,0,0,0,0,0,0,0,0,0
0.8004578130206551,0.6637927760548394,0.6200811920023068,0.5887895254205756,0.5520344128751011,0.5367029505962498,0.5067011720485107,0.4939537616281687,0.49400155012719144,0.5027051820995421,0.4870137786859253,0.47542425632971036,0.46799690226978463,0.45762503747505057,0.45696934030023484,0.4293631105111713,0.4174895691982534,0.4150533967316462,0.41049941287098013,0.39766425933766525,0.38280958403932125,0.3767773065898989,0.35021487204011437,0.3521084370313902,0.34694631419991384,0.31959554058754663,0.31260189377913605,0.2959444783146089,0.2836527203729819,0.2780980896324674,0.2623550226580067,0.2467244860594568,0.24863679602536184,0.24251763260190443,0.22139818238690695,0.20664196819240316,0.18174165944657764,0.17301831763632186,0.17567198700385322,0.16188843421717608,0.15509959071385598,0.1170602282367291,0.1289938820485906,0.10056040755003645,0.08435015062467711,0.09980725554277872,0.032404742865431796,0.055363372774871994,0.04394742130440135,0.029224826075680745,0.015071565430849795,0,0,0,0,0,0,0,0,0,0,0,0,0,0,0,0,0,0,0,0,0,0,0,0,0,0,0,0,0,0,0,0,0,0,0,0,0,0,0,0,0,0,0,0,0,0,0,0,0,0
0.7519704198240571,0.6182309556514312,0.5862901070292391,0.5568685636052371,0.5089221050423939,0.49016079837153037,0.45487492098473564,0.4415894469861026,0.44852516524292607,0.4364316168500629,0.44767690945009303,0.43342273331209313,0.4179852701958125,0.41756979278265727,0.41225387302149924,0.44197578664169557,0.43592327447481927,0.4755832498104304,0.4643799005146675,0.46906525552478506,0.4691265251929183,0.4646534429024008,0.4470657923931656,0.4340380048583897,0.43325963012336577,0.4078715842433995,0.39976521404798276,0.39189149822487196,0.38608317900853933,0.3699663237759905,0.37657870907427043,0.37653020347312555,0.3636652341902694,0.3713478139626522,0.34445022896707284,0.3376381634488391,0.35056212981827833,0.35652745129881735,0.3418669582045348,0.3345778990891952,0.3334250689664289,0.3052035755775574,0.3104488998478304,0.2889263708111737,0.27446136706539637,0.25559475015509575,0.19728667755533685,0.1887103344845336,0.18528968276568533,0.18574734388292755,0.16806017044243954,0.14215103966534648,0.1187101476951228,0.10729247320149114,0.10557664904696515,0.08281021688625845,0.08345145959896463,0.06266378821174591,0.014619334821874835,0.019428558834949924,0,0,0,0,0,0,0,0,0,0,0,0,0,0,0,0,0,0,0,0,0,0,0,0,0,0,0,0,0,0,0,0,0,0,0,0,0,0,0,0,0
0.7893792505329508,0.5805912124331903,0.5087071851915542,0.45115701512762113,0.42031611909805994,0.41375043583211424,0.3970927152222796,0.399413082063096,0.42129865856279614,0.412196849080227,0.3991342166071628,0.39176458266172354,0.38251510137444045,0.36160342482427227,0.35276184905416536,0.3218702179161654,0.31436217172946174,0.3255839213382929,0.30532784271626456,0.302697206426915,0.289703220512421,0.28257102026539793,0.25860282584427025,0.2464111111736544,0.23925521060667354,0.22307769863848478,0.21050926959268504,0.2147883468220296,0.2059579337856355,0.2030157837968954,0.19250406251115118,0.1840047027803344,0.17031033031506979,0.2101618391826776,0.17758980075097308,0.1627934799330348,0.1317556865764901,0.11430163463517369,0.09461346945553548,0.08790196803674935,0.11056880737618187,0.06952107244714813,0.0822676870750156,0.07031993660005222,0.11309700532902453,0.09077274538801164,0.023968141119787168,0.02080838184381536,0.007043526593251801,0,0,0,0,0,0,0,0,0,0,0,0,0,0,0,0,0,0,0,0,0,0,0,0,0,0,0,0,0,0,0,0,0,0,0,0,0,0,0,0,0,0,0,0,0,0,0,0,0,0,0,0
0,0.3437215587246192,0.2773051228348044,0.32314033852327456,0.25716732238000256,0.2012230467358869,0.135776001985429,0.12281784158972818,0.09676577253355143,0.10566049523181521,0.07904331394236792,0.07390126692611182,0.07373778836946913,0.04474417567055345,0.033630286103029476,0.05813165295052764,0.033540303272677784,0.014590957816234682,0.012987022569267008,0.01935719871357271,0,0.06542539657988675,0.024461971699763465,0.030946250636050193,0.08473358553841072,0.0478956549360752,0.03813210953501629,0.01650385279552765,0,0.045776333167888046,0.02731388653538071,0.02018581272570362,0.0032689008802056284,0,0,0,0,0,0,0,0,0,0,0,0,0,0,0,0,0,0,0,0,0,0,0,0,0,0,0,0,0,0,0,0,0,0,0,0,0,0,0,0,0,0,0,0,0,0,0,0,0,0,0,0,0,0,0,0,0,0,0,0,0,0,0,0,0,0,0,0
0,0.47953291089899464,0.47771064250810075,0.40682281539811116,0.3343400131858304,0.2746337017750404,0.23669424555856725,0.21116970536362997,0.18442020984054652,0.2218682866688231,0.3083534002330402,0.2942466142499779,0.26531353217946047,0.2452656388320059,0.24579648706450383,0.26981556205293145,0.30161004158257076,0.2908138539919031,0.31285048466751997,0.3186424231434726,0.3309480034401024,0.34634798468264405,0.31517731433197654,0.3119015520320239,0.31205745102309423,0.2830881599654059,0.27050067922632975,0.26293991143103246,0.2894769880494736,0.2663706668437663,0.2666827518659068,0.2516928373211424,0.2390409836472539,0.23846437003460721,0.22149744964048118,0.2297813285438017,0.22313199141434914,0.20883514619609767,0.20831574726823202,0.19099043243622196,0.20123832896592492,0.18554459060901218,0.18800909587169518,0.164143941117185,0.1678787400370707,0.20487993015928405,0.15092308911150562,0.15712990905551677,0.19394120780572938,0.17466268334905238,0.15816237068698208,0.13423541484557333,0.1163702205639626,0.10116563110574914,0.09109556555489674,0.09391426923917763,0.11677863158775897,0.09285582205993684,0.038973599309102394,0.05189072611783937,0.05848416281849863,0.055660006329827004,0.06679585520617003,0.0597065360266171,0.044705155695086846,0.05139156888242148,0.04157958242450096,0.02601449821372519,0,0,0,0,0,0,0,0,0,0,0,0,0,0,0,0,0,0,0,0,0,0,0,0,0,0,0,0,0,0,0,0,0
0,0.37422909257287656,0.26095500323114384,0.24751852071421548,0.21232419372303268,0.17977925863199484,0.135057616394207,0.162707141765057,0.15648423781939425,0.21343109831253917,0.2137335100116051,0.19861641015621348,0.17164033247712546,0.15474744123552409,0.1545279575970516,0.14111757672236114,0.12182330208107321,0.11527162475814394,0.09513761455760986,0.07336941084009413,0.048238620173449674,0.060526844827280255,0.024866955093455396,0.014229700892334808,0.0385887411445486,0.000302111714851678,0,0.013440670758725631,0,0,0,0,0,0,0,0,0,0,0,0,0,0,0,0,0,0,0,0,0,0,0,0,0,0,0,0,0,0,0,0,0,0,0,0,0,0,0,0,0,0,0,0,0,0,0,0,0,0,0,0,0,0,0,0,0,0,0,0,0,0,0,0,0,0,0,0,0,0,0,0,0
0,0.47953291089899464,0.3417349727616174,0.20322310899205465,0.2517830987675778,0.19758737325468473,0.15288935862292513,0.14301346046183538,0.10932555367433701,0.13095712861539374,0.20337316858991614,0.25713896032663147,0.23646834082194151,0.26361190994633155,0.29711335769863706,0.27319284377065606,0.2586229282099363,0.24327207231243314,0.2631670245364798,0.3116366659140953,0.30929330126987287,0.3311745919854995,0.2998984525845292,0.2821288738926526,0.29832490317753446,0.2747296716730222,0.27098773971631446,0.256281895380536,0.27081135108880783,0.25428875980588306,0.23939405502077807,0.2255619062653201,0.20955260261093175,0.2069953820662635,0.20019443709797205,0.18626469523369688,0.1540473789520424,0.17358929976119283,0.17433723318557498,0.16643591207708142,0.1877031601484097,0.15351025894795403,0.15587092325426935,0.14182614503010957,0.1309469784307686,0.16606012658137181,0.11195907099729697,0.12013325519538286,0.14608468535969607,0.14101829541809838,0.12214816501462708,0.10255859828721028,0.08726903023405719,0.07359109673938657,0.07889724226293894,0.05922976815804567,0.04608930732047697,0.03297185905752744,0.0009296949486733059,0,0.01505068700750067,0.035705193383679334,0.014654495236399416,0.001598089941586206,0,0.012647328502247672,0,0,0,0,0,0,0,0,0,0,0,0,0,0,0,0,0,0,0,0,0,0,0,0,0,0,0,0,0,0,0,0,0,0,0
0.33722158037212135,0.2502152774466901,0.15565319566718103,0.20359208121956004,0.14931792690924503,0.07262472916892902,0.037704792581030606,0.00815902577327288,0,0,0,0,0,0,0,0,0,0,0,0,0,0,0,0,0,0,0,0,0,0,0,0,0,0,0,0,0,0,0,0,0,0,0,0,0,0,0,0,0,0,0,0,0,0,0,0,0,0,0,0,0,0,0,0,0,0,0,0,0,0,0,0,0,0,0,0,0,0,0,0,0,0,0,0,0,0,0,0,0,0,0,0,0,0,0,0,0,0,0,0,0
0.07484717677135375,0,0,0,0.04055967918423673,0,0,0,0,0,0,0,0,0,0,0,0,0,0,0,0,0,0,0,0,0,0,0,0,0,0,0,0,0,0,0,0,0,0,0,0,0,0,0,0,0,0,0,0,0,0,0,0,0,0,0,0,0,0,0,0,0,0,0,0,0,0,0,0,0,0,0,0,0,0,0,0,0,0,0,0,0,0,0,0,0,0,0,0,0,0,0,0,0,0,0,0,0,0,0,0
0,0.5828429389853726,0.5453118050262035,0.5538138654617012,0.5046415807494364,0.45969614958075755,0.4553810188524368,0.43438506492757967,0.4714911631084117,0.4598506577325613,0.45345131589751164,0.4924739834689094,0.47757053948785694,0.47164467448286246,0.46238188313846973,0.43351139123984955,0.42668836132967214,0.42795617001758823,0.4110120788693574,0.3969578546979785,0.38143708289442,0.37588434363009393,0.36367166776623083,0.35702348907213755,0.36258017369367596,0.3424607612818138,0.3438836098232987,0.33686701533488167,0.3432798638631769,0.32149827553324395,0.3190038363202494,0.30478369374221326,0.29075382883726775,0.2908500716749826,0.2672668941133964,0.2653266588610809,0.23813331003515167,0.23821748681670765,0.24394638383829848,0.22788283245049373,0.23008488922448186,0.20125610813055922,0.20182484507395498,0.19427981310146086,0.20255948235373272,0.18407451207823308,0.1289570105490447,0.1361830908197315,0.15354796705408374,0.13577281481709955,0.11959741850267668,0.09332908051984362,0.08264436700534215,0.08244730908604062,0.0798130726400102,0.06669716085900876,0.05585915141550603,0.025401936040610792,0,0,0,0,0,0,0,0,0,0,0,0,0,0,0,0,0,0,0,0,0,0,0,0,0,0,0,0,0,0,0,0,0,0,0,0,0,0,0,0,0,0,0
0,0.6573891302644382,0.6479129921493008,0.6012439956255061,0.5739101927118704,0.5374647873367822,0.5387828434706649,0.5456948637747874,0.5336454070772022,0.5382374570011967,0.5593574218125381,0.537264502285671,0.5347899767794024,0.5244017964929897,0.5194148743499925,0.5052388183180448,0.5247311450320549,0.5189345987162369,0.5147543182351034,0.5017712312628307,0.49165056125210027,0.5041731097005074,0.49286629620986666,0.4851456456320983,0.47757646958336064,0.45957106294876815,0.4547055866304039,0.44206155618794535,0.43337636029521925,0.4181168163056299,0.4050594424304011,0.4131416640319965,0.40325593977481644,0.3992851032002327,0.3769062081879498,0.3704960995373254,0.347112027435581,0.34170226768307177,0.331524725594448,0.3223325144397308,0.3288363577459719,0.2993342667789344,0.31202640666915066,0.2912692461539203,0.27790312570663633,0.26735556402709426,0.2234771582378438,0.24811556836329207,0.2375991874843211,0.2215352547308729,0.21431734464839314,0.2023975898378604,0.18983167095926431,0.18210839143332305,0.163678772835418,0.1420227956280824,0.1517982567270909,0.12395409542057018,0.09202539392322993,0.08866307529275269,0.06802534195903161,0.06623158263398554,0.056728194440304545,0.04539203492858064,0.047316908480224136,0.010799163310254033,0.006563823862557925,0,0,0,0,0,0,0,0,0,0,0,0,0,0,0,0,0,0,0,0,0,0,0,0,0,0,0,0,0,0,0,0,0,0
0.8136451885483107,0.6367117148497248,0.6171271730023757,0.567711400369743,0.5666292384297598,0.5411714812859829,0.5039842847762814,0.5175135047475163,0.4888182830763692,0.47732827926301497,0.4986742669023712,0.47329470324856493,0.4559903111149788,0.435710726276235,0.44246791636702454,0.4156461526910997,0.4108750173389042,0.3980077180779434,0.37580816170120673,0.36885532302310536,0.35176455940491563,0.3579357073793263,0.3362958101516135,0.348308609968595,0.34874496120345233,0.3278076560097014,0.3162988807664934,0.31983311166120226,0.3148580378949802,0.3140315350619121,0.3006962781428832,0.2888800920278861,0.282470419959718,0.2820907094017473,0.26756395900448965,0.2675047147220807,0.24275497697424275,0.24933172243185622,0.23429737661218536,0.2208055761278005,0.2265709171548291,0.19591626966335082,0.19382209007369855,0.18423871852745655,0.17782982559853172,0.17278093050088414,0.10888887388445981,0.09641751268842295,0.09953010390593013,0.10032219190327846,0.08660712130646919,0.057793612723241954,0.0417098282982506,0.02906096345165569,0.020513412361354372,0,0,0,0,0,0,0,0,0,0,0,0,0,0,0,0,0,0,0,0,0,0,0,0,0,0,0,0,0,0,0,0,0,0,0,0,0,0,0,0,0,0,0,0,0,0
0,0.53158919424173,0.432196680754541,0.35342064605152873,0.2847734800273698,0.2537058266501344,0.23183409921960027,0.26175056522152496,0.3323455876987272,0.31961024211684325,0.29591729150069757,0.27915538683225105,0.26531353217946047,0.24080366891055272,0.22934499087794866,0.19039552602780288,0.18436014280504281,0.17424439666059197,0.18586960785640871,0.16471008707520413,0.15128717069920244,0.14148065860751965,0.1072709483071798,0.09852790831268007,0.0875523548963559,0.048337920693420404,0.05440467472655305,0.07857759897761324,0.08776486277560934,0.059846516099428884,0.040603701089118795,0.06367272906836037,0.0499036087520203,0.053562063048639,0.012824163657079864,0.03065202279305465,0.008917914157201733,0.01793341864210009,0.015668930158005714,0.0011841100403380573,0.02430216733573973,0.0008144252642594054,0.007717602505229551,0.009482488619156617,0,0,0,0,0,0,0,0,0,0,0,0,0,0,0,0,0,0,0,0,0,0,0,0,0,0,0,0,0,0,0,0,0,0,0,0,0,0,0,0,0,0,0,0,0,0,0,0,0,0,0,0,0,0,0,0,0
0.5739912412685246,0.46594766496248,0.3003239052300433,0.1801326415744555,0.2493066244948198,0.22359208297965733,0.20187202875842258,0.22726729589228065,0.18122360957491065,0.15754585329638124,0.1337898808041349,0.18453825425193468,0.18732945226121106,0.2036944466357395,0.1928181759875368,0.21044243554137249,0.19544862038124816,0.18241594239949097,0.15429013359122778,0.16559574768187177,0.14771998653071475,0.13864715307375264,0.10710687395069572,0.09443222736687511,0.08385943256123612,0.0698135429871588,0.07864055382948737,0.05888699967829903,0.060544395202397204,0.03310531491581047,0.01122504489679456,0.022424768922463537,0.008172628190418028,0.02298610887724673,0,0.0006183977917907891,0,0,0,0,0,0,0,0,0,0,0,0,0,0,0,0,0,0,0,0,0,0,0,0,0,0,0,0,0,0,0,0,0,0,0,0,0,0,0,0,0,0,0,0,0,0,0,0,0,0,0,0,0,0,0,0,0,0,0,0,0,0,0,0,0
0.8477850868932265,0.6907309867856135,0.6223068196466991,0.5849226681744597,0.5449195921378814,0.5162164363614046,0.506983672834184,0.4972481974543277,0.46859025391428066,0.45730682248221005,0.4409045236014839,0.4166840055054877,0.408606801181596,0.39707439547985673,0.39072225808164474,0.36831364974003095,0.3517312062491918,0.3408456483286769,0.3285745078336168,0.3087888267031626,0.29006835252145025,0.2850687498184421,0.2600577714085051,0.24304765657789476,0.23125607668347184,0.2002775280180505,0.1956861957222173,0.18126395769513198,0.16482664652673526,0.13649951120094644,0.11999522870358714,0.11652397932075088,0.09804555279124921,0.09584152949630134,0.05812719462258223,0.04230177228033925,0.009393996502630087,0.007052484821261643,0,0.0050019758098241865,0.017025094893194818,0,0,0,0,0,0,0,0,0,0,0,0,0,0,0,0,0,0,0,0,0,0,0,0,0,0,0,0,0,0,0,0,0,0,0,0,0,0,0,0,0,0,0,0,0,0,0,0,0,0,0,0,0,0,0,0,0,0,0,0
0,0.5266094120158243,0.4447341603006784,0.3803387925253001,0.3179248805513029,0.3356373701132797,0.2920011039489922,0.2848542654178406,0.2691491286907582,0.2976455139616326,0.2878209380482647,0.2884449719851273,0.2865657995635971,0.2985559387782388,0.32242500043649375,0.2862311329617086,0.2838334754094154,0.27688955631932705,0.2740369119968041,0.26541014694208986,0.2750291029171616,0.2819957783339706,0.2600577714085051,0.2517026787278348,0.2509742413634304,0.2220822936062434,0.21186229292916417,0.20149820514748243,0.1871429818914951,0.1617832469604136,0.1432455048537318,0.13311419520685772,0.1519858862055624,0.15235632139784874,0.13821792552370427,0.12909351515993606,0.09682868555511041,0.09508936779030842,0.07449490049798815,0.05821111213685323,0.060053055350899706,0.04653481625722554,0.06748902322201471,0.06106511433342086,0.04226266347088859,0.022370234172839402,0,0.007140831122932053,0.02026267528301705,0.023273021588161375,0.007948946394624545,0,0,0,0,0,0,0,0,0,0,0,0,0,0,0,0,0,0,0,0,0,0,0,0,0,0,0,0,0,0,0,0,0,0,0,0,0,0,0,0,0,0,0,0,0,0,0,0,0,0
0.7494193313404679,0.5530676615666322,0.45599128143535106,0.428369291622954,0.378335571228891,0.3304450682058755,0.29710108906504257,0.3708108940490413,0.3309407682863898,0.32888786979295626,0.3049654200426215,0.2737137134397458,0.2664131204692714,0.25044439440131533,0.24384277300715923,0.21235509842293804,0.23523032011593836,0.2448454404854469,0.21939579318124172,0.2192728403580377,0.20832059790810506,0.21067751601674975,0.26472611888009595,0.25818232768586785,0.26589825293046687,0.23679633233876943,0.2305506046002334,0.22158495987438417,0.2136258542549294,0.1839474713841467,0.1663793652477674,0.15643089121638573,0.14826631740065796,0.14412131091462624,0.10873104078974614,0.12625919888464107,0.10175634050892476,0.09292065475917671,0.10126485212407652,0.08195790330227208,0.07501298977601077,0.04538000290588913,0.06104634466238221,0.041091825142256046,0.02829265037175674,0.07013778181685126,0.005934772592522361,0,0,0,0,0.003152211662416886,0.0008881776421393566,0,0,0,0,0,0,0,0,0,0,0,0,0,0,0,0,0,0,0,0,0,0,0,0,0,0,0,0,0,0,0,0,0,0,0,0,0,0,0,0,0,0,0,0,0,0,0,0
0.4183934891839261,0.43036921509357895,0.2633796065915249,0.12298695248207707,0.09642788608629514,0.05377380407653977,0.09876446666629349,0.0665648231757235,0.014997441073213387,0.012573367279042333,0.09274648186372765,0.08504521839244748,0.05305665145921262,0.025468553372266632,0.01001294229383917,0.03579104686945678,0.011657806864960698,0.03389134081536434,0,0,0,0,0,0,0,0,0,0,0,0,0,0,0,0,0,0,0,0,0,0,0,0,0,0,0,0,0,0,0,0,0,0,0,0,0,0,0,0,0,0,0,0,0,0,0,0,0,0,0,0,0,0,0,0,0,0,0,0,0,0,0,0,0,0,0,0,0,0,0,0,0,0,0,0,0,0,0,0,0,0,0
0,0,0,0,0,0,0,0.0665648231757235,0.014997441073213387,0.012573367279042333,0.08145940102078504,0.04479676982932304,0.03809265419646364,0.08033467421998568,0.08951517299844859,0.06670015290405475,0.04394977305522667,0.050255124578121875,0.021100156112218306,0.00381346617699865,0.042606154182986924,0.04179403183639101,0,0,0,0,0,0,0,0,0,0,0,0,0,0,0,0,0,0,0,0,0,0,0,0,0,0,0,0,0,0,0,0,0,0,0,0,0,0,0,0,0,0,0,0,0,0,0,0,0,0,0,0,0,0,0,0,0,0,0,0,0,0,0,0,0,0,0,0,0,0,0,0,0,0,0,0,0,0,0
0,0,0,0.08574030402126395,0.08573344737100659,0.10647603981524059,0.04713740546992959,0.06431604645319149,0.005784565467603062,0.030391382796473715,0.006943293158055137,0,0,0,0,0.024476686346626503,0.016036067201526307,0,0,0,0,0,0,0,0,0,0,0,0,0,0,0,0,0,0,0,0,0,0,0,0,0,0,0,0,0,0,0,0,0,0,0,0,0,0,0,0,0,0,0,0,0,0,0,0,0,0,0,0,0,0,0,0,0,0,0,0,0,0,0,0,0,0,0,0,0,0,0,0,0,0,0,0,0,0,0,0,0,0,0,0
0,0.7400879872582682,0.7119534233012147,0.6769165480538554,0.6645908390813187,0.6656992596930079,0.6409939080126947,0.6271078332673642,0.6419497535217851,0.6330995055940619,0.6202724492170608,0.6033286723556438,0.5988980770882303,0.5907967009598036,0.5887770400640371,0.572617808603206,0.5791395097878378,0.5718897549668422,0.5612972044257732,0.551848881744137,0.547841618700413,0.5456595524099408,0.5251727069600152,0.5181819152044059,0.5120811858757658,0.502571928334434,0.49532017683156954,0.48575344709986473,0.48640612442855397,0.46876080578299545,0.46127468675130917,0.45236345926740323,0.4452381936167854,0.4409679884021647,0.4220754440309847,0.4163972622010522,0.3981500930952461,0.38599697349755985,0.3759665497420113,0.3657343646521513,0.361444277175604,0.33370753764329886,0.33340652179173064,0.31732569461554017,0.3190006399604111,0.3057753958172748,0.2570716406453936,0.2438706736547886,0.23213941856054532,0.21548718086254587,0.20991115980037578,0.1983499347191193,0.17764762698126277,0.17119064172452042,0.16203089864594883,0.13999112548286702,0.12396365540559774,0.09908736742587428,0.04958799735030478,0.050398215118096626,0.03188797270240256,0.033078756046583176,0.01234423507235819,0.00022092596041720834,0.02497683915219731,0,0,0,0,0,0,0,0,0,0,0,0,0,0,0,0,0,0,0,0,0,0,0,0,0,0,0,0,0,0,0,0,0,0,0,0
0.7622758714175512,0.5583003397599194,0.45516530783079506,0.3817686014208515,0.31526896268773386,0.2789967571676241,0.2306366099392022,0.21459466462141977,0.19720608236888879,0.17620289320624188,0.1803346292796482,0.14419004870017843,0.1093323270094412,0.10078239904547637,0.09489720080971596,0.05345863850724173,0.05018642452931154,0.060710182948004864,0.026041511045883182,0,0,0,0,0,0,0,0,0,0,0,0,0,0,0,0,0,0,0,0,0,0,0,0,0,0,0,0,0,0,0,0,0,0,0,0,0,0,0,0,0,0,0,0,0,0,0,0,0,0,0,0,0,0,0,0,0,0,0,0,0,0,0,0,0,0,0,0,0,0,0,0,0,0,0,0,0,0,0,0,0,0
0,0.7400879872582682,0.7222432127097884,0.6980564361593895,0.6810903830672517,0.6604615997818053,0.6293342439573836,0.6235214542352726,0.6002231624711392,0.5957349915386843,0.591697084827641,0.5762167964575566,0.572902046735944,0.558264190053768,0.5772614101578805,0.5543364818029678,0.545039896347841,0.5405173863163791,0.5377680928751891,0.5342127855935143,0.5298050054910952,0.5304049125140134,0.5098399180555113,0.5000187943140568,0.4925230678429734,0.47327893820901024,0.46972807386777016,0.4638717792703948,0.45797075932347114,0.4432848369260472,0.4323500852187261,0.4220055565284453,0.40990520529181534,0.4050843949867759,0.3865113117742632,0.3776238333495966,0.35438507525541607,0.34651144307376847,0.3382147410504916,0.3277963206924026,0.32700795288663115,0.2945398745384698,0.3003487587183133,0.2854954751051702,0.2729118462948111,0.2594593057141138,0.21388067984188938,0.20026250513330787,0.19215557314958762,0.17825830550784325,0.17106717763319934,0.15682395913477326,0.13206045156541427,0.13458485828884892,0.12183373441224227,0.1021703579973625,0.08598642112888254,0.06275567893536309,0.012502579413499517,0.00631159679343176,0,0,0,0,0,0,0,0,0,0,0,0,0,0,0,0,0,0,0,0,0,0,0,0,0,0,0,0,0,0,0,0,0,0,0,0,0,0,0,0,0
0.3015109005855761,0.36698779175650725,0.2213158913668596,0.09388558443615408,0.05673771682818998,0,0,0.0665648231757235,0.11686598810033028,0.1323875002450383,0.11926403656842692,0.12085739262302876,0.1900709993694153,0.20126705409768259,0.21332067944156297,0.20009052558033202,0.24475735574674073,0.30783648357476023,0.28393988704903944,0.2891443290304025,0.2698827491202985,0.30580750078517965,0.28728279126182477,0.2698460462854245,0.26957009000657584,0.2522358783560514,0.24066743748488045,0.23269140378052913,0.25941170642185113,0.23224297853856174,0.22135866774737917,0.20812401174981338,0.19694191539238606,0.21081421263383354,0.20368259170246247,0.19014567470726917,0.1718875984528894,0.2016876378003967,0.18887927034410693,0.18806559678310159,0.18243026602265114,0.14236315977542888,0.15206318279573797,0.13010640118273778,0.1499451847129321,0.13013099854786014,0.07173645662498447,0.07888569680560052,0.06619250378312687,0.058062337407983666,0.06990412484385632,0.06348429652435783,0.03854964533089223,0.04797112207586383,0.04763476164643048,0.022620823843588385,0.022037065125069002,0,0,0,0,0,0,0,0,0,0,0,0,0,0,0,0,0,0,0,0,0,0,0,0,0,0,0,0,0,0,0,0,0,0,0,0,0,0,0,0,0,0,0,0
0,0.5654667235226382,0.45822073764546806,0.3954779959083134,0.322527238630557,0.26253095876334137,0.2548455925993893,0.232150775900674,0.18904720425838667,0.23651964677555398,0.21854153579354557,0.17841770235041435,0.14561222076524669,0.11584941568783455,0.10303472351391492,0.07584182689495111,0.1176153699517126,0.11154296501813539,0.10760410404572324,0.08051703955732699,0.06522249492083139,0.060526844827280255,0.02122194273194097,0.005559501237823051,0.024296501505905888,0,0,0,0,0,0,0,0,0,0,0,0,0,0,0,0,0,0,0,0,0,0,0,0,0,0,0,0,0,0,0,0,0,0,0,0,0,0,0,0,0,0,0,0,0,0,0,0,0,0,0,0,0,0,0,0,0,0,0,0,0,0,0,0,0,0,0,0,0,0,0,0,0,0,0,0
0.07769886154102038,0,0,0,0,0,0,0,0,0,0.02264938145680499,0,0.007596947347324226,0,0,0,0,0,0,0,0,0,0,0,0,0,0,0,0,0,0,0,0,0,0,0,0,0,0,0,0,0,0,0,0,0,0,0,0,0,0,0,0,0,0,0,0,0,0,0,0,0,0,0,0,0,0,0,0,0,0,0,0,0,0,0,0,0,0,0,0,0,0,0,0,0,0,0,0,0,0,0,0,0,0,0,0,0,0,0,0
0,0.4148364723008523,0.3580586651767393,0.305456114821041,0.2919894517732481,0.2539647026489428,0.19427709531438378,0.22442563501918758,0.22401978463345024,0.22042750740796682,0.2125106982570067,0.17339163539702393,0.21777786598786078,0.2034345086694499,0.19262777027213696,0.14888593324313282,0.12846434278880983,0.1250163818858137,0.11838351889280832,0.09249505632419522,0.0736667988705668,0.0709701578265526,0.036232275113817256,0.030946250636050193,0.03914696328611424,0,0,0,0,0,0,0,0,0,0,0,0,0,0,0,0,0,0,0,0,0,0,0,0,0,0,0,0,0,0,0,0,0,0,0,0,0,0,0,0,0,0,0,0,0,0,0,0,0,0,0,0,0,0,0,0,0,0,0,0,0,0,0,0,0,0,0,0,0,0,0,0,0,0,0,0
0,0.34592475333143324,0.1376032006666017,0,0,0.016213699229656518,0,0.07492923466689591,0.10483310857364585,0.11610598148122955,0.11926403656842692,0.1447242429708496,0.111307770311153,0.12065191589067081,0.11429906755066094,0.07247540381091973,0.0648694917201276,0.0680736886019458,0.04992987553886676,0.024898311885203497,0.000025922846771487333,0,0.02698910221157247,0.013106760250126318,0,0,0,0,0,0,0,0,0,0,0.000004058647395736339,0,0,0,0,0,0,0,0,0,0,0,0,0,0,0,0,0,0,0,0,0,0,0,0,0,0,0,0,0,0,0,0,0,0,0,0,0,0,0,0,0,0,0,0,0,0,0,0,0,0,0,0,0,0,0,0,0,0,0,0,0,0,0,0,0,0
0,0.3437215587246192,0.2853010537523127,0.19122473446510738,0.09244930148268912,0.07262472916892902,0.008627726933304918,0,0.027167582253480333,0,0,0,0,0,0.040849922507494016,0.02108210059629853,0,0,0,0,0,0,0,0,0,0,0,0,0,0,0,0,0,0,0,0,0,0,0,0,0,0,0,0,0,0,0,0,0,0,0,0,0,0,0,0,0,0,0,0,0,0,0,0,0,0,0,0,0,0,0,0,0,0,0,0,0,0,0,0,0,0,0,0,0,0,0,0,0,0,0,0,0,0,0,0,0,0,0,0,0
0.5733376175517944,0.5044127852329018,0.5126100394299502,0.47939476323188185,0.43282828901794484,0.38547268487611325,0.3572209705896416,0.3379721853213083,0.3047378721053056,0.3061029001450721,0.2851753318214495,0.24807283049650827,0.25122374645748924,0.23135993892718745,0.21730731504988918,0.1921415695904744,0.18112087894843498,0.16408801253122274,0.13398460949698204,0.10929915391510514,0.09083059236324574,0.11971496854932596,0.0843306083319327,0.06401805737055677,0.07137272715566255,0.034669332243580035,0.07111384220068132,0.05504020479058338,0.036438228009104935,0.024003048675830606,0.04510312145669378,0.03313337264934844,0.028948507074469373,0.023473961209634374,0,0,0,0,0,0,0,0,0,0,0,0,0,0,0,0,0,0,0,0,0,0,0,0,0,0,0,0,0,0,0,0,0,0,0,0,0,0,0,0,0,0,0,0,0,0,0,0,0,0,0,0,0,0,0,0,0,0,0,0,0,0,0,0,0,0,0
0.5342359097931586,0,0.16759450645924037,0.13058959575892,0.05205759565912,0.07069228398569233,0.10175980290572048,0.08754002241422072,0.06267275105045798,0.125418430878067,0.09401447705155014,0.06009241628764575,0.02575798936306894,0,0,0.004885529893077062,0,0,0,0,0,0,0,0,0,0,0,0,0,0,0,0,0,0,0,0,0,0,0,0,0,0,0,0,0,0,0,0,0,0,0,0,0,0,0,0,0,0,0,0,0,0,0,0,0,0,0,0,0,0,0,0,0,0,0,0,0,0,0,0,0,0,0,0,0,0,0,0,0,0,0,0,0,0,0,0,0,0,0,0,0
0.7991772221042097,0.6321954620231721,0.5639316049110663,0.5095175604960546,0.47088163048692877,0.4459812310213744,0.4097990415059796,0.38725927459804577,0.3477860335156004,0.3687045086997547,0.3675732677274133,0.3348954569640473,0.33200762189273364,0.3134990332986069,0.3197056360348607,0.2808701770944014,0.2744926223511439,0.26290934606626626,0.2975109677629702,0.2891437277059918,0.2832365135671122,0.2746946910807997,0.2455283528421888,0.22776854657876233,0.2236190439257072,0.20639758818341336,0.1940988769791067,0.18354832968160908,0.17255437057010295,0.1595925126059473,0.14477511998052153,0.1339243256896569,0.13489204570427074,0.127417545929929,0.09009248129848584,0.09029128330323011,0.06931420712802211,0.055979080423518984,0.054948779185381075,0.03996158003669175,0.03262856136023083,0.01665893791354194,0.024698376081802788,0,0,0,0,0,0,0,0,0,0,0,0,0,0,0,0,0,0,0,0,0,0,0,0,0,0,0,0,0,0,0,0,0,0,0,0,0,0,0,0,0,0,0,0,0,0,0,0,0,0,0,0,0,0,0,0,0,0
0.7677215700146401,0.5498694876016511,0.4340384698933923,0.4299088390983974,0.3543079273099803,0.3040454706140222,0.2653741646392693,0.2937977765439058,0.28772966451069015,0.2991543965723066,0.3186296587625624,0.2996491051110168,0.27217248237792857,0.24634519763747753,0.23520070311343805,0.19131347152283606,0.17202863654081954,0.19729565856405185,0.24936080097916577,0.23784742634949352,0.2380103774372324,0.22855727384460975,0.19583119368670537,0.19690516631970537,0.1893921280955023,0.15695392717912332,0.15820134519643383,0.1675356476672834,0.1540250658693814,0.12800286306317327,0.11290458429208919,0.09468093733498592,0.09735050435642835,0.09069433866844079,0.05657581779362196,0.052390096838553384,0.020935948827936503,0.007787084395352347,0.00879554987816245,0.005007694900026053,0,0,0,0,0,0,0,0,0,0,0,0,0,0,0,0,0,0,0,0,0,0,0,0,0,0,0,0,0,0,0,0,0,0,0,0,0,0,0,0,0,0,0,0,0,0,0,0,0,0,0,0,0,0,0,0,0,0,0,0,0
0.29511717362815537,0.23060261329337045,0.11449279396025398,0.08148691873303462,0.011014122836188299,0,0,0,0,0.012220023859220521,0,0,0,0,0,0,0,0,0,0,0,0,0,0,0,0,0,0,0,0,0,0,0,0,0,0,0,0,0,0,0,0,0,0,0,0,0,0,0,0,0,0,0,0,0,0,0,0,0,0,0,0,0,0,0,0,0,0,0,0,0,0,0,0,0,0,0,0,0,0,0,0,0,0,0,0,0,0,0,0,0,0,0,0,0,0,0,0,0,0,0
0.7887181485602403,0.5746501196171115,0.6025666109455171,0.5577723129247194,0.5010126992746572,0.4574811171177646,0.4141469478069878,0.40128836256662964,0.40447236602863906,0.39168101471027283,0.3810855632855137,0.3538995567244611,0.33087648852337803,0.30894921551811183,0.2963776188542267,0.2564473801341784,0.23627140114838868,0.22049592205937782,0.21198348884207924,0.19113740445563962,0.17447246147219977,0.16388585075892906,0.12385005475799517,0.1056515516145979,0.10415982916562165,0.07371913141939536,0.060256213445986195,0.07532477984463927,0.06748380051433953,0.03472010594609053,0.026784951971130674,0.020910108520389034,0.008712007269708688,0.00888406657515677,0,0,0,0,0,0,0,0,0,0,0,0,0,0,0,0,0,0,0,0,0,0,0,0,0,0,0,0,0,0,0,0,0,0,0,0,0,0,0,0,0,0,0,0,0,0,0,0,0,0,0,0,0,0,0,0,0,0,0,0,0,0,0,0,0,0,0
0.08861524808733143,0.7472986054168517,0.6830002105384364,0.643347049106201,0.6073113990773207,0.5789731625525962,0.5547110584830842,0.5714991538562224,0.5672176153362828,0.5639730785659697,0.5489463654848417,0.5331380846067065,0.515195910314867,0.501291450583002,0.5125703811951554,0.49162418668962504,0.48245565121360046,0.47542894815949266,0.45846291924218885,0.4464837718505508,0.4412399249783223,0.4435295452633173,0.4274338928039687,0.4228153300375691,0.420443846449182,0.417353522568804,0.4062834487844256,0.3967450128002052,0.3861125381901097,0.3752121920927682,0.36344158556406175,0.3515403991625099,0.34081966037248634,0.33708325270903805,0.30851375161487604,0.296461665683651,0.27194342356017176,0.25890269018596296,0.24723877717696807,0.23322397570261225,0.23356889487869945,0.20785981986099553,0.21332272719381024,0.19258150028970603,0.1965286231271985,0.1899194725299619,0.13895143573082455,0.12922338614020942,0.16652566096100135,0.15970221451453737,0.1429762863880933,0.1449504895037018,0.13208397421778473,0.12464281178360498,0.10534339729816163,0.09437615252578763,0.10142899744439363,0.08042262492135778,0.034454562397561825,0.03071268508033541,0.020440148129441022,0.015020322091406585,0.00017658319789511025,0,0,0,0,0,0,0,0,0,0,0,0,0,0,0,0,0,0,0,0,0,0,0,0,0,0,0,0,0,0,0,0,0,0,0,0,0,0
0,0.017764893212926652,0,0,0,0,0,0,0,0,0,0,0,0,0,0,0,0,0,0,0,0,0,0,0,0,0,0,0,0,0,0,0,0,0,0,0,0,0,0,0,0,0,0,0,0,0,0,0,0,0,0,0,0,0,0,0,0,0,0,0,0,0,0,0,0,0,0,0,0,0,0,0,0,0,0,0,0,0,0,0,0,0,0,0,0,0,0,0,0,0,0,0,0,0,0,0,0,0,0,0
0,0.48819198178071127,0.3580586651767393,0.3626816308724285,0.28605995219051367,0.25362690741500643,0.2242062187494538,0.2261524527528874,0.18991873995263014,0.16403802565422296,0.159754590759254,0.22028174121017524,0.21452389237011402,0.23010572752174346,0.22031068622258992,0.17711932915223916,0.16838645421833015,0.15260614900462247,0.13718450369237428,0.1356752617491482,0.1227122651664116,0.11876239146186278,0.09478880256289432,0.07688817981236504,0.07004508577577759,0.06309045330148616,0.04756446735029779,0.02872154530282849,0.039001565805546784,0.02675058502433443,0.006598872611796924,0.023335697730156455,0.0032689008802056284,0,0.013879551940441952,0.02347761385126811,0,0,0,0,0,0,0,0,0,0,0,0,0,0,0,0,0,0,0,0,0,0,0,0,0,0,0,0,0,0,0,0,0,0,0,0,0,0,0,0,0,0,0,0,0,0,0,0,0,0,0,0,0,0,0,0,0,0,0,0,0,0,0,0,0
0.7790680577864145,0.5789831023785117,0.5151210064427165,0.4745898541699881,0.40910578475678805,0.3592182607027619,0.3134713858289247,0.289592569270274,0.29591667977791286,0.2860920098400644,0.28469376211943836,0.24991498392176484,0.22286157000683676,0.22681146457991708,0.22352408552874053,0.22734916723838122,0.24984129544721204,0.23643710487736,0.2115829791414174,0.20196757610257515,0.18124450552474214,0.17608946231717798,0.1686869744571543,0.206197850222131,0.20904265613077413,0.1742877369318774,0.17564882967110523,0.1809947732885635,0.16520341124623256,0.1379018185284325,0.12084899270481256,0.10565837298750073,0.10169710787315682,0.11074078834377549,0.08911573443865849,0.08258245253451993,0.06284729329443799,0.05970815923526147,0.046879716980129695,0.03633792893994984,0.07464888201571088,0.031234968434535746,0.03477178645455827,0.0119146775997978,0.021529095022619935,0.07483625286064172,0.017437940444168822,0,0,0,0,0,0,0,0,0,0,0,0,0,0,0,0,0,0,0,0,0,0,0,0,0,0,0,0,0,0,0,0,0,0,0,0,0,0,0,0,0,0,0,0,0,0,0,0,0,0,0,0,0,0
0,0.5044127852329018,0.4156988238870855,0.3344430705553328,0.16157032234006016,0.2701253182457114,0.279951956551302,0.3021415853203968,0.275887934794052,0.2832756156741277,0.2794495982960928,0.24384308624840273,0.23545889458836913,0.21287324208839759,0.2161754701669432,0.18556926109532715,0.1699862367533426,0.1582021594725482,0.12967622792636188,0.14531931753522237,0.12489427822611003,0.11483881393505797,0.09713678590041135,0.09213299840776495,0.08873923764705882,0.06172401049722004,0.051860274411663014,0.03832320024719804,0.027135019964688607,0.00039785243148657805,0,0,0,0.04456584285396455,0.049074258144788246,0.06025669253583624,0.031212733905070417,0.019077153670091287,0.038272835919371785,0.02881433485054123,0.028161527181705098,0.009742323720747206,0.007856791847465103,0.021775521237242954,0.011348429614709554,0,0,0,0,0,0,0,0,0,0,0.007588649411045799,0,0,0,0,0,0,0,0,0,0,0,0,0,0,0,0,0,0,0,0,0,0,0,0,0,0,0,0,0,0,0,0,0,0,0,0,0,0,0,0,0,0,0,0,0
0,0.3991848752800791,0.47703622106054744,0.40473722461441985,0.3412051882836191,0.2799342835485664,0.23417987759163134,0.2052856634916199,0.20797507604703655,0.1930275096958389,0.23381084175835354,0.20221829541672476,0.20517635355892788,0.1837783881523399,0.17300654110302668,0.12573818157399377,0.1119983825411329,0.11950101535169287,0.09933418797541628,0.08840752644517465,0.07668812256191036,0.07059550509286724,0.08211397087979048,0.06972290217206879,0.07295189925996046,0.059781496696769104,0.09644200264653749,0.07492609469930618,0.058657525145118114,0.035900047954019416,0.02023642757018934,0.023491259019815282,0.008242502783056908,0.034746656733586456,0,0,0,0,0,0,0,0,0,0,0,0,0,0,0,0,0,0,0,0,0,0,0,0,0,0,0,0,0,0,0,0,0,0,0,0,0,0,0,0,0,0,0,0,0,0,0,0,0,0,0,0,0,0,0,0,0,0,0,0,0,0,0,0,0,0,0
0.41505744519672694,0.2934391542971441,0.12202629729363751,0.06456053488520168,0.005199766829845026,0,0,0.0665648231757235,0.014997441073213387,0.012573367279042333,0.08145940102078504,0.04479676982932304,0.03809265419646364,0.009845901393953868,0,0,0,0,0,0,0,0,0,0,0,0,0,0,0,0,0,0,0,0,0,0,0,0,0,0,0,0,0,0,0,0,0,0,0,0,0,0,0,0,0,0,0,0,0,0,0,0,0,0,0,0,0,0,0,0,0,0,0,0,0,0,0,0,0,0,0,0,0,0,0,0,0,0,0,0,0,0,0,0,0,0,0,0,0,0,0
0.19900432818746663,0.08914142552559119,0,0,0,0,0,0.0665648231757235,0.014997441073213387,0.09178861018549704,0.11830836391464132,0.07627948380967435,0.06469537186738969,0.07665442759744875,0.1088321359385612,0.059887829159586695,0.14788124875050293,0.13045584953317352,0.13283226324311495,0.18540314775690317,0.20032026457231272,0.21839777245137126,0.20481345716322885,0.1948382563429408,0.1938137047226816,0.17521923204749631,0.17154004405425352,0.18373447371266466,0.167419920384093,0.15072576710657976,0.1482800957807838,0.13350786395006223,0.12988769767703914,0.13639873496137986,0.11330951186026422,0.14844779288496593,0.1188523234333802,0.12499782517115977,0.11760647648977582,0.1364742843627267,0.14488469596685416,0.10460709135798986,0.1017572925809704,0.07212519480657616,0.059711021832831085,0.08745853628184391,0.022422356051367883,0.03953791539204617,0.03506360638894806,0.027682149238486147,0.03497276361431475,0.02421586114832912,0.0052359500356778214,0.006494958900444398,0.016924228809649267,0,0,0,0,0,0,0,0,0,0,0,0,0,0,0,0,0,0,0,0,0,0,0,0,0,0,0,0,0,0,0,0,0,0,0,0,0,0,0,0,0,0,0,0,0,0
0.7635799256125857,0.5434380443627761,0.44360172007735604,0.39408368498726043,0.3495500099782515,0.29375949406295343,0.23609022093234652,0.20820709474025448,0.1735849129232657,0.15373688071778902,0.12347889349830611,0.1814583002826356,0.20385904509026226,0.1941328672427247,0.22313770429005453,0.20333691111427965,0.18941210586985271,0.17675218602767406,0.1518545986180466,0.12720908238066825,0.13336728395165387,0.12551049190200042,0.08263715733013571,0.06715880687803613,0.07060255930380788,0.02938812468087255,0.013922802493266842,0.004889631030526706,0.02769732953609703,0.025567057984463494,0.07746130953555738,0.061995790210295824,0.08598472525283538,0.0938023069838065,0.058906326735865745,0.0405243680408916,0.0065230093544029685,0.009871122560381246,0.021053542406118002,0,0,0,0,0,0,0,0,0,0,0,0,0,0,0,0,0,0,0,0,0,0,0,0,0,0,0,0,0,0,0,0,0,0,0,0,0,0,0,0,0,0,0,0,0,0,0,0,0,0,0,0,0,0,0,0,0,0,0,0,0,0
0,0,0,0,0,0,0,0.0665648231757235,0.014997441073213387,0.012573367279042333,0.08145940102078504,0.04479676982932304,0.03809265419646364,0.009845901393953868,0.013697415206864242,0.06292235539754784,0.06065536791367467,0.07046917433766223,0.04287129232410663,0.03627878983048902,0.047977823662865064,0.042280201398392114,0.005571934589760677,0,0,0.005448571586399337,0.016775246064603653,0,0.0002887234929124951,0,0,0,0,0,0,0,0,0,0,0,0,0,0,0,0,0,0,0,0,0,0,0,0,0,0,0,0,0,0,0,0,0,0,0,0,0,0,0,0,0,0,0,0,0,0,0,0,0,0,0,0,0,0,0,0,0,0,0,0,0,0,0,0,0,0,0,0,0,0,0,0
0,0.4894091003823828,0.5219483463372868,0.45955544614519966,0.4529861515732308,0.40620626242420277,0.3497533717174387,0.32522241715839667,0.2918710169299975,0.30788109946478504,0.3070317547723361,0.299198772590012,0.27937634899520347,0.25629686110809885,0.24320072196348266,0.22874214551015523,0.2131343086808797,0.23302327198988979,0.2071879827167351,0.18481081151022516,0.16514648987365496,0.1585980087758216,0.12257649193572882,0.10129828239991688,0.1076701819989465,0.07466369707788083,0.0600786223671725,0.06617631145456704,0.05205237261493403,0.02911896517665856,0.019289380124017104,0.002301697612155649,0,0,0,0,0,0,0,0,0,0,0,0,0,0,0,0,0,0,0,0,0,0,0,0,0,0,0,0,0,0,0,0,0,0,0,0,0,0,0,0,0,0,0,0,0,0,0,0,0,0,0,0,0,0,0,0,0,0,0,0,0,0,0,0,0,0,0,0,0
0.4070059485115161,0.2934391542971441,0.09903691634390555,0,0,0,0,0.0665648231757235,0.027370342959977714,0.07533625921937169,0.08145940102078504,0.05944298097813359,0.03809265419646364,0.024228538675369428,0.00594442148105023,0,0,0.02184211619548529,0.05409440579730247,0.02907591955751059,0.0730609527779687,0.14005402774259254,0.10763460556277034,0.09590753400954147,0.08331753176240002,0.06042171426677089,0.058271308299268375,0.04679661964042867,0.0618117299321092,0.03051377087841426,0.05750249009921892,0.03923733004246746,0.021061485569754165,0.018650219533638993,0,0,0.0023805291049775264,0,0,0,0,0,0,0,0,0,0,0,0,0,0,0,0,0,0,0,0,0,0,0,0,0,0,0,0,0,0,0,0,0,0,0,0,0,0,0,0,0,0,0,0,0,0,0,0,0,0,0,0,0,0,0,0,0,0,0,0,0,0,0,0
0,0.017764893212926652,0,0,0,0,0,0,0,0,0,0,0,0,0,0,0,0,0,0,0,0,0,0,0,0,0,0,0,0,0,0,0,0,0,0,0,0,0,0,0,0,0,0,0,0,0,0,0,0,0,0,0,0,0,0,0,0,0,0,0,0,0,0,0,0,0,0,0,0,0,0,0,0,0,0,0,0,0,0,0,0,0,0,0,0,0,0,0,0,0,0,0,0,0,0,0,0,0,0,0
0.30743052446646657,0.34372159417264603,0.3833237666383872,0.31421194179219886,0.23269998675395662,0.18675791608112835,0.13524447668822062,0.1961863631623728,0.14886283894398494,0.12173596729209181,0.08997584777089787,0.0729197814903485,0.06749387372418432,0.04361762225906472,0.033630286103029476,0.0006477343324905466,0,0,0,0,0,0,0,0,0,0,0,0,0,0,0,0,0,0,0,0,0,0,0,0,0,0,0,0,0,0,0,0,0,0,0,0,0,0,0,0,0,0,0,0,0,0,0,0,0,0,0,0,0,0,0,0,0,0,0,0,0,0,0,0,0,0,0,0,0,0,0,0,0,0,0,0,0,0,0,0,0,0,0,0,0
0,0,0,0.15817982424209567,0.07251845784654544,0.08463719932164653,0.034506358699688676,0.02046014305205997,0.005657025358055096,0,0,0,0,0,0,0,0,0,0,0,0,0,0,0,0,0,0,0,0,0,0,0,0,0,0,0,0,0,0,0,0,0,0,0,0,0,0,0,0,0,0,0,0,0,0,0,0,0,0,0,0,0,0,0,0,0,0,0,0,0,0,0,0,0,0,0,0,0,0,0,0,0,0,0,0,0,0,0,0,0,0,0,0,0,0,0,0,0,0,0,0
0,0,0,0,0.011014122836188299,0.06838242871225488,0,0,0.027167582253480333,0.012573367279042333,0,0,0,0,0,0,0,0,0,0,0,0,0,0,0,0,0,0,0,0,0,0,0,0,0,0,0,0,0,0,0,0,0,0,0,0,0,0,0,0,0,0,0,0,0,0,0,0,0,0,0,0,0,0,0,0,0,0,0,0,0,0,0,0,0,0,0,0,0,0,0,0,0,0,0,0,0,0,0,0,0,0,0,0,0,0,0,0,0,0,0
0,0.4385639041804853,0.37615577379680043,0.2978990898596732,0.23939391783683384,0.17628019004338705,0.12847850347069079,0.14850531340926806,0.09913713062572535,0.08126471156316964,0.07670891749013514,0.05296535081815226,0.06657339607674789,0.03884026022773839,0.024457095683895116,0,0.03602216133526505,0.06169876118437217,0.05717804881855791,0.0352174267679147,0.01094332765085081,0,0,0,0,0,0,0,0,0,0,0,0,0,0,0,0,0,0,0,0,0,0,0,0,0,0,0,0,0,0,0,0,0,0,0,0,0,0,0,0,0,0,0,0,0,0,0,0,0,0,0,0,0,0,0,0,0,0,0,0,0,0,0,0,0,0,0,0,0,0,0,0,0,0,0,0,0,0,0,0
0,0.5266094120158243,0.49730062830984484,0.4513024884195368,0.4500770724157111,0.42871279141420254,0.37428595857551383,0.3542661894118566,0.32933575464664483,0.3088944442366957,0.28469376211943836,0.3414133585249854,0.3648168896700086,0.35177172757646713,0.35898588413908195,0.33074051516812303,0.3262369820716198,0.3240200243709829,0.30229184185001495,0.29281482355385163,0.27842043941371364,0.2985824547076436,0.29678645159843164,0.291442094163617,0.28174419521867755,0.25095535505433236,0.24292741742676865,0.23164013832042554,0.22240991310164002,0.20272457396840227,0.188572780539036,0.1803989667793639,0.17012197959668687,0.18120397178303366,0.1476318257424463,0.14765926416599529,0.11621507195280655,0.11350891383325085,0.11316548615658617,0.1261142247658782,0.15304251642675706,0.1135919871698806,0.12911779040313298,0.12384837108925134,0.11308605903258356,0.10051361065210622,0.03920828053551427,0.02724303105086885,0.027177365388160006,0.02827525613259013,0.06865341317724963,0.03957929148528589,0.037330356734357084,0.020733691280853145,0,0,0,0,0,0,0,0,0,0,0,0,0,0,0,0,0,0,0,0,0,0,0,0,0,0,0,0,0,0,0,0,0,0,0,0,0,0,0,0,0,0,0,0,0,0,0
0.809318508627635,0.6154981458091304,0.5292160178778437,0.5956513827759785,0.5684430489084739,0.5366867931968112,0.497202555006786,0.5057331313217247,0.47807402891000017,0.4759833272396585,0.4771488174170131,0.45403649502190546,0.450445706177211,0.4573948578659446,0.4652358652229527,0.43534072773505383,0.42288649612997586,0.4242165724633762,0.40790922366055266,0.42041996751035543,0.4135702036971144,0.4086349013424638,0.38547294196783227,0.3727860062896535,0.38352054483353054,0.36271319496349963,0.37354536938118565,0.3877068839474257,0.38078598586726164,0.3611192542239876,0.3464567210512927,0.3348981433789562,0.32191329301344507,0.31957945065511734,0.2897146258864979,0.27581931015699196,0.25428931168324936,0.2642533238538223,0.2490843397361711,0.24135451807963101,0.23827712626781666,0.20113515856784125,0.20073462165920317,0.19746087399834256,0.23975636730885774,0.2225072907788904,0.16783552810840102,0.1774447465046048,0.193675876101701,0.1739736644862534,0.17529765339191963,0.1568734441232896,0.1561100074560856,0.13925709927640892,0.12561470518427026,0.10273180435910513,0.09943525085382726,0.0946539667229447,0.040886224033038925,0.03531341660735097,0.008469824509461668,0,0,0,0,0,0,0,0,0,0,0,0,0,0,0,0,0,0,0,0,0,0,0,0,0,0,0,0,0,0,0,0,0,0,0,0,0,0,0,0
0.10321393986041362,0,0,0.030150992721952038,0.005199766829845026,0.011269320536455733,0,0.0665648231757235,0.014997441073213387,0.027880789188056334,0.08145940102078504,0.047142636623580876,0.0808766438170287,0.05206491843740555,0.11874721959870371,0.10457898777962162,0.12025147891266519,0.16750920408026398,0.14637722996750172,0.1274491525196582,0.10744009147683216,0.12147198766284405,0.09686295038656319,0.08188614121537856,0.13721799507647153,0.1131306315433886,0.12310600101560028,0.10741118479141738,0.09883305866407803,0.09878853682227551,0.08783061217549502,0.0769051138745761,0.07469413086170099,0.06668275154694574,0.03873481594899145,0.023581112474019037,0.02806662020007796,0.06754167392932588,0.07146719030306527,0.07401735543461761,0.07619148112567414,0.045930997398343054,0.06963324912321824,0.04138019764055755,0.02211283005029578,0.03287749953175561,0.00711281470180008,0.008246593303208852,0,0,0,0,0,0,0,0,0,0,0,0,0,0,0,0,0,0,0,0,0,0,0,0,0,0,0,0,0,0,0,0,0,0,0,0,0,0,0,0,0,0,0,0,0,0,0,0,0,0,0,0,0
0.45293100991079327,0.3257989518777421,0.1376032006666017,0.023586295222332045,0,0,0.001258709016703315,0.0665648231757235,0.059787504212834415,0.04393109286967021,0.08145940102078504,0.08504521839244748,0.04814601120850986,0.09162821591130296,0.1341953856340545,0.12333447037582755,0.1518504103031426,0.13453526246948846,0.11260967012307689,0.11231322308405055,0.0944216150877723,0.08593327165040497,0.06567751815000784,0.05251091488220977,0.08413919677547654,0.04624032132438518,0.03599024478594501,0.017761336170305737,0.03254932230467197,0.0017381271100808903,0.0017455039583186278,0,0,0,0.019247985632069125,0.04636326917426816,0.020935948827936503,0.014162735313040997,0.006433062597548974,0,0,0,0,0,0,0,0,0,0,0,0,0,0,0,0,0,0,0,0,0,0,0,0,0,0,0,0,0,0,0,0,0,0,0,0,0,0,0,0,0,0,0,0,0,0,0,0,0,0,0,0,0,0,0,0,0,0,0,0,0,0
0.7567472412954172,0.5497403847836175,0.4339666652394298,0.42869802354206304,0.35426815016727925,0.30265708067704444,0.3942651379824011,0.3831372280232043,0.3521263229767874,0.36577844917028773,0.3457445262805863,0.3389803831996373,0.3202334514927532,0.29670159756067205,0.31497650813634276,0.2786693972774619,0.2716624127812986,0.28344161762461484,0.2581450832470736,0.24194495454799542,0.24980001394834841,0.2490898983363514,0.2194770683868613,0.2239393424587157,0.225899067330466,0.19230465746334077,0.19177923315094395,0.17831584846909182,0.19187093457039708,0.16805587102143524,0.14947650960258016,0.14477147768658843,0.13752464311239943,0.14613775172581542,0.11129735847904221,0.10907581327941444,0.08821753141847376,0.07122635265553136,0.05685729902351951,0.0413845722793668,0.04238272255782907,0.0027934875946060097,0,0,0,0,0,0,0,0,0,0,0,0,0,0,0,0,0,0,0,0,0,0,0,0,0,0,0,0,0,0,0,0,0,0,0,0,0,0,0,0,0,0,0,0,0,0,0,0,0,0,0,0,0,0,0,0,0,0,0
0.35916128820873705,0.21553353824972807,0.1263957273891471,0.1146369365539045,0,0,0,0,0,0,0,0,0,0,0,0,0,0,0,0,0,0,0,0,0,0,0,0,0,0,0,0,0,0,0,0,0,0,0,0,0,0,0,0,0,0,0,0,0,0,0,0,0,0,0,0,0,0,0,0,0,0,0,0,0,0,0,0,0,0,0,0,0,0,0,0,0,0,0,0,0,0,0,0,0,0,0,0,0,0,0,0,0,0,0,0,0,0,0,0,0
0.838323955645119,0.7580415990780877,0.6969303807087817,0.7113320882108883,0.6740764360182907,0.6532807541226119,0.6208660020208705,0.612182596310714,0.5934051735546968,0.5893399420619001,0.5758779477181162,0.5584134152086185,0.5465127821131711,0.5299429044343295,0.5466285658674949,0.5219670271696706,0.5093712335321541,0.5078473978351963,0.49092919673096796,0.48742366061111275,0.4747366992411803,0.493466571346116,0.46994632407550957,0.46723054956902293,0.4637803594269533,0.4491498355902652,0.4399862084827282,0.42677982580876495,0.4233390701172853,0.42380067554824685,0.4160168919365035,0.4082928054522483,0.40116912006614946,0.3961045912940474,0.36984389235705645,0.35754872703830076,0.3434472330562687,0.3332418843535554,0.331524725594448,0.3303738074963506,0.3433279137455292,0.3154660676655748,0.31670341274130226,0.3032219425872709,0.30855575127336976,0.295643878038518,0.2446634106686572,0.23980413437371656,0.23738228661749494,0.23133285930991418,0.22842289841392402,0.20970514253631198,0.19818745326059228,0.1933305918297753,0.17954525066845822,0.16920971090735062,0.16306162223094492,0.13727506518494884,0.09145758703790878,0.10223456673368186,0.08943764141437562,0.09236988899559676,0.08211785109503998,0.07280134939482154,0.08089788533763365,0.07594479484071127,0.07466034997713852,0.08255818969374573,0.04418569986420924,0.022525656015284914,0,0,0,0,0,0,0,0,0,0,0,0,0,0,0,0,0,0,0,0,0,0,0,0,0,0,0,0,0,0,0
0.8529115275257745,0.6955413844218413,0.6498386397854655,0.6012439956255061,0.6340492724960288,0.6047169984448093,0.6067532356569582,0.5935018345817459,0.5908205937978406,0.586569770781203,0.5896516568749249,0.5756451920122829,0.5580599602340336,0.5561188689082609,0.5782097106832753,0.564634988457712,0.5549800715041233,0.5546877454707017,0.5397057895804455,0.545965227973924,0.5379028775931736,0.5326020375092848,0.5092710148276899,0.5037846325687864,0.49984934662400865,0.48693294568977596,0.4800237434158204,0.46936675567767683,0.46216693546019744,0.44431886016955346,0.4318506784404167,0.4281599008041074,0.418294127134815,0.41762828968263355,0.3925232359473255,0.3851957953378492,0.3628498926159335,0.357030671417215,0.34847736929442935,0.34141166989022437,0.3395695941435396,0.30829883265861147,0.31308784363500247,0.3027202482751536,0.2882958916281187,0.26947447175868144,0.2214538559866017,0.2081788078067398,0.2008955203825183,0.18504022069352968,0.16861929436392936,0.16273634458370426,0.15039372296913286,0.13386015656991143,0.13335610746888982,0.11243854426393457,0.09782190431068298,0.09957265682085122,0.054491738695607715,0.06298610553107743,0.0438900412038539,0.03654745510841582,0.016712668512375985,0.013017541162406507,0.020925172955866753,0,0,0,0,0,0,0,0,0,0,0,0,0,0,0,0,0,0,0,0,0,0,0,0,0,0,0,0,0,0,0,0,0,0,0,0
0.43432258448010547,0.5654637474836905,0.4909962187574085,0.4339897681232124,0.3971424883458085,0.38619134036091396,0.345587322233005,0.33531227155860766,0.32811938525047535,0.3262433765794931,0.35348132226711637,0.3293878366130709,0.3052333839499021,0.3189320817033137,0.32159849857815836,0.29124411770899794,0.27419380927754533,0.27431892866690366,0.26360325757253605,0.2837959251542308,0.30706053222883695,0.3115857052898906,0.2841905890928043,0.2868290920827462,0.28861484014246386,0.27119456331904884,0.25688818919852546,0.2463209633891065,0.2456876780927687,0.22392900793465237,0.20925846089217218,0.22019822593132887,0.21096744283350002,0.21940238098734524,0.18832606540845231,0.19127562863743586,0.16495491927025388,0.172005901827297,0.1824173871712331,0.17225662318752227,0.17418276398658944,0.1339520970284562,0.13622971635763326,0.14521162352707156,0.1324906496896921,0.15808002974802968,0.0998878962035359,0.10176021021597888,0.11779397753974102,0.13509596865725762,0.12940750679812066,0.10717389831887132,0.08427821876378404,0.087742459686232,0.07986361891605706,0.1058084607631616,0.0968242658290771,0.10495386195088567,0.050217223222232876,0.04989059205539086,0.054225238044646074,0.04570753770874771,0.06980969345155275,0.08295255077918037,0.08513215541379977,0.06758686318893353,0.07114345071586742,0.05532258851653457,0.003165332301220979,0,0,0,0,0,0,0,0,0,0,0,0,0,0,0,0,0,0,0,0,0,0,0,0,0,0,0,0,0,0,0,0
0.16853142074998156,0.3913138592038445,0.35611545476917206,0.3793979550282618,0.30040077577650376,0.28865244852875316,0.2882462763661959,0.29109356041856493,0.254087504227181,0.24776140579760408,0.22516367182118038,0.24417913764555696,0.21452389237011402,0.2034345086694499,0.20591926612830697,0.16492549025064773,0.14823199776373364,0.145679796982338,0.1687513664455978,0.1448449905085958,0.14080359409373552,0.13218396597276397,0.09385654063833133,0.08393290275354137,0.07384367799830034,0.03895441024633459,0.04526067722942356,0.028298973556354568,0.016467789171174002,0,0,0,0,0,0,0,0,0,0,0,0,0,0,0,0,0,0,0,0,0,0,0,0,0,0,0,0,0,0,0,0,0,0,0,0,0,0,0,0,0,0,0,0,0,0,0,0,0,0,0,0,0,0,0,0,0,0,0,0,0,0,0,0,0,0,0,0,0,0,0,0
0.24711471514866631,0.4394158558222322,0.3884231661056473,0.32716234996831095,0.29253202225214947,0.25293245485225746,0.18938113792547392,0.16912507968699506,0.1341899989641151,0.1132302706450331,0.08145940102078504,0.08294463591164423,0.05160505553315702,0.017379948103091795,0,0,0,0,0,0,0,0,0,0,0,0,0,0,0,0,0,0,0,0,0,0,0,0,0,0,0,0,0,0,0,0,0,0,0,0,0,0,0,0,0,0,0,0,0,0,0,0,0,0,0,0,0,0,0,0,0,0,0,0,0,0,0,0,0,0,0,0,0,0,0,0,0,0,0,0,0,0,0,0,0,0,0,0,0,0,0
0,0.6433950659424411,0.5845688906623242,0.6011435039974712,0.5860264494334695,0.563983926462937,0.5233264017498643,0.5405041561120956,0.5631881906627701,0.5531554861416942,0.5479643451449184,0.5304185509281526,0.5326408100238941,0.5596085966378915,0.5536152302875058,0.5348960371967746,0.5235039970678047,0.5189033653302921,0.5066384712506975,0.4922974603928399,0.4865884163094589,0.4892488277245138,0.4659533912703633,0.46304757826843673,0.4607886453620507,0.4450669416209851,0.43714396541864703,0.4250642614805129,0.4147451605449089,0.39471467620742495,0.3824617835625068,0.3741991909195823,0.36381147477650244,0.3586307156741552,0.3315232029605962,0.32281278299661353,0.30573609969493265,0.29357689340171816,0.27999707266806606,0.2695594735033594,0.30542622625813964,0.2714893265272358,0.28140512982080435,0.26442006590383593,0.2538980504699155,0.2582473510862738,0.2009016869268522,0.1991384793723965,0.1871604798047337,0.18020469703344383,0.16765510469062786,0.14776503575122638,0.13401669401152005,0.11874535373579048,0.10614412770892609,0.09914272930066179,0.08955543690642896,0.06656379054274938,0.015978746142752468,0.014361999213380295,0.0014203542854479179,0.010273027318350048,0,0,0,0,0,0,0,0,0,0,0,0,0,0,0,0,0,0,0,0,0,0,0,0,0,0,0,0,0,0,0,0,0,0,0,0,0,0,0
0.7982263756023313,0.699619953501136,0.6608040525226684,0.6206778862653539,0.5721860624555607,0.5457772224239049,0.5174681113325328,0.5023026644081265,0.48094920122865104,0.47148137929020073,0.47245967593670835,0.4511444477705737,0.4292534793204381,0.4087084767096304,0.40196168028482565,0.3714339103744274,0.3564643281300822,0.3424743956060697,0.3228473499006865,0.3028172087544747,0.28484859335808355,0.29440188033906844,0.2630879455598217,0.25552466645354505,0.2711189398278811,0.2543041866143097,0.24190082116286,0.22975238693989763,0.2424676804520958,0.22489099939920076,0.21970933923207125,0.21914745921527506,0.2090695725662966,0.21903070610872044,0.18478031988123622,0.17709359181529633,0.1577746397878095,0.16116547748407611,0.14404422144008705,0.1440701111709363,0.14145944436850946,0.11391297254098771,0.12259943902765068,0.10956991028705812,0.10667833473655047,0.09169677484762385,0.037100579767331825,0.03538062515636223,0.024719233914709184,0.023442977601654938,0,0,0,0,0,0,0,0,0,0,0,0,0,0,0,0,0,0,0,0,0,0,0,0,0,0,0,0,0,0,0,0,0,0,0,0,0,0,0,0,0,0,0,0,0,0,0,0,0,0,0
0,0.2720188135440335,0.16759450645924037,0.20359208121956004,0.12003716768407736,0.06838242871225488,0.031159560242465217,0.02783274839759216,0,0,0,0.002378906786819879,0,0,0,0,0,0,0,0,0,0,0,0,0,0,0,0,0,0,0,0,0,0,0,0,0,0,0,0,0,0,0,0,0,0,0,0,0,0,0,0,0,0,0,0,0,0,0,0,0,0,0,0,0,0,0,0,0,0,0,0,0,0,0,0,0,0,0,0,0,0,0,0,0,0,0,0,0,0,0,0,0,0,0,0,0,0,0,0,0
0,0,0,0.021010727726216413,0,0.007345619384599538,0,0.01047016803720842,0,0,0,0,0,0,0,0,0,0,0,0,0,0,0,0,0,0,0,0,0,0,0,0,0,0,0,0,0,0,0,0,0,0,0,0,0,0,0,0,0,0,0,0,0,0,0,0,0,0,0,0,0,0,0,0,0,0,0,0,0,0,0,0,0,0,0,0,0,0,0,0,0,0,0,0,0,0,0,0,0,0,0,0,0,0,0,0,0,0,0,0,0
0,0.32038084135774797,0.21269169228760978,0.23219604863120466,0.16311440781898134,0.12872612024216232,0.07784746442528225,0.1162229502554085,0.08704132461005173,0.0645386244168786,0.050799663206313836,0.039580709216408216,0,0.039393297994524644,0.026974770233040214,0.005584531029230368,0.01775884879143491,0.010888297620749129,0.05142136274464091,0.03496897119616014,0.011917822875150405,0.010894242030251092,0,0,0,0,0,0,0,0,0,0,0,0,0,0,0,0,0,0,0,0,0,0,0,0,0,0,0,0,0,0,0,0,0,0,0,0,0,0,0,0,0,0,0,0,0,0,0,0,0,0,0,0,0,0,0,0,0,0,0,0,0,0,0,0,0,0,0,0,0,0,0,0,0,0,0,0,0,0,0
0.23224420012456395,0.3991848752800791,0.39009015273250874,0.2106376357160168,0.14026489851704002,0.22638890276709012,0.16096167094792407,0.13242039826734858,0.08248216004906919,0.11831114768527663,0.08916731740581095,0.04479676982932304,0.03809265419646364,0.009845901393953868,0.03307362819142861,0,0.009652446812721467,0,0,0,0,0,0,0,0,0,0,0,0,0,0,0,0,0,0,0,0,0,0,0,0,0,0,0,0,0,0,0,0,0,0,0,0,0,0,0,0,0,0,0,0,0,0,0,0,0,0,0,0,0,0,0,0,0,0,0,0,0,0,0,0,0,0,0,0,0,0,0,0,0,0,0,0,0,0,0,0,0,0,0,0
0.4759940045406884,0.4436146680249792,0.33869293425750496,0.3344430705553328,0.29253202225214947,0.2364110692833818,0.2059960628129295,0.26175056522152496,0.24367621675443946,0.23146689167229187,0.21720291841221998,0.1848899452113261,0.17166926394914786,0.17021181378365524,0.19182858931815586,0.14895409568880683,0.13875871662249628,0.12602683704855605,0.09334556835587299,0.06702792584836376,0.06999164290400452,0.059130279559859264,0.030195327970017304,0.040999012467130905,0.04316793334158871,0.017067374703088407,0.0024056511279257446,0,0,0,0,0,0,0,0,0,0,0,0,0,0,0,0,0,0,0,0,0,0,0,0,0,0,0,0,0,0,0,0,0,0,0,0,0,0,0,0,0,0,0,0,0,0,0,0,0,0,0,0,0,0,0,0,0,0,0,0,0,0,0,0,0,0,0,0,0,0,0,0,0,0
0,0.5530676615666322,0.541872539352244,0.48776325637368756,0.42031611909805994,0.39029523944576033,0.3497533717174387,0.33288183810262906,0.33669738203382493,0.32871973131083754,0.37482638421216546,0.3805652133718743,0.36256494605833145,0.3871514412081121,0.3934332732209781,0.36607462068190705,0.3678222095248674,0.368772702041484,0.3522625265382426,0.3339550137163402,0.3237987470267055,0.3177416137661256,0.2871380626945544,0.27054329846432945,0.26008019646298847,0.2831262982422823,0.28116207291684264,0.27118805605923574,0.258443778552109,0.2368737502002182,0.22192145486001746,0.2137563631685803,0.19803732221256362,0.19657001419382605,0.17622330470554348,0.1650905695916178,0.1515253986879607,0.13484342055133536,0.11439682366966823,0.1281068740586788,0.14223479720659957,0.12535305991521134,0.12318758037201749,0.10793137447978093,0.09408486560998285,0.07277489631722944,0.0654144846941604,0.058971318607444194,0.061274591319061676,0.04100947796634064,0.026726884103592276,0.010327228014528199,0,0,0,0,0,0,0,0,0,0,0,0,0,0,0,0,0,0,0,0,0,0,0,0,0,0,0,0,0,0,0,0,0,0,0,0,0,0,0,0,0,0,0,0,0,0,0,0,0
