1,1,1,1,1,1,1,1,1,1,1,1,1,0.6942454405913573,0.6196252586444883,0.6190299635655437,0.6484723984699481,0.6484723984699481,0.6484723984699481,0.6484723984699481,0.6484723984699481,0.6484723984699481,0.6484723984699481,0.6484723984699481,0.6484723984699481,0.6484723984699481,0.5930037395542868,0.5587750448304635,0.5574198174966298,0.5561479485649049,0.5592955512161213,0.5592955512161213,0.5356184381277482,0.5360441072327816,0.4976365115934045,0.4725443691650477,0.45916791596849543,0.44624422132810315,0.42338415697453063,0.40313812958864104,0.3367320081979019,0.3367320081979019,0.3367320081979019,0.3367320081979019,0.3367320081979019,0.3367320081979019,0.31114673456889697,0.28030626041305845,0.26257241249320595,0.26215989877324847,0.26215989877324847,0.26215989877324847,0.26215989877324847,0.23361076513701265,0.21693370183021604,0.20514751732119574,0.19448572580761248,0.1861024928531457,0.16859908757520747,0.14635559872940687,0.13545802913023441,0.10223020550125353,0.08646756547542708,0.0750909140554362,0.058698865372985895,0.04731720923893019,0.04731720923893019,0.03951216806346181,0.02636951769478536,0,0,0,0,0,0,0,0,0,0,0,0,0,0,0,0,0,0,0,0,0,0,0,0,0,0,0,0,0,0,0,0
0,0,0,0,0,0,0,0,0,0,0,0,0,0,0,0,0,0,0,0,0,0,0,0,0,0,0,0,0,0,0,0,0,0,0,0,0,0,0,0,0,0,0,0,0,0,0,0,0,0,0,0,0,0,0,0,0,0,0,0,0,0,0,0,0,0,0,0,0,0,0,0,0,0,0,0,0,0,0,0,0,0,0,0,0,0,0,0,0,0,0,0,0,0,0,0,0,0,0,0,0
0,0,0,0,0,0,0,0,0,0,0,0,0,0,0,0,0,0,0,0,0,0,0,0,0,0,0,0,0,0,0,0,0,0,0,0,0,0,0,0,0,0,0,0,0,0,0,0,0,0,0,0,0,0,0,0,0,0,0,0,0,0,0,0,0,0,0,0,0,0,0,0,0,0,0,0,0,0,0,0,0,0,0,0,0,0,0,0,0,0,0,0,0,0,0,0,0,0,0,0,0
0,0,0,0,0,0,0,0,0,0,0,0,0,0,0,0,0,0,0,0,0,0,0,0,0,0,0,0,0,0,0,0,0,0,0,0,0,0,0,0,0,0,0,0,0,0,0,0,0,0,0,0,0,0,0,0,0,0,0,0,0,0,0,0,0,0,0,0,0,0,0,0,0,0,0,0,0,0,0,0,0,0,0,0,0,0,0,0,0,0,0,0,0,0,0,0,0,0,0,0,0
0,0,0,0,0,0,0,0,0,0,0,0,0,0,0,0,0,0,0,0,0,0,0,0,0,0,0,0,0,0,0,0,0,0,0,0,0,0,0,0,0,0,0,0,0,0,0,0,0,0,0,0,0,0,0,0,0,0,0,0,0,0,0,0,0,0,0,0,0,0,0,0,0,0,0,0,0,0,0,0,0,0,0,0,0,0,0,0,0,0,0,0,0,0,0,0,0,0,0,0,0
0,0,0,0,0,0,0,0,0,0,0,0,0,0,0,0,0,0,0,0,0,0,0,0,0,0,0,0,0,0,0,0,0,0,0,0,0,0,0,0,0,0,0,0,0,0,0,0,0,0,0,0,0,0,0,0,0,0,0,0,0,0,0,0,0,0,0,0,0,0,0,0,0,0,0,0,0,0,0,0,0,0,0,0,0,0,0,0,0,0,0,0,0,0,0,0,0,0,0,0,0
1,1,1,1,1,1,1,1,1,1,1,1,1,0.8492626628325453,0.8079300584819677,0.8029418446545983,0.8029418446545983,0.8029418446545983,0.8029418446545983,0.8029418446545983,0.8029418446545983,0.8029418446545983,0.8029418446545983,0.805143154253001,0.8063249573798668,0.8089005536742493,0.7822675206917031,0.7656359854188084,0.7717933475581069,0.7630079116691173,0.7670987402152448,0.7670987402152448,0.7528292128337671,0.7550640971306051,0.739451945580528,0.7274060180265798,0.7204929424456874,0.7167504374524526,0.7050573708022267,0.6947014004968104,0.6607342518748709,0.6607342518748709,0.6607342518748709,0.6607342518748709,0.6607342518748709,0.6607342518748709,0.6476472235454224,0.6318721271042598,0.6228011523911288,0.6225901490296776,0.6257278657923544,0.6468145314766975,0.6503423785340984,0.6375740444277792,0.632144941147292,0.6276675335808334,0.6274903897330628,0.6253825107066453,0.6208218955928028,0.6100899003389957,0.5981895259553414,0.5838617036336138,0.5788579833941413,0.5718940527720694,0.5589944343184559,0.5536620560633495,0.5536620560633495,0.5500053446538609,0.5350644602166544,0.5087390428559097,0.4895033286697919,0.4805118216190651,0.46915966307800117,0.44080577567616835,0.4114458684072318,0.40250123893614775,0.3571110964727015,0.32967773753213175,0.3167590422109267,0.1777423681656736,0,0,0,0,0,0,0,0,0,0,0,0,0,0,0,0,0,0,0,0,0
0,0,0,0,0,0,0,0,0,0,0,0,0.2350616654091588,0.15766528575062255,0,0,0,0,0,0,0,0,0,0,0,0,0,0,0,0,0,0.06369095013421416,0.03143333214644019,0.03143333214644019,0.04648166268492774,0,0.16341819076128966,0.14342727645806544,0.13064424915364142,0.10011959300239077,0,0,0,0,0,0,0,0,0,0,0,0,0,0,0,0,0,0,0,0,0,0,0,0,0,0,0,0,0,0,0,0,0,0,0,0,0,0,0,0,0,0,0,0,0,0,0,0,0,0,0,0,0,0,0,0,0,0,0,0,0
0,0,0,1,1,1,1,1,1,1,0.21519558981433373,0,0.2350616654091588,0.15766528575062255,0,0.19290370316539784,0.28388768729646663,0.28388768729646663,0.28388768729646663,0.28388768729646663,0.28388768729646663,0.28388768729646663,0.28388768729646663,0.28388768729646663,0.28388768729646663,0.28388768729646663,0.17089004658272045,0.10116126957399715,0.09840047646402084,0.13608099768055126,0.17724877292713306,0.17882312308864054,0.14372068040361208,0.14372068040361208,0.10962561252182121,0.08609244353696477,0.06291543879885707,0.10411115460020055,0.06790260240001612,0.10011959300239077,0,0.000008042775906739744,0.10106811665653302,0.10106811665653302,0.10106811665653302,0.10106811665653302,0.06639221115008766,0.024593894543871217,0.0005590828138395726,0,0,0,0,0,0,0,0,0,0,0,0,0,0,0,0,0,0,0,0,0,0,0,0,0,0,0,0,0,0,0,0,0,0,0,0,0,0,0,0,0,0,0,0,0,0,0,0,0,0,0,0
0,0,0,1,1,1,1,1,1,1,1,1,1,0.6075977949071667,0.4999999999999999,0.4870145901333005,0.4870145901333005,0.4870145901333005,0.4870145901333005,0.5,0.5,0.5224641640402511,0.5249399785472738,0.5290966496502233,0.5409044211445202,0.5435671882772554,0.47154520240426046,0.4271017524265251,0.42534208911754784,0.40321906956427694,0.40321906956427694,0.40321906956427694,0.36262398561536074,0.36262398561536074,0.3085896429367136,0.27405495330212104,0.2556447413852409,0.23785766781778783,0.21437962216139153,0.19106881095375355,0.10106811665653302,0.12833651195435797,0.1381540931682229,0.1479391553807337,0.1479391553807337,0.17119925784018852,0.14330291314705468,0.10494794599750433,0.1161676264540422,0.1620712325197997,0.17163381451334217,0.20337422003540295,0.20337422003540295,0.1725505011666849,0.1545447319733228,0.14181951086959818,0.13030826613485588,0.12125711876583446,0.10235917074377535,0.06553223738371403,0.037011518802025474,0,0,0,0,0,0,0,0,0,0,0,0,0,0,0,0,0,0,0,0,0,0,0,0,0,0,0,0,0,0,0,0,0,0,0,0,0,0,0,0
0,0,0,0,0,0,0,0,0,0,0,0,0,0,0,0,0,0,0,0,0,0,0,0,0,0,0,0,0,0,0,0,0,0,0,0,0,0,0,0,0,0,0,0,0,0,0,0,0,0,0,0,0,0,0,0,0,0,0,0,0,0,0,0,0,0,0,0,0,0,0,0,0,0,0,0,0,0,0,0,0,0,0,0,0,0,0,0,0,0,0,0,0,0,0,0,0,0,0,0,0
0,0,0,0,0,0,0,0,0,0,0,0,0,0,0,0,0,0,0,0,0,0,0,0,0,0,0,0,0,0,0,0,0,0,0,0,0,0,0,0,0,0,0,0,0,0,0,0,0,0,0,0,0,0,0,0,0,0,0,0,0,0,0,0,0,0,0,0,0,0,0,0,0,0,0,0,0,0,0,0,0,0,0,0,0,0,0,0,0,0,0,0,0,0,0,0,0,0,0,0,0
0,0,0,0,0,0,0,0,0,0,0,0,0.2350616654091588,0.2350616654091588,0,0,0,0,0,0,0,0,0,0,0,0,0,0,0,0,0,0.06369095013421416,0.03143333214644019,0.03143333214644019,0.04648166268492774,0,0.16341819076128966,0.14342727645806544,0.13064424915364142,0.10011959300239077,0,0,0,0,0,0,0,0,0,0,0,0,0,0,0,0,0,0,0,0,0,0,0,0,0,0,0,0,0,0,0,0,0,0,0,0,0,0,0,0,0,0,0,0,0,0,0,0,0,0,0,0,0,0,0,0,0,0,0,0,0
1,1,1,1,1,1,1,1,1,1,1,1,1,0.4795938670233094,0.34525604696657725,0.3707395180220929,0.3707395180220929,0.3768760217149375,0.3768760217149375,0.3768760217149375,0.3768760217149375,0.3768760217149375,0.3768760217149375,0.3768760217149375,0.3768760217149375,0.3768760217149375,0.2785513062069028,0.2178769229295194,0.2154746232407796,0.185272184674452,0.19743265132353094,0.2645460641352723,0.22953405914603564,0.22953405914603564,0.19322648343292803,0.1679715769513372,0.1468710547301719,0.22406768345974679,0.2180712346618617,0.2237428462208602,0.13737742510799866,0.14179790312446733,0.14794430801853542,0.150871736420911,0.15298616049200892,0.15298616049200892,0.12031297089260473,0.08092872689191127,0.058282051940759916,0.057755259099691834,0.057755259099691834,0.057755259099691834,0.057755259099691834,0.021297128156038597,0,0,0,0,0,0,0,0,0,0,0,0,0,0,0,0,0,0,0,0,0,0,0,0,0,0,0,0,0,0,0,0,0,0,0,0,0,0,0,0,0,0,0,0,0,0,0
0,0,0,0,0,0,0,0,0,0,0,0,0,0,0,0,0,0,0,0,0,0,0,0,0,0,0,0,0,0,0,0,0,0,0,0,0,0,0,0,0,0,0,0,0,0,0,0,0,0,0,0,0,0,0,0,0,0,0,0,0,0,0,0,0,0,0,0,0,0,0,0,0,0,0,0,0,0,0,0,0,0,0,0,0,0,0,0,0,0,0,0,0,0,0,0,0,0,0,0,0
0,0,0,0,0,0,0,0,0,0,0,0,0,0,0,0,0,0,0,0,0,0,0,0,0,0,0,0,0,0,0,0,0,0,0,0,0,0,0,0,0,0,0,0,0,0,0,0,0,0,0,0,0,0,0,0,0,0,0,0,0,0,0,0,0,0,0,0,0,0,0,0,0,0,0,0,0,0,0,0,0,0,0,0,0,0,0,0,0,0,0,0,0,0,0,0,0,0,0,0,0
0.35315952348342167,1,1,1,1,1,1,1,1,1,1,1,1,0.9206842219543597,0.899532472868921,0.8973971570488924,0.8992598491858057,0.8997451214052851,0.8998772496644842,0.8998772496644842,0.9012395753736453,0.9018166604593366,0.9019278696339229,0.9019572729446436,0.9021791521066332,0.9021791521066332,0.8873930532277989,0.8808281532064722,0.8804621155599027,0.8758787675579124,0.8759852483063387,0.8759852483063387,0.8675493399199355,0.8675493399199355,0.8563206708246782,0.8491441496903238,0.8453183943032797,0.8416221309018772,0.835083999076963,0.8292934993682831,0.810300902981911,0.8106166076043583,0.8106166076043583,0.8114083850130593,0.81227484992594,0.8127491614274662,0.8061040439219179,0.7974231774407154,0.7934316726166996,0.7954950961824919,0.7966910612540107,0.7966910612540107,0.7970298960068594,0.7891764049680469,0.7845887642745513,0.7813465399884211,0.7784136214215565,0.7761075043350254,0.7712925478375533,0.7619095141951167,0.7546427983015617,0.7452127346391416,0.7401261765313869,0.7358289485043347,0.7278689895435926,0.724788817952713,0.7255866119432985,0.7238033704576221,0.7151997799836576,0.6998051856214548,0.6887546218982453,0.6847214180090088,0.6782077464134887,0.6610197885844388,0.6434686046395046,0.6405716099014549,0.6202931697310486,0.6040903177144687,0.593887928727442,0.5110160914329779,0.396923956105657,0.361647319245366,0.30394500436771416,0.3000079337842461,0.25165834133316173,0.20454256894688516,0.19335572654554312,0.06467355872204761,0,0,0,0,0,0,0,0,0,0,0,0,0
0,1,1,1,1,1,1,1,1,1,1,1,0.09188316514713016,0,0,0.12113453581107689,0.21696944914308475,0.22374231529727212,0.2351752737985565,0.2351752737985565,0.2351752737985565,0.2351752737985565,0.2351752737985565,0.2351752737985565,0.2351752737985565,0.2351752737985565,0.11449114634091447,0.04001917897210769,0.03707058725405043,0,0,0,0,0,0,0,0,0,0,0,0,0,0,0,0,0,0,0,0,0,0,0,0,0,0,0,0,0,0,0,0,0,0,0,0,0,0,0,0,0,0,0,0,0,0,0,0,0,0,0,0,0,0,0,0,0,0,0,0,0,0,0,0,0,0,0,0,0,0,0,0
1,0,1,1,1,1,1,1,1,1,1,1,1,0.6317364390230554,0.5307575286308318,0.5185709169956485,0.5185709169956485,0.5425112055278377,0.5482312577679394,0.5505340583282665,0.5562622177662954,0.564168255977179,0.564168255977179,0.5662227085772666,0.5662227085772666,0.5662227085772666,0.4977756093493271,0.45553815652454127,0.4538658359455208,0.4328409156211264,0.4328409156211264,0.4328409156211264,0.39426081114972417,0.39426081114972417,0.34290851962080343,0.3100879954492897,0.31421842814854606,0.3102925912409681,0.28357557614840373,0.25903005131749457,0.1850718475263466,0.18513668809098488,0.18513668809098488,0.2009303712699778,0.23519017958122268,0.23551331144082344,0.2354109641482416,0.2381753728886587,0.21940338511710358,0.2284148227734473,0.2284148227734473,0.2284148227734473,0.2284148227734473,0.19855999609791816,0.18112020822816316,0.16879498322602882,0.15764557527045264,0.14887893562298804,0.13057501307799246,0.09490567294617279,0.06728145558471761,0.031433332146440424,0.012096923671339563,0,0,0,0,0,0,0,0,0,0,0,0,0,0,0,0,0,0,0,0,0,0,0,0,0,0,0,0,0,0,0,0,0,0,0,0,0,0
0,0,0,1,1,1,1,1,1,1,0.21519558981433373,0,0.2350616654091588,0.15766528575062255,0,0.19290370316539784,0.28388768729646663,0.28388768729646663,0.28388768729646663,0.28388768729646663,0.28388768729646663,0.28388768729646663,0.28388768729646663,0.28388768729646663,0.28388768729646663,0.28388768729646663,0.17089004658272045,0.10116126957399715,0.09840047646402084,0.13608099768055126,0.17724877292713306,0.17882312308864054,0.14372068040361208,0.14372068040361208,0.10962561252182121,0.08609244353696477,0.06291543879885707,0.10411115460020055,0.06790260240001612,0.10011959300239077,0,0.000008042775906739744,0.10106811665653302,0.10106811665653302,0.10106811665653302,0.10106811665653302,0.06639221115008766,0.024593894543871217,0.0005590828138395726,0,0,0,0,0,0,0,0,0,0,0,0,0,0,0,0,0,0,0,0,0,0,0,0,0,0,0,0,0,0,0,0,0,0,0,0,0,0,0,0,0,0,0,0,0,0,0,0,0,0,0,0
0,0,0,0,0,0,0,0,0,0,0,0,0,0,0,0,0,0,0,0,0,0,0,0,0,0,0,0,0,0,0,0,0,0,0,0,0,0,0,0,0,0,0,0,0,0,0,0,0,0,0,0,0,0,0,0,0,0,0,0,0,0,0,0,0,0,0,0,0,0,0,0,0,0,0,0,0,0,0,0,0,0,0,0,0,0,0,0,0,0,0,0,0,0,0,0,0,0,0,0,0
0,1,1,1,1,1,1,1,1,1,1,1,1,0.6666155915653614,0.5752006434880156,0.564168255977179,0.564168255977179,0.564168255977179,0.564168255977179,0.564168255977179,0.564168255977179,0.564168255977179,0.564168255977179,0.564168255977179,0.564168255977179,0.564168255977179,0.49539697813556405,0.45553815652454127,0.4739422212811638,0.45940560436830374,0.46151075783246837,0.46506354960243923,0.43958916300606393,0.4420779991107116,0.39477946903798217,0.3645498044347031,0.34843457255014865,0.3328647998402367,0.30532422293689054,0.2809328972789991,0.2009303712699778,0.2009303712699778,0.2009303712699778,0.2009303712699778,0.2009303712699778,0.2009303712699778,0.19980393622924345,0.16847463269817842,0.15037989646208197,0.15752032790308892,0.15752032790308892,0.17136284406303376,0.17163381451334217,0.172238329003078,0.18112020822816316,0.16879498322602882,0.20200211481233601,0.19369710721280312,0.17635702914977763,0.14256595836580158,0.1163963718031344,0.08243593205014538,0.06411773650530746,0.0486421513192675,0.019975992065240235,0.008126121868438281,0.008126121868438281,0,0,0,0,0,0,0,0,0,0,0,0,0,0,0,0,0,0,0,0,0,0,0,0,0,0,0,0,0,0,0,0,0,0
1,1,1,1,1,1,1,1,1,1,1,1,1,0.875,0.8407246463224793,0.8365881348241472,0.8365881348241472,0.8379476206105901,0.8381145467146759,0.8386106523241211,0.8386222812285642,0.8386222812285642,0.838727217537381,0.838727217537381,0.838727217537381,0.838727217537381,0.8132794719724173,0.7975761337021148,0.7969543865561,0.7891375933103109,0.7891375933103109,0.7891375933103109,0.7747940098198186,0.7747940098198186,0.7557018924949636,0.7442178000478765,0.7393883870329643,0.7331608258264994,0.7229945159234973,0.713533997142808,0.6818857866793948,0.6818857866793948,0.6885944499480611,0.6885944499480611,0.6893464580163216,0.6893464580163216,0.6773631330651554,0.6629184400430533,0.6546124721124529,0.6544192638620842,0.6544192638620842,0.6544192638620842,0.6544192638620842,0.6410477615518863,0.6332367577793897,0.6291211115425598,0.6267450980470783,0.6230913852659405,0.6149857157209345,0.6006685411566237,0.588721204364073,0.5729141067977377,0.5645198325885714,0.5585292036322999,0.5461179602530909,0.5412491630960935,0.5447186544715585,0.5475081537143425,0.5324843566451709,0.50879754090325,0.4938480191224151,0.4883042050611139,0.47844503789005427,0.451443471711669,0.4277462462060708,0.42163193557233564,0.3809279770212689,0.3574687038402724,0.34118793168176503,0.21886825095110554,0.040986114258164404,0.030899569901538877,0,0,0.04047366446113948,0,0,0,0,0,0,0,0,0,0,0,0,0,0,0,0
0,0,0,0,0,0,0,0,0,0,0,0,0,0,0,0,0,0,0,0,0,0,0,0,0,0,0,0,0,0,0,0,0,0,0,0,0,0,0,0,0,0,0,0,0,0,0,0,0,0,0,0,0,0,0,0,0,0,0,0,0,0,0,0,0,0,0,0,0,0,0,0,0,0,0,0,0,0,0,0,0,0,0,0,0,0,0,0,0,0,0,0,0,0,0,0,0,0,0,0,0
1,1,1,1,1,1,1,1,1,1,1,1,0,0.13326130209997186,0,0,0.12113453581107689,0.12113453581107689,0.19290370316539784,0.20573126536822503,0.20573126536822503,0.20573126536822503,0.20573126536822503,0.20573126536822503,0.20573126536822503,0.20573126536822503,0.0804010741203623,0.00306210577746179,0,0,0,0,0,0,0,0,0,0,0,0,0,0,0,0,0,0,0,0,0,0,0,0,0,0,0,0,0,0,0,0,0,0,0,0,0,0,0,0,0,0,0,0,0,0,0,0,0,0,0,0,0,0,0,0,0,0,0,0,0,0,0,0,0,0,0,0,0,0,0,0,0
0,0,1,1,1,1,1,1,1,1,1,1,1,0.9359520494448021,0.9198660203492818,0.9199739658033226,0.9203676626522576,0.9203676626522576,0.9204614398645633,0.9205849827607575,0.9208715966856275,0.9209827762583392,0.9213168029724836,0.9215404019689224,0.9215404019689224,0.921991838993985,0.9098192793439727,0.9033179650137464,0.9031795387288057,0.8994521716860896,0.8994521716860896,0.8994521716860896,0.8926125638448936,0.8926125638448936,0.8835086606643063,0.8776901301664938,0.8745883104992842,0.8715914794544963,0.8662905378548305,0.8619206579885943,0.8465581193482163,0.8467526243888172,0.8477656998489838,0.848716508400877,0.8487449686846241,0.848937767326722,0.8431106075576321,0.8365069104867544,0.8332723625792834,0.8331790958788,0.8331895747704331,0.8336992692574849,0.8352620687239184,0.8290942377066768,0.8253752316356017,0.8227468976815059,0.8203693047781202,0.8184998332962801,0.8145965519273947,0.8069901238279144,0.8010993049232809,0.7934547515778348,0.7893312942830127,0.78584771346465,0.7793949117571229,0.7767274856132053,0.7776867405984095,0.7762334051273103,0.7691829654781227,0.7571241490337398,0.747614151579318,0.7440585840862235,0.7406241577433627,0.7269804191675345,0.7126458119288104,0.7083085789087642,0.6874841072407699,0.6746107337426515,0.6699582277418205,0.6026094095566057,0.5098882785984541,0.4812194342762553,0.4343255455869964,0.4311259417219803,0.3918328836985783,0.35354253450764433,0.34445113941430827,0.23987288692994094,0.13123719835336856,0,0,0,0,0,0,0,0,0,0,0,0
0,0,0,0,0,0,0,0,0,0,0,0,0,0,0,0,0,0,0,0,0,0,0,0,0,0,0,0,0,0,0,0,0,0,0,0,0,0,0,0,0,0,0,0,0,0,0,0,0,0,0,0,0,0,0,0,0,0,0,0,0,0,0,0,0,0,0,0,0,0,0,0,0,0,0,0,0,0,0,0,0,0,0,0,0,0,0,0,0,0,0,0,0,0,0,0,0,0,0,0,0
0,0,1,1,1,1,1,1,1,1,1,1,1,0.6317364390230554,0.5307575286308318,0.5185709169956485,0.5185709169956485,0.5185709169956485,0.5185709169956485,0.5185709169956485,0.5185709169956485,0.5185709169956485,0.5185709169956485,0.5464481212401977,0.5482312577679394,0.5538592550938404,0.48346128719639414,0.4529594806185069,0.4538658359455208,0.4328409156211264,0.4328409156211264,0.4328409156211264,0.39426081114972417,0.39426081114972417,0.34290851962080343,0.3100879954492897,0.2925915936685305,0.2756874001130648,0.24578643423017985,0.21930462889638025,0.13244541715453323,0.13244541715453323,0.13244541715453323,0.13244541715453323,0.13244541715453323,0.13244541715453323,0.09897987733571835,0.058640534835065705,0.03544466043058658,0.03490509245405356,0.03490509245405356,0.03490509245405356,0.03490509245405356,0.04406290703600718,0.027739541692363427,0.01323600568627143,0,0,0,0,0,0,0,0,0,0,0,0,0,0,0,0,0,0,0,0,0,0,0,0,0,0,0,0,0,0,0,0,0,0,0,0,0,0,0,0,0,0,0,0,0
1,1,1,1,1,1,1,1,1,1,1,1,1,0.6530607812109296,0.5579290657821447,0.5464481212401977,0.5464481212401977,0.5464481212401977,0.5464481212401977,0.5464481212401977,0.5464481212401977,0.5464481212401977,0.5464481212401977,0.5464481212401977,0.5490161229123419,0.5715039225129057,0.5084425427601782,0.4793257151996985,0.4799582677650599,0.45993784658425096,0.45993784658425096,0.45993784658425096,0.42320096821325864,0.42320096821325864,0.37430211441756456,0.3430496432000523,0.3263891599546993,0.3102925912409681,0.2818201917525483,0.25660359695786,0.17389422276407554,0.17389422276407554,0.17389422276407554,0.17389422276407554,0.17389422276407554,0.17389422276407554,0.1420275525518495,0.10361548655781422,0.08152783209493372,0.08101404284012573,0.08101404284012573,0.08101404284012573,0.08101404284012573,0.04545586044103918,0.024684439966425588,0.05600382842964618,0.04334149096422876,0.03680283453030235,0.03241438009529852,0,0,0,0,0,0,0,0,0,0,0,0,0,0,0,0,0,0,0,0,0,0,0,0,0,0,0,0,0,0,0,0,0,0,0,0,0,0,0,0,0,0
0,1,1,1,1,1,1,1,1,1,1,1,1,0.8945466936663802,0.8656310986979903,0.8646994566243956,0.864988022843231,0.8659109825260305,0.8667123371129233,0.8670417128097838,0.868705968240209,0.868705968240209,0.8693813765713887,0.8695972124922968,0.8699911678834158,0.8700044699580392,0.8494920615864829,0.8385898819825586,0.8403303746994432,0.8363579187533845,0.8372760216786881,0.8372760216786881,0.8262069790475298,0.8262069790475298,0.8114734599985435,0.8020569022621399,0.7970369983542421,0.7921870052898248,0.783608099903091,0.77601018807247,0.751089355667986,0.7512389127761918,0.7529007353095296,0.7529007353095296,0.7529949513298436,0.7529949513298436,0.7434668392603903,0.7319816584375133,0.7253774652264843,0.7252238425992286,0.7252238425992286,0.7252238425992286,0.7252238425992286,0.7145919709719705,0.7083813308013535,0.7039920837484749,0.7000215675102822,0.6990720483654741,0.6939178914643996,0.6843487792900503,0.6747148464825345,0.6624207609691543,0.6559720075699833,0.6502832209448874,0.6397456120986459,0.6353896292860867,0.6353896292860867,0.6324024870977076,0.6201973822271776,0.5986923313716717,0.582978809867117,0.575633710120214,0.5663602105437409,0.5431981165806291,0.5192142119655815,0.5119074061883576,0.47556305352870404,0.4546296193895189,0.44087436619515274,0.3283251690523219,0.17160668738896415,0.13944105039458812,0.06290746669917179,0.05760702424850758,0,0,0,0,0,0,0,0,0,0,0,0,0,0,0,0,0
1,1,1,1,1,1,1,1,1,1,1,1,1,0.7339785886629001,0.6626352394393982,0.6538736000584775,0.6538736000584775,0.6538736000584775,0.6538736000584775,0.6538736000584775,0.6538736000584775,0.6538736000584775,0.6538736000584775,0.6538736000584775,0.6538736000584775,0.6538736000584775,0.6039723696643096,0.5706661450662888,0.5787354293221433,0.5638710268774936,0.5723367834332036,0.5723367834332036,0.5432456659175735,0.5432456659175735,0.5045237503594628,0.4797756129793316,0.46658254657169557,0.4538360315488156,0.43128937118467287,0.4113209101981907,0.34582519496574254,0.34582519496574254,0.34582519496574254,0.34582519496574254,0.34582519496574254,0.34582519496574254,0.32246660334017313,0.29579945118017925,0.2784473682719483,0.278043734931805,0.2940369962434215,0.29841688813192574,0.29841688813192574,0.27506203901643406,0.2651174894739949,0.2587178761337747,0.2689548706042888,0.2732078730960632,0.2849566478011609,0.2572675334985285,0.23459873259814873,0.20518128477541217,0.189313570294491,0.17590820148749325,0.1510768020631268,0.1408121252581116,0.1408121252581116,0.13377305957448946,0.10501228106404863,0.054336599775608035,0.01730839588833424,0,0,0,0,0,0,0,0,0,0,0,0,0,0,0,0,0,0,0,0,0,0,0,0,0,0,0,0,0,0
0,0,0,0,0,0,0,0,0,0,0,0,0.2350616654091588,0.2350616654091588,0,0,0,0,0,0,0,0,0,0,0,0,0,0,0,0,0,0.06369095013421416,0.03143333214644019,0.03143333214644019,0.04648166268492774,0,0.16341819076128966,0.14342727645806544,0.13064424915364142,0.10011959300239077,0,0,0,0,0,0,0,0,0,0,0,0,0,0,0,0,0,0,0,0,0,0,0,0,0,0,0,0,0,0,0,0,0,0,0,0,0,0,0,0,0,0,0,0,0,0,0,0,0,0,0,0,0,0,0,0,0,0,0,0,0
0,0,0,1,1,1,1,1,1,1,1,1,1,0.6075977949071667,0.4999999999999999,0.4870145901333005,0.4870145901333005,0.5,0.5,0.5224641640402511,0.5310353980668227,0.5435671882772554,0.5435671882772554,0.5435671882772554,0.5435671882772554,0.5435671882772554,0.47154520240426046,0.4271017524265251,0.42534208911754784,0.40321906956427694,0.40321906956427694,0.40321906956427694,0.36262398561536074,0.36262398561536074,0.3191431482629457,0.28513558702218644,0.28071832435957766,0.27980508397304843,0.25074930455239963,0.23324714035728797,0.1479391553807337,0.17512221412777457,0.17512221412777457,0.2046871190503107,0.20505045726119064,0.28388768729646646,0.25626396702641574,0.2229663504587814,0.2038195998180427,0.20337422003540295,0.20337422003540295,0.20337422003540295,0.20337422003540295,0.1725505011666849,0.1545447319733228,0.14181951086959818,0.13030826613485588,0.12125711876583446,0.10235917074377535,0.08382274664289435,0.0712184385484632,0.038146403572542065,0.023483649206195046,0.02076265415626049,0,0,0,0,0,0,0,0,0,0,0,0,0,0,0,0,0,0,0,0,0,0,0,0,0,0,0,0,0,0,0,0,0,0,0,0,0
0,0,1,1,1,1,1,1,1,1,1,1,1,0.6317364390230554,0.5307575286308318,0.5185709169956485,0.5185709169956485,0.5185709169956485,0.5185709169956485,0.5185709169956485,0.5185709169956485,0.5185709169956485,0.5185709169956485,0.5464481212401977,0.5482312577679394,0.5538592550938404,0.48346128719639414,0.4529594806185069,0.4538658359455208,0.4328409156211264,0.4328409156211264,0.4328409156211264,0.39426081114972417,0.39426081114972417,0.34290851962080343,0.3100879954492897,0.2925915936685305,0.2756874001130648,0.24578643423017985,0.21930462889638025,0.13244541715453323,0.13244541715453323,0.13244541715453323,0.13244541715453323,0.13244541715453323,0.13244541715453323,0.09897987733571835,0.058640534835065705,0.03544466043058658,0.03490509245405356,0.03490509245405356,0.03490509245405356,0.03490509245405356,0.04406290703600718,0.027739541692363427,0.01323600568627143,0,0,0,0,0,0,0,0,0,0,0,0,0,0,0,0,0,0,0,0,0,0,0,0,0,0,0,0,0,0,0,0,0,0,0,0,0,0,0,0,0,0,0,0,0
0,0,0,0,0,0,0,0,0,0,0,0,0,0,0,0,0,0,0,0,0,0,0,0,0,0,0,0,0,0,0,0,0,0,0,0,0,0,0,0,0,0,0,0,0,0,0,0,0,0,0,0,0,0,0,0,0,0,0,0,0,0,0,0,0,0,0,0,0,0,0,0,0,0,0,0,0,0,0,0,0,0,0,0,0,0,0,0,0,0,0,0,0,0,0,0,0,0,0,0,0
0,0,0,1,1,1,1,1,1,1,1,1,1,0.6075977949071667,0.4999999999999999,0.4870145901333005,0.4870145901333005,0.4870145901333005,0.4870145901333005,0.5,0.5,0.5224641640402511,0.5249399785472738,0.5290966496502233,0.5409044211445202,0.5435671882772554,0.47154520240426046,0.4271017524265251,0.42534208911754784,0.40321906956427694,0.40321906956427694,0.40321906956427694,0.36262398561536074,0.36262398561536074,0.3085896429367136,0.27405495330212104,0.2556447413852409,0.23785766781778783,0.21437962216139153,0.19106881095375355,0.10106811665653302,0.12833651195435797,0.1381540931682229,0.1479391553807337,0.1479391553807337,0.17119925784018852,0.14330291314705468,0.10494794599750433,0.1161676264540422,0.1620712325197997,0.17163381451334217,0.20337422003540295,0.20337422003540295,0.1725505011666849,0.1545447319733228,0.14181951086959818,0.13030826613485588,0.12125711876583446,0.10235917074377535,0.06553223738371403,0.037011518802025474,0,0,0,0,0,0,0,0,0,0,0,0,0,0,0,0,0,0,0,0,0,0,0,0,0,0,0,0,0,0,0,0,0,0,0,0,0,0,0,0
0,1,1,1,1,1,1,1,1,1,1,1,1,0.8952691090766748,0.8691727898568451,0.8657750999659937,0.8668897712929589,0.8677441224642216,0.867858560613356,0.8683014952997476,0.8696271002451039,0.8708213077204043,0.8711696906121951,0.8714406757722492,0.871856364263586,0.871856364263586,0.8519731687953944,0.8401405583294886,0.8396495482848731,0.8340331709649184,0.8340331709649184,0.834744852153484,0.8235036306973598,0.8239617168463228,0.8098141479695843,0.8013252462697481,0.7984177236299297,0.7936007243030737,0.7850801798560636,0.7775339554207902,0.7527826555070214,0.7527826555070214,0.7527826555070214,0.7527826555070214,0.7527826555070214,0.7527826555070214,0.7432463542187541,0.7317513021162162,0.7254557742405101,0.7283176961631211,0.7310818673102353,0.7310818673102353,0.7310818673102353,0.7206766593327852,0.7145984254230855,0.7103027538752351,0.7064168861103991,0.7033614770207193,0.6969820689955532,0.6845503470993346,0.6749225663058247,0.662428533631292,0.655689276562174,0.6507033914749926,0.6425689106599718,0.6382470655024165,0.6388193165737243,0.6366219467419661,0.6257178493969461,0.6045253765008236,0.5917981113719553,0.5855609021647578,0.577208665278843,0.558658024550098,0.5354858262163854,0.5284263104547392,0.4926023082218962,0.47095063103818163,0.45731730076868665,0.3465766566595516,0.19411670203057282,0.14697695449448628,0.06987004188394447,0.06460898159434104,0,0,0,0,0,0,0,0,0,0,0,0,0,0,0,0,0
0,0,0,0,0,0,0,0,0,0,0,0,0,0,0,0,0,0,0,0,0,0,0,0,0,0,0,0,0,0,0,0,0,0,0,0,0,0,0,0,0,0,0,0,0,0,0,0,0,0,0,0,0,0,0,0,0,0,0,0,0,0,0,0,0,0,0,0,0,0,0,0,0,0,0,0,0,0,0,0,0,0,0,0,0,0,0,0,0,0,0,0,0,0,0,0,0,0,0,0,0
0,0,0,0,0,0,0,0,0,0,0,0,0.2350616654091588,0.2350616654091588,0,0,0,0,0,0,0,0,0,0,0,0,0,0,0,0,0,0.06369095013421416,0.03143333214644019,0.03143333214644019,0.04648166268492774,0,0.16341819076128966,0.14342727645806544,0.13064424915364142,0.10011959300239077,0,0,0,0,0,0,0,0,0,0,0,0,0,0,0,0,0,0,0,0,0,0,0,0,0,0,0,0,0,0,0,0,0,0,0,0,0,0,0,0,0,0,0,0,0,0,0,0,0,0,0,0,0,0,0,0,0,0,0,0,0
0,1,1,1,1,1,1,1,1,1,1,1,1,0.2634728780461109,0.061515057261663716,0.03714183399129724,0.22472881052108945,0.25218147799285656,0.25218147799285656,0.28286949444813897,0.29790428520397005,0.30639748347583223,0.30639748347583223,0.30639748347583223,0.30639748347583223,0.30639748347583223,0.19695173513440534,0.12941476593356233,0.12674075375039948,0.09312226349036323,0.09312226349036323,0.09312226349036323,0.03143333214644019,0.03143333214644019,0,0,0,0,0,0,0,0,0,0,0,0,0,0,0,0,0,0,0,0,0,0,0,0,0,0,0,0,0,0,0,0,0,0,0,0,0,0,0,0,0,0,0,0,0,0,0,0,0,0,0,0,0,0,0,0,0,0,0,0,0,0,0,0,0,0,0
1,1,1,1,1,1,1,1,1,1,1,1,1,0.9018806304519306,0.8749801410927208,0.871733272873945,0.8746386935835375,0.8746386935835375,0.8746386935835375,0.8746386935835375,0.8746386935835375,0.8746386935835375,0.8746386935835375,0.8746386935835375,0.8746386935835375,0.8746386935835375,0.8548575341053903,0.8432458156019863,0.8430858646522732,0.8380836232543023,0.8387854623740275,0.8387922430062726,0.8283135394677733,0.828640002895448,0.8162291867497972,0.8080161204530353,0.803147344334014,0.7984433637712979,0.7901227324523283,0.7827535611785204,0.7585829882147254,0.7585829882147254,0.7585829882147254,0.7585829882147254,0.7585829882147254,0.7585829882147254,0.7492704322319756,0.7380450825923611,0.7319826612544907,0.7335259831657889,0.7335259831657889,0.7335578567144257,0.7359797045740636,0.7261999510738679,0.7213995414648552,0.7172062357176054,0.7137955961036262,0.7123264453247338,0.7061398348842157,0.6944291409962846,0.6851028690529812,0.6788579667207785,0.6724467058957772,0.6670303419965946,0.6569973546655701,0.6528499697122788,0.6528499697122788,0.6500058747976473,0.6383852439385381,0.617910019821324,0.6029489822195903,0.5959556221716821,0.5871262088652465,0.5650732935708257,0.5422379222202273,0.5371338142661153,0.5020505108697576,0.48186596613525456,0.4690267475065074,0.36069886107790783,0.2134100046350066,0.16786642546827524,0.09540913636876192,0.09914457084689297,0.041496472090916114,0.0015003548802424496,0,0,0,0,0,0,0,0,0,0,0,0,0,0,0
0,0,0,0,0,0,0,0,0,0,0,0,0,0,0,0,0,0,0,0,0,0,0,0,0,0,0,0,0,0,0,0,0,0,0,0,0,0,0,0,0,0,0,0,0,0,0,0,0,0,0,0,0,0,0,0,0,0,0,0,0,0,0,0,0,0,0,0,0,0,0,0,0,0,0,0,0,0,0,0,0,0,0,0,0,0,0,0,0,0,0,0,0,0,0,0,0,0,0,0,0
1,1,1,1,1,1,1,1,1,1,1,1,1,0.8638833280102118,0.8338930043715264,0.8341019694141265,0.8355606013837674,0.8355606013837674,0.8361743155172922,0.8372658256285206,0.8381340637912247,0.8409385522661712,0.8410857664896872,0.8416672585686983,0.8416672585686983,0.8435196731123384,0.8188281443636325,0.8067649214277365,0.8095224732908163,0.8021895227335446,0.8021895227335446,0.8021895227335446,0.7887337762090303,0.7887337762090303,0.7708234198807234,0.7593764665843439,0.753274172392075,0.7473784251720985,0.7369497385920377,0.7278163081406118,0.6979372613401814,0.7003924933736595,0.7003924933736595,0.7033207204729575,0.705797655269741,0.7073017348962969,0.6960110269230894,0.6824012140089107,0.6745753177137334,0.6743932765906046,0.6743932765906046,0.6743932765906046,0.6743932765906046,0.6617946256850543,0.6544350854128616,0.6492338759460677,0.6445288578877648,0.6408293611955367,0.6341910230936274,0.6228682902504639,0.6113579227532662,0.5987411431961505,0.5918980090949609,0.5856467801407607,0.5731615566211616,0.5711563122644077,0.5800790610987507,0.5766387761997789,0.5625821845384227,0.5378148661303328,0.5197176389705082,0.5112583042126855,0.5005780357347808,0.4739023045292622,0.44628009585552386,0.437864864175928,0.3951611875133473,0.36935150227364905,0.3531000146850027,0.22109263514361482,0.04516413687147484,0,0,0,0,0,0,0,0,0,0,0,0,0,0,0,0,0,0,0,0
0,0,0,0,0,0,0,0,0,0,0,0,0,0,0,0,0,0,0,0,0,0,0,0,0,0,0,0,0,0,0,0,0,0,0,0,0,0,0,0,0,0,0,0,0,0,0,0,0,0,0,0,0,0,0,0,0,0,0,0,0,0,0,0,0,0,0,0,0,0,0,0,0,0,0,0,0,0,0,0,0,0,0,0,0,0,0,0,0,0,0,0,0,0,0,0,0,0,0,0,0
1,1,1,1,1,1,1,1,1,1,1,1,1,0.03699964458270909,0.11614199288393938,0.13628788346830525,0.2032916601578424,0.2046871190503109,0.2046871190503109,0.21696944914308475,0.21696944914308475,0.21696944914308475,0.21696944914308475,0.21696944914308475,0.21696944914308475,0.21696944914308475,0.09341256667645557,0.017167874743161587,0.014149094991218261,0,0,0,0.06195134716628328,0.08722040478573638,0.009838381733767238,0.009999743099595317,0,0,0,0,0.007291192137108059,0.049879957094547706,0.049879957094547706,0.07061724827446528,0.07061724827446528,0.07061724827446528,0.034766713795379135,0,0,0,0,0,0,0,0,0,0,0,0,0,0,0,0,0,0,0,0,0,0,0,0,0,0,0,0,0,0,0,0,0,0,0,0,0,0,0,0,0,0,0,0,0,0,0,0,0,0,0,0,0,0
0,0,0,1,1,1,1,1,1,1,1,1,1,0.21519558981433373,0,0,0,0,0.19290370316539784,0.2046871190503109,0.22374231529727212,0.2734703806510366,0.28388768729646663,0.28388768729646663,0.28388768729646663,0.28388768729646663,0.17089004658272045,0.10116126957399715,0.09840047646402084,0.06369095013421416,0.06369095013421416,0.06369095013421416,0,0,0,0.0010919319734496444,0,0,0,0,0,0,0,0,0,0,0,0.024593894543871217,0.0005590828138395726,0,0,0,0,0,0,0,0,0,0,0,0,0,0,0,0,0,0,0,0,0,0,0,0,0,0,0,0,0,0,0,0,0,0,0,0,0,0,0,0,0,0,0,0,0,0,0,0,0,0,0,0
0,0,0,0,0,0,0,0,0,0,0,0,0,0,0,0,0,0,0,0,0,0,0,0,0,0,0,0,0,0,0,0,0,0,0,0,0,0,0,0,0,0,0,0,0,0,0,0,0,0,0,0,0,0,0,0,0,0,0,0,0,0,0,0,0,0,0,0,0,0,0,0,0,0,0,0,0,0,0,0,0,0,0,0,0,0,0,0,0,0,0,0,0,0,0,0,0,0,0,0,0
0,0,0,0,0,0,0,0,0,0,0,0,0.2350616654091588,0.2350616654091588,0,0,0,0,0,0,0,0,0,0,0,0,0,0,0,0,0,0.06369095013421416,0.03143333214644019,0.03143333214644019,0.04648166268492774,0,0.16341819076128966,0.14342727645806544,0.13064424915364142,0.10011959300239077,0,0,0,0,0,0,0,0,0,0,0,0,0,0,0,0,0,0,0,0,0,0,0,0,0,0,0,0,0,0,0,0,0,0,0,0,0,0,0,0,0,0,0,0,0,0,0,0,0,0,0,0,0,0,0,0,0,0,0,0,0
1,1,1,1,1,1,1,1,1,1,1,1,1,0.7612334556839194,0.7003204138663581,0.6925374893571017,0.6925374893571017,0.6925374893571017,0.6925374893571017,0.6925374893571017,0.6925374893571017,0.6925374893571017,0.6925374893571017,0.6925374893571017,0.6925374893571017,0.6925374893571017,0.644022001361358,0.6140839812172518,0.621066916769917,0.6065217518776279,0.6086461231560736,0.6108356986057745,0.5886227095614294,0.5887214483934738,0.5538547987355945,0.532582907566073,0.5207290520098936,0.5092764189936271,0.48901844052426297,0.4710769517983394,0.41222962063772794,0.41222962063772794,0.41222962063772794,0.41222962063772794,0.41222962063772794,0.41222962063772794,0.38955663449505457,0.3622266300046551,0.359480468476066,0.36105601491844247,0.36126830478826083,0.36530402038013043,0.36530402038013043,0.34197272331000184,0.3285866893465779,0.3228556342400644,0.33343097250025816,0.32789743642815805,0.33653927195820194,0.3117303086976698,0.2907237561345506,0.2685317294688104,0.2539287395714695,0.24159183588605906,0.2187396050013369,0.20929306675770168,0.20929306675770168,0.20281504465891448,0.17634662297584142,0.12971000982114061,0.0956331118574997,0.07970426901120163,0.08881420687441555,0.04014484702464065,0.014642626257758052,0,0,0,0,0,0,0,0,0,0,0,0,0,0,0,0,0,0,0,0,0,0,0,0,0,0
0,1,1,1,1,1,1,1,1,1,1,1,0.09188316514713016,0,0,0.12113453581107689,0.21696944914308475,0.22374231529727212,0.2351752737985565,0.2351752737985565,0.2351752737985565,0.2351752737985565,0.2351752737985565,0.2351752737985565,0.2351752737985565,0.2351752737985565,0.11449114634091447,0.04001917897210769,0.03707058725405043,0,0,0,0,0,0,0,0,0,0,0,0,0,0,0,0,0,0,0,0,0,0,0,0,0,0,0,0,0,0,0,0,0,0,0,0,0,0,0,0,0,0,0,0,0,0,0,0,0,0,0,0,0,0,0,0,0,0,0,0,0,0,0,0,0,0,0,0,0,0,0,0
0,1,1,1,1,1,1,1,1,1,1,1,1,0.7592499111456773,0.6932355555986658,0.6852686315125025,0.6852686315125025,0.6852686315125025,0.6897362524677934,0.6931865141940597,0.6940113751087913,0.6957779112693,0.6990326012606831,0.6991079986464432,0.6991079986464432,0.6997865453516844,0.6524149089700781,0.6231827387324785,0.62202534034341,0.6074741775944573,0.6074741775944573,0.6074741775944573,0.580773226039192,0.580773226039192,0.5452327559665423,0.5225179593653151,0.5104088533185493,0.4987096093846743,0.4845945779546693,0.47339490460951883,0.417896964160204,0.417896964160204,0.42373713248681255,0.425477897539447,0.4267894515226902,0.4267894515226902,0.40886468180570407,0.3892348749537751,0.40347967878375696,0.403145987963256,0.40739434000456964,0.40739434000456964,0.40739434000456964,0.3844647402814449,0.3710703448138115,0.361604120847151,0.35304096741304536,0.34630786726083435,0.3322497847309552,0.30485442583305866,0.28363801571462566,0.2642692659714202,0.2565290033222977,0.2521650734656694,0.23096110412083556,0.22166234101026222,0.2296731906226272,0.2246227769571041,0.19887842344736112,0.1650859310881968,0.1355724872553507,0.12154245222749921,0.1108077722950126,0.10587670704175788,0.0589316996966034,0.0580739500469547,0.007275858535999019,0,0,0,0,0,0,0,0,0,0,0,0,0,0,0,0,0,0,0,0,0,0,0,0
0,0,0,0,0,0,0,0,0,0,0,0,0.2350616654091588,0.15766528575062255,0,0,0,0,0,0,0,0,0,0,0,0,0,0,0,0,0,0.06369095013421416,0.03143333214644019,0.03143333214644019,0.04648166268492774,0,0.16341819076128966,0.14342727645806544,0.13064424915364142,0.10011959300239077,0,0,0,0,0,0,0,0,0,0,0,0,0,0,0,0,0,0,0,0,0,0,0,0,0,0,0,0,0,0,0,0,0,0,0,0,0,0,0,0,0,0,0,0,0,0,0,0,0,0,0,0,0,0,0,0,0,0,0,0,0
0,1,1,1,1,1,1,1,1,1,1,1,1,0.7151963328916522,0.6371023615413044,0.6276776123912174,0.6276776123912174,0.6276776123912174,0.6276776123912174,0.6276776123912174,0.6276776123912174,0.6276776123912174,0.6289609071298834,0.644739206719716,0.6498922353758435,0.6505550713576339,0.5960198932658577,0.5620448593607369,0.5606996752984273,0.5437876142459535,0.5437876142459535,0.5437876142459535,0.5127544844093499,0.5127544844093499,0.47144764109570886,0.4450474122245051,0.43097362689978774,0.41737620303125733,0.39332441340556434,0.3922120278758399,0.33047385224535486,0.33047385224535486,0.33218787352633955,0.33346123335887806,0.33911793109762495,0.34193711687298595,0.3185973889673177,0.28809048616251975,0.2937736371622554,0.29534895539234035,0.3037729167053962,0.30553516552264404,0.30553516552264404,0.2894698336325822,0.2852489153518939,0.2780880003827987,0.27466511448538583,0.2671163329056094,0.2513551839475501,0.22064101425680266,0.1968543421042404,0.1659862256123434,0.1493360232559491,0.1352695927333316,0.10921367738992967,0.0984428164614711,0.0984428164614711,0.0910566318806243,0.06087756717019871,0.021333881294699552,0,0.00726222429547081,0,0,0,0,0,0,0,0,0,0,0,0,0,0,0,0,0,0,0,0,0,0,0,0,0,0,0,0,0
1,1,1,1,1,1,1,1,1,1,1,1,1,0.9638685766878208,0.9547115069120979,0.9536794161594663,0.9545260514166448,0.9545973434239531,0.9546347407938409,0.9547638470398477,0.9548324743899141,0.954933900527711,0.954933900527711,0.9550004547140586,0.9550804322607509,0.955396177023715,0.9484149996171601,0.9440993179420943,0.9439276183783748,0.9420429558464956,0.9420429558464956,0.9421279750142018,0.9384204702078783,0.9386347967459685,0.9334324854786165,0.930107559217016,0.9283350632794024,0.9266225617730272,0.9235934051943059,0.9209106311609355,0.9121112447564662,0.9121112447564662,0.9121112447564662,0.9121112447564662,0.9123857614858266,0.9124319275659551,0.9092786382305904,0.9052169752416214,0.9030013043058096,0.9031741945821705,0.9032074164381633,0.9034054311488737,0.9036191214714058,0.8998898709515224,0.8978925422935757,0.8966285919420702,0.8954486856632983,0.8945505137937185,0.8922827527092926,0.8878635064379403,0.8844410091581341,0.8799996125622308,0.8776039318252411,0.8755800118800101,0.8718310091269684,0.8702812655566032,0.8702812655566032,0.8692185193063517,0.8648762655343208,0.8572253367479151,0.8516857969231999,0.8490735013342529,0.8471981768144133,0.8390524342714549,0.8308359661140589,0.828265073273924,0.815422026194107,0.8081782242861221,0.8047653798031739,0.7649255109007319,0.7100767726244325,0.6931178558957102,0.6653780019821944,0.6634852917319355,0.6402416725770556,0.6175912010008456,0.6122132300368603,0.550350468650821,0.4860875504936721,0.4084548181249577,0.3954921613886459,0.20780765340272536,0,0,0,0,0,0,0,0,0
0,0,0,0,0,0,0,0,0,0,0,0,0.2350616654091588,0.2350616654091588,0,0,0,0,0,0,0,0,0,0,0,0,0,0,0,0,0,0.06369095013421416,0.03143333214644019,0.03143333214644019,0.04648166268492774,0,0.16341819076128966,0.14342727645806544,0.13064424915364142,0.10011959300239077,0,0,0,0,0,0,0,0,0,0,0,0,0,0,0,0,0,0,0,0,0,0,0,0,0,0,0,0,0,0,0,0,0,0,0,0,0,0,0,0,0,0,0,0,0,0,0,0,0,0,0,0,0,0,0,0,0,0,0,0,0
0,0,0,0,0,0,0,0,0,0,0,0,0,0,0,0,0,0,0,0,0,0,0,0,0,0,0,0,0,0,0,0,0,0,0,0,0,0,0,0,0,0,0,0,0,0,0,0,0,0,0,0,0,0,0,0,0,0,0,0,0,0,0,0,0,0,0,0,0,0,0,0,0,0,0,0,0,0,0,0,0,0,0,0,0,0,0,0,0,0,0,0,0,0,0,0,0,0,0,0,0
0,0,0,0,0,0,0,0,0,0,0,0,0,0,0,0,0,0,0,0,0,0,0,0,0,0,0,0,0,0,0,0,0,0,0,0,0,0,0,0,0,0,0,0,0,0,0,0,0,0,0,0,0,0,0,0,0,0,0,0,0,0,0,0,0,0,0,0,0,0,0,0,0,0,0,0,0,0,0,0,0,0,0,0,0,0,0,0,0,0,0,0,0,0,0,0,0,0,0,0,0
1,1,1,1,1,1,1,1,1,1,1,1,1,0.40102991449376224,0.24212750700437594,0.2793652676680601,0.33925338559080337,0.33925338559080337,0.3463472930825186,0.3463472930825186,0.3463472930825186,0.3463472930825186,0.3463472930825186,0.3463472930825186,0.3463472930825186,0.3463472930825186,0.2432053523316586,0.1795583474788505,0.177038351861456,0.14535620446805622,0.14535620446805622,0.2355845777096828,0.23018214944680696,0.24480075170409177,0.18077779813801653,0.19152609838090287,0.2193060732311659,0.22406768345974679,0.1988038643264978,0.20620129805325937,0.1178842257548457,0.13455466017776846,0.13455466017776846,0.13455466017776846,0.13455466017776846,0.13455466017776846,0.10117048348904062,0.060929216058722244,0.03778973664912059,0.03725148049781742,0.03725148049781742,0.03725148049781742,0.03725148049781742,0,0,0,0.002190911244982387,0.01413290887878452,0,0,0,0,0,0,0,0,0,0,0,0,0,0,0,0,0,0,0,0,0,0,0,0,0,0,0,0,0,0,0,0,0,0,0,0,0,0,0,0,0,0,0
0,0,0,0,0,0,0,0,0,0,0,0,0,0,0,0,0,0,0,0,0,0,0,0,0,0,0,0,0,0,0,0,0,0,0,0,0,0,0,0,0,0,0,0,0,0,0,0,0,0,0,0,0,0,0,0,0,0,0,0,0,0,0,0,0,0,0,0,0,0,0,0,0,0,0,0,0,0,0,0,0,0,0,0,0,0,0,0,0,0,0,0,0,0,0,0,0,0,0,0,0
0.9330672195352903,0,1,1,1,1,1,1,1,1,1,1,1,0.9535504056619747,0.9410116191224,0.939943875698749,0.9404822020455408,0.9411453618456885,0.9412669698384477,0.9413478416176148,0.9414298150270162,0.9414298150270162,0.9414968257271614,0.9417287702759514,0.9417287702759514,0.9419360298525862,0.9329942821073288,0.927567331265348,0.9274811392576783,0.9249790077269066,0.9249790077269066,0.9251553742839552,0.9203424741888869,0.9203990503249773,0.9138589319266032,0.9095563422700893,0.9073657435263253,0.9059017879349528,0.9020172394278074,0.8985768871067872,0.8872926756660874,0.8872926756660874,0.8872926756660874,0.8872926756660874,0.8872926756660874,0.8872926756660874,0.8829450397651881,0.8777044019441927,0.8747493968202464,0.8747031575260847,0.8752344621377063,0.8757354443093013,0.876366576326618,0.8715828472659607,0.8690217005076782,0.8670503036947873,0.8654019438890889,0.8647229795886483,0.8618137576138173,0.8561444794640588,0.8517538916002882,0.8460561976657385,0.8429828725731643,0.8403864648561427,0.8355770158944537,0.8335889104978038,0.8335889104978038,0.8322255549105977,0.8266550474260831,0.8168399702091137,0.8098344184573942,0.8078006323048648,0.8036005796677334,0.7934052763257189,0.7825871469624885,0.7807857600759158,0.7641997641871443,0.7544530562397805,0.7497412747906287,0.6986731046372919,0.6283660284305675,0.6066274818695978,0.5710695440873956,0.5686434003330605,0.5388488972214297,0.5098147119097329,0.5029210362066064,0.42362313408866353,0.3412486251003048,0.24173620964075096,0.22512021219682635,0,0,0,0,0,0,0,0,0,0
1,1,1,1,1,1,1,1,1,1,1,1,1,0.7629992967990374,0.6980130334067647,0.6901701843355358,0.6901701843355358,0.6901701843355358,0.6901701843355358,0.6901701843355358,0.6901701843355358,0.6901701843355358,0.6901701843355358,0.6944015054540974,0.6944015054540974,0.6985214401496259,0.655970238982146,0.6277176581642777,0.626574188830442,0.6130479975496277,0.6130479975496277,0.6130479975496277,0.5867261963281895,0.5867261963281895,0.5516903967001312,0.5292981475068621,0.5173609893245938,0.5058278732619998,0.4854275324365438,0.46735996041900846,0.4080990813455875,0.4080990813455875,0.42247403367485686,0.4227072780681786,0.42389448051401213,0.42955875898528584,0.409349394047031,0.3944556493398234,0.38187701823139575,0.38166936282162667,0.3990748573309101,0.4099424422991706,0.4099424422991706,0.39137616240533557,0.37813216339299777,0.3687722291452768,0.36030522547214805,0.3536477266711507,0.3397474926821673,0.3126597374293738,0.2916815517895013,0.26445802619639003,0.2497737091244764,0.23736809858336289,0.21438859873635258,0.2048894507004591,0.2048894507004591,0.21416350490994132,0.18930911157812638,0.15219277934784978,0.11915484060733679,0.1036402919215635,0.09806029993295953,0.05914447961986593,0.06728427740917411,0.05310920651492732,0,0.0017000664051506386,0,0,0,0,0,0,0,0,0,0,0,0,0,0,0,0,0,0,0,0,0,0,0
0,0,0,1,1,1,1,1,1,1,1,1,1,0.21519558981433373,0,0,0,0,0.19290370316539784,0.2046871190503109,0.22374231529727212,0.2734703806510366,0.28388768729646663,0.28388768729646663,0.28388768729646663,0.28388768729646663,0.17089004658272045,0.10116126957399715,0.09840047646402084,0.06369095013421416,0.06369095013421416,0.06369095013421416,0,0,0,0.0010919319734496444,0,0,0,0,0,0,0,0,0,0,0,0.024593894543871217,0.0005590828138395726,0,0,0,0,0,0,0,0,0,0,0,0,0,0,0,0,0,0,0,0,0,0,0,0,0,0,0,0,0,0,0,0,0,0,0,0,0,0,0,0,0,0,0,0,0,0,0,0,0,0,0,0
0,1,1,1,1,1,1,1,1,1,1,1,1,0.2634728780461109,0.061515057261663716,0.03714183399129724,0.22472881052108945,0.25218147799285656,0.25218147799285656,0.28286949444813897,0.29790428520397005,0.30639748347583223,0.30639748347583223,0.30639748347583223,0.30639748347583223,0.30639748347583223,0.19695173513440534,0.12941476593356233,0.12674075375039948,0.09312226349036323,0.09312226349036323,0.09312226349036323,0.03143333214644019,0.03143333214644019,0,0,0,0,0,0,0,0,0,0,0,0,0,0,0,0,0,0,0,0,0,0,0,0,0,0,0,0,0,0,0,0,0,0,0,0,0,0,0,0,0,0,0,0,0,0,0,0,0,0,0,0,0,0,0,0,0,0,0,0,0,0,0,0,0,0,0
1,1,1,1,1,1,1,1,1,1,1,1,1,0.2128999970185287,0.061515057261663376,0.19144518042391143,0.2032916601578424,0.20573126536822503,0.222444937107885,0.2734703806510366,0.2734703806510366,0.28286949444813897,0.28286949444813897,0.28286949444813897,0.28286949444813897,0.28286949444813897,0.1697111898446486,0.09988327008860282,0.0971185515890606,0.06235967407390086,0.06235967407390086,0.06235967407390086,0,0,0.04757204390563883,0.02371695237400802,0,0.018539416924275718,0,0,0,0.07061724827446528,0.08180884228904031,0.08180884228904031,0.08713437655451084,0.09803224582468383,0.06586995509609068,0.02404825669705377,0,0,0,0,0,0,0,0,0,0,0,0,0,0,0,0,0,0,0,0,0,0,0,0,0,0,0,0,0,0,0,0,0,0,0,0,0,0,0,0,0,0,0,0,0,0,0,0,0,0,0,0,0
0,0,0,0,0,0,0,0,0,0,0,0,0.2350616654091588,0.2350616654091588,0,0,0,0,0,0,0,0,0,0,0,0,0,0,0,0,0,0.06369095013421416,0.03143333214644019,0.03143333214644019,0.04648166268492774,0,0.16341819076128966,0.14342727645806544,0.13064424915364142,0.10011959300239077,0,0,0,0,0,0,0,0,0,0,0,0,0,0,0,0,0,0,0,0,0,0,0,0,0,0,0,0,0,0,0,0,0,0,0,0,0,0,0,0,0,0,0,0,0,0,0,0,0,0,0,0,0,0,0,0,0,0,0,0,0
0,0,0,0,0,0,0,0,0,0,0,0,0,0,0,0,0,0,0,0,0,0,0,0,0,0,0,0,0,0,0,0,0,0,0,0,0,0,0,0,0,0,0,0,0,0,0,0,0,0,0,0,0,0,0,0,0,0,0,0,0,0,0,0,0,0,0,0,0,0,0,0,0,0,0,0,0,0,0,0,0,0,0,0,0,0,0,0,0,0,0,0,0,0,0,0,0,0,0,0,0
1,1,1,1,1,1,1,1,1,1,1,1,1,0.7184297189733028,0.6412223512351514,0.6319046015947067,0.6319046015947067,0.6319046015947067,0.6319046015947067,0.6319046015947067,0.6319046015947067,0.6340777306127666,0.6456822112813688,0.6535289050880695,0.6535289050880695,0.6545637392163893,0.600056252341651,0.5664206793014771,0.5650889356185527,0.5483458510824508,0.5483458510824508,0.5483458510824508,0.5176227881357218,0.5176227881357218,0.4767286613126259,0.45059220979488834,0.436659042411944,0.4231974769293198,0.3993860002738114,0.3782973541086245,0.3158922743954585,0.33205258366219664,0.336638817957972,0.336638817957972,0.3452435167534618,0.34582519496574254,0.32564062094950696,0.31621925453693867,0.30859822852666047,0.3298685800424105,0.33461396716157304,0.33461396716157304,0.33889835582772304,0.3149665035684622,0.3000597871539142,0.2895247602817728,0.2799947669226154,0.27250145266276005,0.25685611427390875,0.22636762771604085,0.20275573647880923,0.1721144342979005,0.15558657514233837,0.14162350265090784,0.11575904228297652,0.10506732403239659,0.10506732403239659,0.0977354120330005,0.0677780985839569,0.014994156450730576,0.0017662654866834088,0,0,0,0,0,0,0,0,0,0,0,0,0,0,0,0,0,0,0,0,0,0,0,0,0,0,0,0,0,0
1,1,1,1,1,1,1,1,1,1,1,1,1,0.7077343511651293,0.6275942833122873,0.6179226015765035,0.6179226015765035,0.6179226015765035,0.6233795574706767,0.6233795574706767,0.6257745636344137,0.6257745636344137,0.6371901940363681,0.6430871089338893,0.6430871089338893,0.6430871089338893,0.5867686880446658,0.5520156207517275,0.5506396317720142,0.5333402819770956,0.5333402819770956,0.5333402819770956,0.5015964887984398,0.5015964887984398,0.45934371255848855,0.43233891447433925,0.4234238634519969,0.4096460308387057,0.400997616245116,0.3976906254556646,0.33067842142057485,0.34676564162187223,0.36033182804347147,0.36349692918191406,0.3687802842508954,0.37194361995331293,0.3672331289658283,0.3411725484552893,0.3249384961237747,0.3245608697142372,0.3245608697142372,0.3245608697142372,0.3245608697142372,0.29842620725605634,0.2831595646366935,0.2723701670410298,0.2626100697309899,0.25493582762035694,0.23891272882386505,0.2076880905239132,0.183506084570256,0.16415411831113585,0.159296966764511,0.15416021473536592,0.13142403625876217,0.1256790318071582,0.12658997139279543,0.1273048470953095,0.09832930866712614,0.05309377936013616,0.037602791748120375,0.053276855551111946,0.048170812166080254,0.028704190040666412,0,0,0.0046812111475965715,0,0,0,0,0,0,0,0,0,0,0,0,0,0,0,0,0,0,0,0,0,0,0,0
0,0,0,0,0,0,0,0,0,0,0,0,0,0,0,0,0,0,0,0,0,0,0,0,0,0,0,0,0,0,0,0,0,0,0,0,0,0,0,0,0,0,0,0,0,0,0,0,0,0,0,0,0,0,0,0,0,0,0,0,0,0,0,0,0,0,0,0,0,0,0,0,0,0,0,0,0,0,0,0,0,0,0,0,0,0,0,0,0,0,0,0,0,0,0,0,0,0,0,0,0
1,1,1,1,1,1,1,1,1,1,1,1,1,0.4622061238457784,0.3147415213594528,0.29694479693989606,0.29694479693989606,0.2969447969398962,0.3808077242296743,0.3861766472903011,0.3872944430956676,0.3950654967598131,0.4102325902580445,0.42004682414889616,0.42004682414889616,0.42004682414889616,0.3341085158842824,0.2781065361510296,0.2758892323859965,0.24801261854793272,0.24801261854793272,0.24801261854793272,0.19685985993635322,0.19685985993635322,0.12877265777033828,0.08525643682035575,0.06205823066915663,0.039645224164544524,0,0,0,0,0,0,0,0,0,0.05368462611941554,0.0694114433826882,0.07801607939726347,0.07801607939726347,0.0823800989189597,0.09344838293795076,0.058371320549203846,0.03788094779298465,0.023399782283168566,0.010300108896824723,0,0,0,0,0,0,0,0,0,0,0,0,0,0,0,0,0,0,0,0,0,0,0,0,0,0,0,0,0,0,0,0,0,0,0,0,0,0,0,0,0,0,0,0
0,0,0,1,1,1,1,1,1,1,1,1,1,0.6075977949071667,0.4999999999999999,0.4870145901333005,0.4870145901333005,0.5,0.5,0.5224641640402511,0.5310353980668227,0.5435671882772554,0.5435671882772554,0.5435671882772554,0.5435671882772554,0.5435671882772554,0.47154520240426046,0.4271017524265251,0.42534208911754784,0.40321906956427694,0.40321906956427694,0.40321906956427694,0.36262398561536074,0.36262398561536074,0.3191431482629457,0.28513558702218644,0.28071832435957766,0.27980508397304843,0.25074930455239963,0.23324714035728797,0.1479391553807337,0.17512221412777457,0.17512221412777457,0.2046871190503107,0.20505045726119064,0.28388768729646646,0.25626396702641574,0.2229663504587814,0.2038195998180427,0.20337422003540295,0.20337422003540295,0.20337422003540295,0.20337422003540295,0.1725505011666849,0.1545447319733228,0.14181951086959818,0.13030826613485588,0.12125711876583446,0.10235917074377535,0.08382274664289435,0.0712184385484632,0.038146403572542065,0.023483649206195046,0.02076265415626049,0,0,0,0,0,0,0,0,0,0,0,0,0,0,0,0,0,0,0,0,0,0,0,0,0,0,0,0,0,0,0,0,0,0,0,0,0
1,1,1,1,1,1,1,1,1,1,1,1,1,0.56617070626904,0.4770503304755651,0.4634688988787055,0.46728787798030963,0.46728787798030963,0.46728787798030963,0.46728787798030963,0.46728787798030963,0.46728787798030963,0.46728787798030963,0.46728787798030963,0.46728787798030963,0.46728787798030963,0.38322953699105367,0.33135867245317113,0.32930493321425136,0.3549815538080797,0.36452914333914593,0.36452914333914593,0.3397954918418364,0.3490860898360004,0.29390405524052454,0.26091991222639743,0.25998750523377107,0.25721067129813874,0.27947730849763786,0.27521458823982625,0.2046871190503107,0.2046871190503107,0.21696944914308458,0.21696944914308458,0.21696944914308475,0.21696944914308475,0.18676438700958403,0.15035522244049057,0.12941927365790842,0.12893227466298218,0.12893227466298218,0.12893227466298218,0.12893227466298218,0.0952281850431419,0.07553983850870975,0.06162548916173705,0.049038558109448835,0.039141612079439614,0.041317249759071244,0.021163513184142526,0,0,0,0,0,0,0,0,0,0,0,0,0,0,0,0,0,0,0,0,0,0,0,0,0,0,0,0,0,0,0,0,0,0,0,0,0,0,0,0,0
0,0,0,0,0,0,0,0,0,0,0,0,0.2350616654091588,0.2350616654091588,0,0,0,0,0,0,0,0,0,0,0,0,0,0,0,0,0,0.06369095013421416,0.03143333214644019,0.03143333214644019,0.04648166268492774,0,0.16341819076128966,0.14342727645806544,0.13064424915364142,0.10011959300239077,0,0,0,0,0,0,0,0,0,0,0,0,0,0,0,0,0,0,0,0,0,0,0,0,0,0,0,0,0,0,0,0,0,0,0,0,0,0,0,0,0,0,0,0,0,0,0,0,0,0,0,0,0,0,0,0,0,0,0,0,0
1,1,1,1,1,1,1,1,1,1,1,1,1,0.09188316514713016,0.025313409732401006,0,0.12113453581107689,0.13628788346830525,0.222444937107885,0.22374231529727212,0.22374231529727212,0.2351752737985565,0.2351752737985565,0.2351752737985565,0.2351752737985565,0.2351752737985565,0.11449114634091447,0.04001917897210769,0.03707058725405043,0,0,0,0,0,0,0.02473309848195526,0.013466676716787323,0,0,0,0,0.05819329930044659,0.05819329930044659,0.07061724827446528,0.07840244354109327,0.07840244354109327,0.04285221957542526,0,0,0,0,0,0,0,0,0,0,0,0,0,0,0,0,0,0,0,0,0,0,0,0,0,0,0,0,0,0,0,0,0,0,0,0,0,0,0,0,0,0,0,0,0,0,0,0,0,0,0,0,0,0
1,1,1,1,1,1,1,1,1,1,1,1,1,0.3815054228880687,0.22583691528559485,0.28286949444813897,0.28286949444813897,0.32825180979081325,0.3317184456623588,0.3317184456623588,0.3649513716914074,0.37125707545091763,0.37125707545091763,0.37125707545091763,0.37125707545091763,0.37125707545091763,0.27204572853064746,0.21082422122799951,0.20840025908791537,0.17792547362873729,0.17792547362873729,0.17792547362873729,0.12200514724374174,0.12200514724374174,0.04757204390563883,0,0,0,0,0,0,0,0,0,0,0,0,0,0,0,0,0,0,0,0,0,0,0,0,0,0,0,0,0,0,0,0,0,0,0,0,0,0,0,0,0,0,0,0,0,0,0,0,0,0,0,0,0,0,0,0,0,0,0,0,0,0,0,0,0,0
0,0,0,0,0,0,0,0,0,0,0,0,0,0,0,0,0,0,0,0,0,0,0,0,0,0,0,0,0,0,0,0,0,0,0,0,0,0,0,0,0,0,0,0,0,0,0,0,0,0,0,0,0,0,0,0,0,0,0,0,0,0,0,0,0,0,0,0,0,0,0,0,0,0,0,0,0,0,0,0,0,0,0,0,0,0,0,0,0,0,0,0,0,0,0,0,0,0,0,0,0
1,1,1,1,1,1,1,1,1,1,1,1,1,0.8929999605091898,0.8636602469327403,0.8601193917833344,0.8601193917833344,0.8601193917833344,0.8601193917833344,0.8601193917833344,0.8601193917833344,0.860913328046244,0.8614016303440167,0.8614016303440167,0.8614681240552601,0.8614681240552601,0.8396087384983948,0.8261197115469061,0.8255856363161975,0.8188710809171031,0.8188710809171031,0.8188710809171031,0.8065500711449274,0.8065500711449274,0.7901501133319452,0.7796684932174921,0.7740808116839066,0.7699701889486719,0.7607563695174275,0.7523560920133703,0.725427913429986,0.7257601210966289,0.7257601210966289,0.7269154410324191,0.7300932273480591,0.7300932273480591,0.7201906865132361,0.70766341498212,0.7004600001753002,0.7002924388286715,0.7002924388286715,0.7002924388286715,0.7002924388286715,0.6886959002270904,0.6819217469073269,0.6771342480863212,0.6728034729943461,0.6693982388530505,0.6622884288829468,0.648433353312516,0.6387328243406774,0.625760320012353,0.6187146095996049,0.6132229236553864,0.6015882848644659,0.5967709262375172,0.5980756379672721,0.5947827935645899,0.582914894394529,0.5597504357197587,0.5431607558918603,0.5384429373103465,0.532175062209309,0.5071870296743289,0.4835627518673837,0.4782697765284897,0.4395424205217067,0.4164600490949627,0.40605827749622725,0.28605940405837305,0.12245782709689851,0.09193982902672333,0.09074174885837212,0.16673396341964505,0.11530402919575594,0.060989850770286035,0.0511945470359501,0,0,0,0,0,0,0,0,0,0,0,0,0,0
1,1,1,1,1,1,1,1,1,1,1,1,1,0.6488201924922711,0.5525256956384227,0.5409044211445202,0.5409044211445202,0.5409044211445202,0.5409044211445202,0.5409044211445202,0.5409044211445202,0.5409044211445202,0.5409044211445202,0.5409044211445202,0.5435671882772554,0.550698645414451,0.4819357388856879,0.45631093458413424,0.45975331807980746,0.44014190758092014,0.44014190758092014,0.45448011127906657,0.41737197904994044,0.41737197904994044,0.3679789654634595,0.3364106644577289,0.31958181446600326,0.30332257778747274,0.27456244323202694,0.24909101573184905,0.16554580094314028,0.16554580094314028,0.16554580094314028,0.16554580094314028,0.16554580094314028,0.16554580094314028,0.1333570939987049,0.0945568451123955,0.07224597824551975,0.07172699676285861,0.07172699676285861,0.07172699676285861,0.07172699676285861,0.03580947211725422,0.01482814077563,0,0,0,0,0,0,0,0,0,0,0,0,0,0,0,0,0,0,0,0,0,0,0,0,0,0,0,0,0,0,0,0,0,0,0,0,0,0,0,0,0,0,0,0,0,0
1,1,1,1,1,1,1,1,1,1,0,1,1,0.3826211028449042,0.22583691528559485,0.20573126536822503,0.20573126536822503,0.20573126536822503,0.20573126536822503,0.20573126536822503,0.20573126536822503,0.20573126536822503,0.20573126536822503,0.20573126536822503,0.20573126536822503,0.20573126536822503,0.0804010741203623,0.09548488914436273,0.0971185515890606,0.11048339390350177,0.1368643464201126,0.1368643464201126,0.12296385789599051,0.1444001924904911,0.07186565690808724,0.0979734159891616,0.18459492887322262,0.20262026223473342,0.16970294954633786,0.15949764636952388,0.06598438293066519,0.06598438293066519,0.06598438293066519,0.06598438293066519,0.06598438293066519,0.06598438293066519,0.029955137690661108,0,0,0,0,0,0,0,0,0,0,0,0,0,0,0,0,0,0,0,0,0,0,0,0,0,0,0,0,0,0,0,0,0,0,0,0,0,0,0,0,0,0,0,0,0,0,0,0,0,0,0,0,0,0
1,1,1,1,1,1,1,1,1,1,1,1,1,0.65436983486942,0.559597065657656,0.548159440439791,0.548159440439791,0.548159440439791,0.548159440439791,0.548159440439791,0.548159440439791,0.548159440439791,0.548159440439791,0.548159440439791,0.5504474924223485,0.550698645414451,0.5055619673464498,0.4662053231815994,0.4650344751803158,0.4478619848829034,0.4616295501565361,0.4616295501565361,0.42500774725969376,0.42500774725969376,0.3762620654000882,0.34510749016893055,0.3284991946187232,0.31245304718080685,0.2840698353157401,0.25893222958411655,0.17648193620704947,0.17648193620704947,0.17648193620704947,0.17648193620704966,0.17648193620704966,0.17648193620704966,0.18422345703023468,0.15576144451585772,0.13495870950856914,0.14130059148736537,0.21082860055941224,0.21082860055941224,0.21990006170696755,0.21126636917994748,0.20842819286133762,0.19651398918167412,0.18573639142849782,0.17726210148019914,0.1595685777270751,0.12508873793704262,0.09838573234658235,0.06373307131172148,0.04504149294575826,0.029250466337489532,0,0,0,0,0,0,0,0,0,0,0,0,0,0,0,0,0,0,0,0,0,0,0,0,0,0,0,0,0,0,0,0,0,0,0,0,0
0,0,0,0,0,0,0,0,0,0,0,0,0,0,0,0,0,0,0,0,0,0,0,0,0,0,0,0,0,0,0,0,0,0,0,0,0,0,0,0,0,0,0,0,0,0,0,0,0,0,0,0,0,0,0,0,0,0,0,0,0,0,0,0,0,0,0,0,0,0,0,0,0,0,0,0,0,0,0,0,0,0,0,0,0,0,0,0,0,0,0,0,0,0,0,0,0,0,0,0,0
0,0,1,1,1,1,1,1,1,1,1,1,1,0.9358394404860667,0.9197317357892285,0.9198456290535938,0.9202416771561863,0.9202416771561863,0.9203349518941266,0.9204649227277004,0.9207482780344703,0.9208664455488317,0.9211948690777436,0.9214194283273617,0.9214194283273617,0.9217019073471909,0.909688899156885,0.9033324837816925,0.9030355684355909,0.8993026588647871,0.8993026588647871,0.8993026588647871,0.8924528806491326,0.8924528806491326,0.8833354401274389,0.8775082575789044,0.8744018255613597,0.8714005382824394,0.8661115845528302,0.8617266247574307,0.8463424982171696,0.8482900795585544,0.8484987877317286,0.8485033844870198,0.848731573917339,0.848731573917339,0.8429555102059351,0.8362853205015888,0.8327875438468574,0.8329560712871346,0.8329560712871346,0.8334891992857837,0.8350574588193178,0.8288701112267356,0.8251462280366658,0.8225144472752223,0.8201337363872758,0.8182618132732792,0.8143534131260584,0.8067370099272486,0.8008384657798417,0.7931838873374708,0.7890550225247495,0.7855668733249821,0.779105609388253,0.7764346851713381,0.7774117934120324,0.7756079167660765,0.7689006246505521,0.7568307082135869,0.7473092208500548,0.7437519378998104,0.7399248796003437,0.7266573205018199,0.7123057493059383,0.7079612293655694,0.6871190916439491,0.674229396640718,0.6695790949244307,0.6021529103288622,0.5093252667212019,0.48062348929588466,0.43367573163114587,0.43047245224705966,0.39113425664095003,0.3527999217209725,0.3436980829610298,0.23899969705466922,0.1302392141091983,0,0,0,0,0,0,0,0,0,0,0,0
1,1,1,1,1,1,1,1,1,1,1,1,1,0,0.025313409732401006,0.093187475911207,0.12113453581107689,0.19144518042391143,0.19290370316539784,0.19290370316539784,0.20573126536822503,0.20573126536822503,0.20573126536822503,0.20573126536822503,0.20573126536822503,0.20573126536822503,0.0804010741203623,0.00306210577746179,0,0,0,0,0,0,0,0,0,0,0,0,0,0.04492832808050207,0.04492832808050207,0.06598438293066519,0.06598438293066519,0.06598438293066519,0.029955137690661108,0,0,0,0,0,0,0,0,0,0,0,0,0,0,0,0,0,0,0,0,0,0,0,0,0,0,0,0,0,0,0,0,0,0,0,0,0,0,0,0,0,0,0.019061193544850554,0,0,0,0,0,0,0,0,0,0,0
1,1,1,1,1,1,1,1,1,1,1,1,1,0.7962540382829525,0.7403863190972053,0.7336439389901547,0.7390060995787259,0.7421903707233407,0.7421903707233407,0.75,0.7636097114027792,0.7636097114027792,0.7653777868106565,0.7669362672107791,0.7711575602290939,0.7711575602290939,0.7350477834097763,0.7127651006938825,0.7118828555211882,0.7007910022633964,0.7007910022633964,0.7007910022633964,0.6804377809020501,0.6804377809020501,0.6533464971634261,0.6360317852721351,0.626801428243558,0.6236068193428068,0.608996172890457,0.5955833050282364,0.5505883983838776,0.5532923545972062,0.5547186697438797,0.5547186697438797,0.5596137224090152,0.5629959811099519,0.5523493248367032,0.5339066471023625,0.5404202525317888,0.5401631656605392,0.5443289621654732,0.5444003939023068,0.545440104478813,0.533237611003881,0.5377699192543548,0.5308127445808685,0.5245192790547244,0.5195708060397197,0.5092388578332208,0.48910471588107846,0.47351177495150376,0.45327671584032275,0.44236196407750605,0.43314095918777773,0.41606045518915924,0.40899980386555546,0.40899980386555546,0.40415791849691746,0.3911626403758395,0.35818375304566874,0.3359568492596093,0.3243300197806667,0.3095648854501934,0.27459449582239615,0.24924895185564466,0.2608371576530464,0.20468523081377274,0.1777923788760954,0.16458235984638492,0,0,0,0,0,0,0,0,0,0,0,0,0,0,0,0,0,0,0,0,0,0
0,0,0,0,0,0,0,0,0,0,0,0,0,0,0,0,0,0,0,0,0,0,0,0,0,0,0,0,0,0,0,0,0,0,0,0,0,0,0,0,0,0,0,0,0,0,0,0,0,0,0,0,0,0,0,0,0,0,0,0,0,0,0,0,0,0,0,0,0,0,0,0,0,0,0,0,0,0,0,0,0,0,0,0,0,0,0,0,0,0,0,0,0,0,0,0,0,0,0,0,0
1,1,1,1,1,1,1,1,1,1,1,1,1,0.6930570432347375,0.608892416019111,0.6029999278080684,0.6176855401549439,0.6198620995988079,0.6262999485310635,0.6262999485310635,0.6275974916717425,0.6275974916717425,0.6275974916717425,0.6275974916717425,0.6275974916717425,0.6275974916717425,0.5688349147819419,0.5325736035322071,0.5311378981813953,0.5130877761002562,0.5130877761002562,0.5130877761002562,0.4799663380701707,0.5038063329329533,0.461740898972184,0.44324519983560307,0.43357209206493746,0.42003676098143145,0.4273801817005909,0.42791562740444705,0.3647954736535061,0.3678829474407409,0.3678829474407409,0.3687802842508954,0.36962855143873125,0.3732508666477973,0.349958856890386,0.32085603038094435,0.30412136227083736,0.303732090849003,0.303732090849003,0.303732090849003,0.303732090849003,0.2767915036514179,0.26105407764259003,0.24993196320164357,0.23987088997910658,0.23554209891965944,0.22119673662682282,0.19555214611580307,0.1949463831586602,0.16400493613398262,0.15283458983793707,0.14517764263337432,0.12133193443436277,0.11070760029690663,0.11070760029690663,0.10442903650705623,0.11873374070044532,0.08809775672056518,0.07092220508469567,0.06124845880521134,0.04073431282497925,0,0,0,0,0,0,0,0,0,0,0,0,0,0,0,0,0,0,0,0,0,0,0,0,0,0,0,0
0,0,0,0,0,0,0,0,0,0,0,0,0,0,0,0,0,0,0,0,0,0,0,0,0,0,0,0,0,0,0,0,0,0,0,0,0,0,0,0,0,0,0,0,0,0,0,0,0,0,0,0,0,0,0,0,0,0,0,0,0,0,0,0,0,0,0,0,0,0,0,0,0,0,0,0,0,0,0,0,0,0,0,0,0,0,0,0,0,0,0,0,0,0,0,0,0,0,0,0,0
0.1330408334387067,1,1,1,1,1,1,1,1,1,1,1,1,0.8874228917424188,0.8576113781013501,0.8551111900311096,0.8566933150309476,0.8571638560048477,0.858853271149107,0.859468835296452,0.859468835296452,0.8605989058036593,0.8605989058036593,0.861940196638243,0.861940196638243,0.8621588245060859,0.84064194178593,0.8282601751953961,0.8277326744224773,0.8218609678490254,0.8218609678490254,0.822351423936062,0.8109423100253506,0.8118984659459939,0.7969124944689935,0.7875357467582108,0.7825867666971604,0.7773914716676172,0.7682017792448363,0.7600629235713855,0.7333678180313442,0.7333678180313442,0.7333678180313442,0.7333678180313442,0.7333678180313442,0.7333678180313442,0.7230825978514411,0.7110695766224717,0.7040687159600998,0.7108133157413071,0.710994763407671,0.710994763407671,0.710994763407671,0.6998123282061575,0.6932800746479236,0.6886635336969955,0.6844874072249345,0.6812037713539835,0.6743478471840835,0.660987525617328,0.650640588286414,0.6372133015765913,0.6299706490851585,0.6241441978834594,0.6138550610547711,0.6097484537157208,0.6117435372685711,0.6085626698196696,0.5987062893888859,0.5759843773986726,0.5594412447211751,0.5535384440843455,0.5446891231715983,0.5281738152648142,0.5034010754396994,0.4958539474229274,0.4575555229908608,0.43440832918883016,0.4198333225859952,0.3014436417679256,0.1384530296826809,0.08805726298349383,0.005624450295204582,0,0,0,0,0,0,0,0,0,0,0,0,0,0,0,0,0,0
0,0,0,0,0,0,0,0,0,0,0,0,0.2350616654091588,0.2350616654091588,0,0,0,0,0,0,0,0,0,0,0,0,0,0,0,0,0,0.06369095013421416,0.03143333214644019,0.03143333214644019,0.04648166268492774,0,0.16341819076128966,0.14342727645806544,0.13064424915364142,0.10011959300239077,0,0,0,0,0,0,0,0,0,0,0,0,0,0,0,0,0,0,0,0,0,0,0,0,0,0,0,0,0,0,0,0,0,0,0,0,0,0,0,0,0,0,0,0,0,0,0,0,0,0,0,0,0,0,0,0,0,0,0,0,0
0,0,0,0,0,0,0,0,0,0,0,0,0,0,0,0,0,0,0,0,0,0,0,0,0,0,0,0,0,0,0,0,0,0,0,0,0,0,0,0,0,0,0,0,0,0,0,0,0,0,0,0,0,0,0,0,0,0,0,0,0,0,0,0,0,0,0,0,0,0,0,0,0,0,0,0,0,0,0,0,0,0,0,0,0,0,0,0,0,0,0,0,0,0,0,0,0,0,0,0,0
0,0,0,0,0,0,0,0,0,0,0,0,0.2350616654091588,0.2350616654091588,0,0,0,0,0,0,0,0,0,0,0,0,0,0,0,0,0,0.06369095013421416,0.03143333214644019,0.03143333214644019,0.04648166268492774,0,0.16341819076128966,0.14342727645806544,0.13064424915364142,0.10011959300239077,0,0,0,0,0,0,0,0,0,0,0,0,0,0,0,0,0,0,0,0,0,0,0,0,0,0,0,0,0,0,0,0,0,0,0,0,0,0,0,0,0,0,0,0,0,0,0,0,0,0,0,0,0,0,0,0,0,0,0,0,0
0,0,1,1,1,1,1,1,1,1,1,1,1,0.6317364390230554,0.5307575286308318,0.5185709169956485,0.5185709169956485,0.5185709169956485,0.5185709169956485,0.5185709169956485,0.5185709169956485,0.5185709169956485,0.5425112055278377,0.548159440439791,0.5482312577679394,0.5503292455205051,0.48346128719639414,0.4526717666965639,0.451279239607897,0.43015474122102404,0.4328409156211264,0.4328409156211264,0.39426081114972417,0.39426081114972417,0.34290851962080343,0.3100879954492897,0.2925915936685305,0.2756874001130648,0.24578643423017985,0.21930462889638025,0.13244541715453323,0.13244541715453323,0.13244541715453323,0.16869661644676595,0.17389422276407554,0.17659064146678993,0.1537036910775394,0.11581437450854483,0.11152899164418674,0.11108990176432428,0.14956104825678002,0.2189667228348037,0.2189667228348037,0.19855999609791816,0.18112020822816316,0.16879498322602882,0.15764557527045264,0.14887893562298804,0.13057501307799246,0.09490567294617279,0.06728145558471761,0.031433332146440424,0.012096923671339563,0,0.00008750277152011669,0.008126121868438281,0.008126121868438281,0.020429804287298105,0,0,0,0,0,0,0,0,0,0,0,0,0,0,0,0,0,0,0,0,0,0,0,0,0,0,0,0,0,0,0,0,0
1,1,1,1,1,1,1,1,1,1,1,1,0.21519558981433373,0.2350616654091588,0,0,0,0.19290370316539784,0.22374231529727212,0.22374231529727212,0.2734703806510366,0.28388768729646646,0.28388768729646646,0.28388768729646646,0.28388768729646646,0.28388768729646663,0.17089004658272045,0.10116126957399715,0.09840047646402084,0.06369095013421416,0.06369095013421416,0.06369095013421416,0,0,0,0,0,0,0,0,0,0,0,0,0,0,0,0,0,0,0,0,0,0,0,0,0,0,0,0,0,0,0,0,0,0,0,0,0,0,0,0,0,0,0,0,0,0,0,0,0,0,0,0,0,0,0,0,0,0,0,0,0,0,0,0,0,0,0,0,0
1,1,1,1,1,1,1,1,1,1,1,1,1,0.7544909593487037,0.6871716857538878,0.679047277997099,0.679047277997099,0.679047277997099,0.679047277997099,0.679047277997099,0.679047277997099,0.679047277997099,0.679047277997099,0.679047277997099,0.679047277997099,0.679047277997099,0.6284031266208092,0.6087696817130569,0.608438713925351,0.594900890295145,0.5993933772018087,0.599497386029292,0.5722538257767373,0.5732534001654307,0.5370754275213375,0.5139531872027511,0.5016268756371243,0.4897177780328689,0.4686523826330599,0.4499958047003529,0.38880301090819464,0.38880301090819464,0.38880301090819464,0.38880301090819464,0.38880301090819464,0.38880301090819464,0.3818902222711013,0.3577446961462241,0.34191899521571656,0.3483777900470718,0.36399635694609495,0.39464370556092243,0.39464370556092243,0.375823353143336,0.3622409162030342,0.3526417976462744,0.3439584276644101,0.3371308027483675,0.3228753613643169,0.2950954040241924,0.2735811405974077,0.24566194343372152,0.2306023824616268,0.21787975822074246,0.21097724377982693,0.21032173056577774,0.21143902072967324,0.2049785797809544,0.18930911157812638,0.15001629289742735,0.12158070904367628,0.1098638614862514,0.10004780883424358,0.061168605910924004,0.03222999370059903,0.0341127203875473,0,0,0,0,0,0,0,0,0,0,0,0,0,0,0,0,0,0,0,0,0,0,0,0,0
