0,0.31378860072351145,0.37313828088169115,0.32083596879537346,0.3035832785689357,0.23814586318458672,0.16252058667132743,0.14563825666409172,0.10852181301376454,0.11990990445803729,0.07210075055400451,0.1154932236121943,0.06043942486810515,0.016276535252043246,0,0,0,0,0,0,0,0,0,0,0,0,0,0,0,0,0,0,0,0,0,0,0,0,0,0,0,0,0,0,0,0,0,0,0,0,0,0,0,0,0,0,0,0,0,0,0,0,0,0,0,0,0,0,0,0,0,0,0,0,0,0,0,0,0,0,0,0,0,0,0,0,0,0,0,0,0,0,0,0,0,0,0,0,0,0,0
0.5136718749067273,0.29182023237684296,0.3037243170303074,0.20588753752182676,0.21227614899433916,0.1649644529466622,0.07974720355483472,0.0932467309486311,0.015876295718588212,0.006947373078426202,0,0.1027916792515297,0.04865465336741433,0.006485515236460496,0.0012170969902026202,0,0,0,0,0,0,0,0,0,0,0,0,0,0,0,0,0,0,0,0,0,0,0,0,0,0,0,0,0,0,0,0,0,0,0,0,0,0,0,0,0,0,0,0,0,0,0,0,0,0,0,0,0,0,0,0,0,0,0,0,0,0,0,0,0,0,0,0,0,0,0,0,0,0,0,0,0,0,0,0,0,0,0,0,0,0
0,0.12933190481563855,0.09857982892477823,0.0014803028586388486,0.030135747754937308,0.02579149227418908,0.033157354884597014,0,0.03345165811369338,0.04248105507961255,0,0,0,0,0,0,0,0,0,0,0,0,0,0,0,0,0,0,0,0,0,0,0,0,0,0,0,0,0,0,0,0,0,0,0,0,0,0,0,0,0,0,0,0,0,0,0,0,0,0,0,0,0,0,0,0,0,0,0,0,0,0,0,0,0,0,0,0,0,0,0,0,0,0,0,0,0,0,0,0,0,0,0,0,0,0,0,0,0,0,0
0,0,0.2614050256781755,0.27849455903756465,0.30006119731332637,0.23469257441719918,0.18685299758448753,0.2774830703165526,0.2841797718577184,0.2792955209740705,0.25558556911902186,0.24061133377667424,0.22159134651990972,0.18687899232877397,0.19874275324629204,0.1768747620869071,0.15126003997124204,0.13612991403950314,0.14798534482875147,0.15647430182844693,0.14989014249041863,0.14470021876716574,0.10916987315537892,0.1024139936269888,0.08795672733967082,0.09337017155411508,0.07063810894985095,0.06772160226053482,0.058564584527323056,0.088705437001711,0.10132528729572637,0.09772009244671807,0.09035726476129094,0.06765413415003368,0.04329173390809281,0.027835461460076507,0.023616234593297817,0.028004846743377467,0.028989839979893985,0,0,0,0,0,0,0,0,0,0,0,0,0,0,0,0,0,0,0,0,0,0,0,0,0,0,0,0,0,0,0,0,0,0,0,0,0,0,0,0,0,0,0,0,0,0,0,0,0,0,0,0,0,0,0,0,0,0,0,0,0,0
0,0,0.23734094236963,0.13290211661156046,0.2597544652539415,0.18823289850409844,0.12913049203976015,0.15838578953116017,0.1926506630090722,0.2085651360233892,0.2290587384573794,0.21717665952462684,0.21766515329599945,0.19640406632591895,0.16934362996175903,0.14292549234958568,0.09384492616321716,0.06270880229266766,0.05118160903070097,0.026372047429409365,0.029282522622320506,0.02621496118428969,0.003101512932852903,0.014427139105934883,0.016801285704304454,0,0.002508278992738389,0.003891871412991976,0,0,0.0054165308399621494,0,0.0038380868499864372,0,0,0,0,0,0,0,0,0,0,0,0,0,0,0,0,0,0,0,0,0,0,0,0,0,0,0,0,0,0,0,0,0,0,0,0,0,0,0,0,0,0,0,0,0,0,0,0,0,0,0,0,0,0,0,0,0,0,0,0,0,0,0,0,0,0,0,0
0,0.14988175511628402,0.45990386361604674,0.4034329286468178,0.44485325200572834,0.421289582888667,0.37294338713665864,0.3674447397370744,0.3775245080275304,0.37674359982159455,0.3748009683550678,0.367192112666044,0.33412326354997574,0.30291447187106196,0.2896397664488036,0.2760271476075905,0.2297450788075643,0.21289893516183742,0.2036811104639893,0.21136994226950076,0.20459702399776908,0.19701887060930062,0.17872749157430404,0.18667768128180207,0.17800282988060923,0.1648923444224695,0.13385671288184953,0.1238682600842397,0.12582360606242032,0.1091744447659718,0.12328748344961905,0.13505501864682987,0.12670555564378957,0.10717810999405115,0.10171767616239465,0.09659725543985916,0.09203061748106571,0.08562766257442185,0.08527602412674279,0.05146670461349592,0.047203900865787025,0.02459305117092305,0.022246828969352785,0.02280151568373342,0.016186654510017953,0,0,0,0,0,0,0,0,0,0,0,0,0,0,0,0,0,0,0,0,0,0,0,0,0,0,0,0,0,0,0,0,0,0,0,0,0,0,0,0,0,0,0,0,0,0,0,0,0,0,0,0,0,0,0,0
0.5049563100204845,0.322629604451946,0.2950432795589371,0.15632014325767687,0.1583000116520774,0.09954471778679082,0.11440118653089242,0.15954344837796677,0.08831780118049741,0.1072767403514461,0.09310401540270981,0.08319102547367753,0.026542253255841093,0.006485515236460496,0,0,0.030736497971484894,0.024888746588201838,0.016881357917514734,0.02653278730699111,0.02900019290744921,0.016731863674626066,0.0026905043575367665,0,0.026412903053680773,0.006011454475210431,0.026701700997163645,0.01812734965211004,0.025651119670007008,0.0007225623660443415,0.008753564078083028,0.004668726052831586,0,0,0,0,0,0,0,0.0064643257001174214,0,0,0,0,0,0,0,0,0,0,0,0,0,0,0,0,0,0,0,0,0,0,0,0,0,0,0,0,0,0,0,0,0,0,0,0,0,0,0,0,0,0,0,0,0,0,0,0,0,0,0,0,0,0,0,0,0,0,0,0,0
0.9726604947435692,0.921033513706108,0.9138183224848925,0.8972274264200204,0.8951210027424166,0.8849066596394244,0.8729088299292486,0.8685633126852391,0.8568605320688856,0.8555731297333299,0.8479470672382105,0.8451244630313959,0.8363020572855652,0.8287564531049096,0.8237848748741754,0.8174340253555851,0.8065479068183011,0.7995823239447282,0.7961198367321125,0.7888858393775182,0.7866287889301985,0.7846497570402157,0.7748961942440378,0.7747925750795157,0.7711931861593688,0.7661880847806204,0.7572003935401619,0.7533895803406258,0.7513140911858093,0.7447591678437658,0.7405021932078074,0.7380702948281002,0.7358964986150228,0.7310080135252399,0.7222511424690531,0.7177636892413801,0.7148381323258401,0.7117040458143842,0.7078437051349623,0.6972214873136227,0.6953774130443937,0.6881411919980673,0.6814322455159472,0.6781255753943743,0.6709208534492892,0.6600217414670101,0.6534752419878075,0.6506248861910927,0.6371326867033507,0.6291718135755844,0.6240811195104996,0.6091077001812804,0.6030298780955233,0.5912661230910021,0.5777465253518949,0.566785928887291,0.5226333628723465,0.49296006828940264,0.4484983499494526,0.4041411656318754,0.3532245596045648,0,0,0,0,0,0,0,0,0,0,0,0,0,0,0,0,0,0,0,0,0,0,0,0,0,0,0,0,0,0,0,0,0,0,0,0,0,0,0,0
0.029853221349742158,0.4526055841992359,0.4958781735012517,0.41857223835662927,0.413592762711943,0.35348040855197393,0.309370599866145,0.2870448940743947,0.2384504391315895,0.2612693514801981,0.2225821101354203,0.21692266416899356,0.167593016221406,0.1671750915015858,0.14220416022371027,0.13564648202898474,0.08972082165641525,0.06749632322637783,0.0842235320988964,0.06718772529726369,0.06910041290127801,0.06570055711761057,0.04246874544074055,0.05152839668525344,0.0652337411312293,0.05933110458495297,0.023846350423065803,0.0115869445700472,0.014218116456121328,0,0,0,0,0,0,0,0,0,0,0,0,0,0,0,0,0,0,0,0,0,0,0,0,0,0,0,0,0,0,0,0,0,0,0,0,0,0,0,0,0,0,0,0,0,0,0,0,0,0,0,0,0,0,0,0,0,0,0,0,0,0,0,0,0,0,0,0,0,0,0,0
0.8394772896112113,0.7040420153901401,0.6739842678982657,0.6164293803982113,0.6229437708916665,0.6430499106720216,0.6143309573021174,0.6241613992925918,0.592674636249791,0.5879199744645436,0.5871986935975789,0.6032377264536586,0.5785724039348419,0.5628298175121993,0.5595155184001697,0.5418195139294187,0.5160804021704181,0.5217353080033722,0.5159014336479278,0.5004246460519268,0.49990596424280204,0.4922856225110186,0.47114707118172994,0.4719525706010185,0.46536133022799636,0.47653947036915334,0.4562315023287739,0.45222014288805634,0.446797970761719,0.43659808923540855,0.42641090315709507,0.42084147687356727,0.41617124693161467,0.4054109253329545,0.39644855206982615,0.3869489846467322,0.3820857528762957,0.37360635522693886,0.3681268128047507,0.34822214826262243,0.3472796118997946,0.3425904662710768,0.33975947554067676,0.3344304939905803,0.3196732467403628,0.2915280057356206,0.2794035922187529,0.2851959266326852,0.25476628496859843,0.2406924617234171,0.23474587965438395,0.20778789073678644,0.20592696108139047,0.18222048934532195,0.17394551158856583,0.16544004027425604,0.09630833901321952,0.02353657154648667,0,0,0,0,0,0,0,0,0,0,0,0,0,0,0,0,0,0,0,0,0,0,0,0,0,0,0,0,0,0,0,0,0,0,0,0,0,0,0,0,0,0,0
0.8226316924530286,0.4839786723051816,0.45990386361604674,0.45714150226449984,0.563884850430873,0.5376361829729372,0.4892420820369798,0.47189965815532775,0.4504715385514699,0.4777830487901541,0.4509198235826494,0.4597511048099735,0.4305442191030282,0.4011670318255228,0.4136706702117558,0.39288801924357464,0.3581539933057732,0.3446390599046734,0.3379311310005247,0.3247946898814331,0.3206696914182023,0.333320173982008,0.3090026897109931,0.31472824924672554,0.3190215184601812,0.30574045855576126,0.2811930498448861,0.30096936357570286,0.30017183391171703,0.2927342046010545,0.28390780534379484,0.281175156641709,0.2817045115586356,0.2724039467858969,0.25985702052521764,0.2513837891407146,0.24146562900359353,0.23477057003298035,0.23389742673516528,0.20544141944507233,0.20839918909081367,0.18823461739944947,0.17817911724331384,0.20736800595037186,0.19643634482963032,0.16664615578684974,0.1581729969267551,0.14829507828188335,0.13445937698291546,0.11552627631759589,0.10467099675101324,0.07516162557898266,0.0648555500013214,0.045023632861757784,0.025953278907230697,0,0,0,0,0,0,0,0,0,0,0,0,0,0,0,0,0,0,0,0,0,0,0,0,0,0,0,0,0,0,0,0,0,0,0,0,0,0,0,0,0,0,0,0,0,0
0.038703264636353506,0.14988175511628402,0.1651369340641606,0.23881249535187318,0.23178616760611473,0.331965548821033,0.26632247181249635,0.25657830388365294,0.20922870676993147,0.1997307144503978,0.16540790649467865,0.15131967777214186,0.10162209453845031,0.0701835736223956,0.04666086602251827,0.010408854609550948,0.01303277001502287,0.011166148441849587,0.03485803609518778,0.06871740862015874,0.06586106110286652,0.05730362379323075,0.015421364943937588,0.020109558998342887,0.004633210918102765,0,0,0,0.004369834693374846,0,0,0,0,0,0,0,0,0,0,0,0,0,0,0,0,0,0,0,0,0,0,0,0,0,0,0,0,0,0,0,0,0,0,0,0,0,0,0,0,0,0,0,0,0,0,0,0,0,0,0,0,0,0,0,0,0,0,0,0,0,0,0,0,0,0,0,0,0,0,0,0
0,0.40674794980995643,0.3907813765736691,0.31077399509236864,0.29885377732848645,0.23469257441719918,0.15247314171151297,0.15927513137069227,0.09854227429482042,0.13764021822959943,0.2128428210248566,0.19663780838658718,0.1520476294022935,0.1467644797434805,0.159029003905844,0.12941712015518125,0.07584907768403429,0.04998151237040849,0.04595690859704262,0.012977580660838487,0.0024049391486074545,0,0,0,0,0,0,0,0,0,0,0,0,0,0,0,0,0,0,0,0,0,0,0,0,0,0,0,0,0,0,0,0,0,0,0,0,0,0,0,0,0,0,0,0,0,0,0,0,0,0,0,0,0,0,0,0,0,0,0,0,0,0,0,0,0,0,0,0,0,0,0,0,0,0,0,0,0,0,0,0
0,0.40830385780145734,0.3661648403256795,0.3234781238504402,0.3323479699467221,0.2667352878711235,0.24239702279179148,0.2466749070471613,0.1973536164755517,0.2160645864300128,0.18076319309712038,0.18033746007354984,0.17672261676057283,0.18989417270195225,0.19992912960384437,0.1918068916947722,0.14387156697080214,0.11249451158771415,0.10532377528475992,0.08881831359408643,0.08289369145621794,0.06570055711761057,0.0331654798472659,0.048563628431021647,0.03943729866721015,0.028329785952051843,0,0,0,0,0,0,0,0,0,0,0,0,0,0,0,0,0,0,0,0,0,0,0,0,0,0,0,0,0,0,0,0,0,0,0,0,0,0,0,0,0,0,0,0,0,0,0,0,0,0,0,0,0,0,0,0,0,0,0,0,0,0,0,0,0,0,0,0,0,0,0,0,0,0,0
0.7955179117773413,0.41664405440120017,0.35440668042738543,0.34544347067031334,0.41813159080875384,0.39898872053455575,0.3621487564340685,0.36710211189125963,0.31653777755720497,0.3086224152969608,0.27970586109706547,0.2713171529656724,0.22629208055106811,0.19640406632591895,0.19051965805766147,0.17296474268657433,0.11970742210082773,0.11725019076075648,0.11134872900113345,0.08523565365012206,0.07322437323850374,0.06787648283556078,0.04678937777785836,0.05514602800518968,0.0639119374692774,0.04923317562759518,0.016916679056450844,0.0048840514111261335,0,0.019379444395375266,0,0.0023299479018453555,0,0,0,0,0,0,0,0,0,0,0,0,0,0,0,0,0,0,0,0,0,0,0,0,0,0,0,0,0,0,0,0,0,0,0,0,0,0,0,0,0,0,0,0,0,0,0,0,0,0,0,0,0,0,0,0,0,0,0,0,0,0,0,0,0,0,0,0,0
0,0.24701246221527814,0.15882199809566,0,0.017186964370667454,0,0,0,0,0,0,0,0,0,0,0,0,0,0,0,0,0,0,0,0,0,0,0,0,0,0,0,0,0,0,0,0,0,0,0,0,0,0,0,0,0,0,0,0,0,0,0,0,0,0,0,0,0,0,0,0,0,0,0,0,0,0,0,0,0,0,0,0,0,0,0,0,0,0,0,0,0,0,0,0,0,0,0,0,0,0,0,0,0,0,0,0,0,0,0,0
0,0.5328878930907812,0.5496598611869059,0.5148073879431471,0.5497831136580424,0.5117760947143689,0.45929112200521066,0.43813227669130217,0.3997227997830415,0.3933654235100646,0.36825582189249756,0.35895857463020053,0.3372375373668153,0.303192909116583,0.3012462885615248,0.28818616010452414,0.2598133279268629,0.26825520414713383,0.2589576660810658,0.2546620556511311,0.25481067098219107,0.2450949895217228,0.21430561787280378,0.20738463563872922,0.19436742243473218,0.17657352680693245,0.14568035063061244,0.13699164368211078,0.13109662891608714,0.11692682303786534,0.10021029998826432,0.09722263973717798,0.11266961613038556,0.08968438884270309,0.07520478342102606,0.060685229751371354,0.05573072509459268,0.0475814762970985,0.04004227604004693,0.010323660184735559,0.01534418242021448,0.012729536040853218,0,0,0,0,0,0,0,0,0,0,0,0,0,0,0,0,0,0,0,0,0,0,0,0,0,0,0,0,0,0,0,0,0,0,0,0,0,0,0,0,0,0,0,0,0,0,0,0,0,0,0,0,0,0,0,0,0,0,0
0.0228504823834772,0.5065171594531539,0.5498286408277837,0.4616503031305412,0.4961031440146672,0.456813962991354,0.4122807154300586,0.3909848510641615,0.344661881425056,0.34986799460017665,0.373700458053209,0.3615566857164667,0.3511121734145829,0.3191604478110412,0.30061186547447954,0.30156163353747983,0.2659713249753717,0.26816075851039173,0.25752483524492104,0.2546732634546907,0.24521625390145482,0.23378276543622367,0.19990826239305295,0.19477594216889715,0.19196812574048205,0.18944694810589655,0.16905791977495782,0.15823697391046793,0.20794708640806314,0.18697515725293973,0.21702065323301717,0.21157368562979764,0.21139435526297415,0.19318238683925998,0.17564623889182462,0.1981567144851918,0.20661159368318996,0.21525675955176335,0.20336652038969982,0.17799563043901356,0.17580124906989184,0.15394938175227235,0.1534449143355204,0.14131689346181614,0.12184445118053669,0.08385895654118741,0.06645145990263594,0.05645388935160484,0.016441364701393308,0.01019596587174283,0,0,0,0,0,0,0,0,0,0,0,0,0,0,0,0,0,0,0,0,0,0,0,0,0,0,0,0,0,0,0,0,0,0,0,0,0,0,0,0,0,0,0,0,0,0,0,0,0,0,0
0.23508052588864087,0,0,0,0,0,0,0,0,0,0,0,0,0,0,0,0,0,0,0,0,0,0,0,0,0,0,0,0,0,0,0,0,0,0,0,0,0,0,0,0,0,0,0,0,0,0,0,0,0,0,0,0,0,0,0,0,0,0,0,0,0,0,0,0,0,0,0,0,0,0,0,0,0,0,0,0,0,0,0,0,0,0,0,0,0,0,0,0,0,0,0,0,0,0,0,0,0,0,0,0
0,0.1048416196333761,0,0,0,0.03459350112903354,0,0,0,0,0,0,0,0,0,0,0,0,0,0,0,0,0,0,0,0,0,0,0,0,0,0,0,0,0,0,0,0,0,0,0,0,0,0,0,0,0,0,0,0,0,0,0,0,0,0,0,0,0,0,0,0,0,0,0,0,0,0,0,0,0,0,0,0,0,0,0,0,0,0,0,0,0,0,0,0,0,0,0,0,0,0,0,0,0,0,0,0,0,0,0
0,0.4526055841992359,0.44026516660956444,0.3290933111072476,0.32480199962285783,0.27836418142338587,0.2015521613476848,0.27270459938363556,0.25217660326370916,0.2411395613014183,0.22919756818910292,0.21857497526837716,0.19857621642249745,0.15882479544183736,0.1589400842267947,0.12566863813062146,0.08631301662097725,0.058984101608257344,0.04595690859704262,0.0654742311354775,0.05476157237932147,0.04382429437708789,0.004696379578527648,0,0,0,0,0,0,0,0,0,0,0,0,0,0,0,0,0,0,0,0,0,0,0,0,0,0,0,0,0,0,0,0,0,0,0,0,0,0,0,0,0,0,0,0,0,0,0,0,0,0,0,0,0,0,0,0,0,0,0,0,0,0,0,0,0,0,0,0,0,0,0,0,0,0,0,0,0,0
0,0.40031889347667765,0.3300837933531773,0.2253071883427537,0.3035832785689357,0.25345810521892376,0.17731984650154253,0.2051663470814843,0.16195185242115975,0.14923414042312289,0.11027056619827723,0.12814315155200928,0.11966803078855417,0.07989721315540249,0.06470428598308806,0.07121333228767457,0.031781489264097684,0.009753247056766204,0.011976016859433197,0,0,0,0,0,0,0,0,0,0,0,0,0,0,0,0,0,0,0,0,0,0,0,0,0,0,0,0,0,0,0,0,0,0,0,0,0,0,0,0,0,0,0,0,0,0,0,0,0,0,0,0,0,0,0,0,0,0,0,0,0,0,0,0,0,0,0,0,0,0,0,0,0,0,0,0,0,0,0,0,0,0
0.847535814315243,0.574354237584623,0.5682769117745842,0.48365089594478533,0.48561104312174314,0.43932037283838155,0.39984483434870444,0.3862892311759486,0.3582459459702214,0.34814033532299526,0.33594418376756935,0.3319045475616401,0.2978589511917522,0.27237027641415157,0.2539536203935918,0.22704099574530562,0.20661945197427176,0.21704580201005635,0.2109848939706096,0.18190786088281102,0.19694403482730663,0.19343312889949146,0.16322347833225706,0.16300611310943122,0.16183268167548284,0.14719115202537103,0.1232968769017586,0.11667570252515447,0.1079597699312272,0.09269724861234327,0.0755011638723642,0.081639259882725,0.0780270042876634,0.06044447166607616,0.03415280282815632,0.022404569166346484,0.0144954628575692,0,0,0,0,0,0,0,0,0,0,0,0,0,0,0,0,0,0,0,0,0,0,0,0,0,0,0,0,0,0,0,0,0,0,0,0,0,0,0,0,0,0,0,0,0,0,0,0,0,0,0,0,0,0,0,0,0,0,0,0,0,0,0,0
0,0.14988175511628402,0.15882199809566,0.16569843588817762,0.15464687762260576,0.1125112635113618,0.05825713301166244,0.07138771888684105,0,0,0.05382721253415711,0.04814005411795963,0,0,0.007142688002330374,0.0015716328297617555,0,0,0,0,0,0,0,0,0,0,0,0,0,0,0,0,0,0,0,0,0,0,0,0,0,0,0,0,0,0,0,0,0,0,0,0,0,0,0,0,0,0,0,0,0,0,0,0,0,0,0,0,0,0,0,0,0,0,0,0,0,0,0,0,0,0,0,0,0,0,0,0,0,0,0,0,0,0,0,0,0,0,0,0,0
0,0,0.15882199809566,0,0,0,0,0,0,0,0,0,0,0,0,0,0,0,0,0,0,0,0,0,0,0,0,0,0,0,0,0,0,0,0,0,0,0,0,0,0,0,0,0,0,0,0,0,0,0,0,0,0,0,0,0,0,0,0,0,0,0,0,0,0,0,0,0,0,0,0,0,0,0,0,0,0,0,0,0,0,0,0,0,0,0,0,0,0,0,0,0,0,0,0,0,0,0,0,0,0
0.20978938415683268,0,0.3661648403256795,0.2677019553172275,0.3000346717998492,0.24751718525121694,0.1886108186127551,0.2418519049859734,0.1848376139632384,0.17729372287478037,0.16341017216741877,0.16834492756283162,0.13228533561626377,0.10577425178356452,0.1081368061364269,0.10410404387524017,0.05601590238870821,0.04073886874446401,0.06478591548083236,0.06474033395629057,0.05672610037883604,0.03976146960072418,0,0.004940215891056785,0,0.010442256621815329,0,0,0,0,0,0,0,0.04154850617034499,0.030385328402029236,0.014103309037795882,0.017233458629334675,0.01515531537548731,0,0,0,0,0,0,0,0,0,0,0,0,0,0,0,0,0,0,0,0,0,0,0,0,0,0,0,0,0,0,0,0,0,0,0,0,0,0,0,0,0,0,0,0,0,0,0,0,0,0,0,0,0,0,0,0,0,0,0,0,0,0,0
0.5717622200342183,0.3923722343116825,0.3349013888590998,0.3301767655852245,0.3164076057102005,0.2663111720432562,0.2571676814810612,0.26170317860368886,0.25215998771255294,0.25214051481134914,0.223864709582578,0.24675618466674387,0.1995969655916152,0.1800935969104828,0.22278554483593196,0.20025543908824509,0.1685539236355173,0.14579002163766488,0.1637251421603404,0.15023859328880285,0.14521024518696068,0.131945983851163,0.09478176163572595,0.10305997440977839,0.09151656288894375,0.07528608979405145,0.04689715152924191,0.04783844229557733,0.04214163966031269,0.015808258185407514,0,0,0,0,0,0,0,0,0,0,0,0,0,0,0,0,0,0,0,0,0,0,0,0,0,0,0,0,0,0,0,0,0,0,0,0,0,0,0,0,0,0,0,0,0,0,0,0,0,0,0,0,0,0,0,0,0,0,0,0,0,0,0,0,0,0,0,0,0,0,0
0,0.17064803921780908,0.20532887198704058,0.07956322256390103,0.09431871143012137,0,0,0,0,0,0,0,0,0,0,0,0,0,0,0,0,0,0,0,0,0,0,0,0,0,0,0,0,0,0,0,0,0,0,0,0,0,0,0,0,0,0,0,0,0,0,0,0,0,0,0,0,0,0,0,0,0,0,0,0,0,0,0,0,0,0,0,0,0,0,0,0,0,0,0,0,0,0,0,0,0,0,0,0,0,0,0,0,0,0,0,0,0,0,0,0
0,0.0039358090872147165,0,0,0,0,0,0,0,0,0,0,0,0,0,0,0,0,0,0,0,0,0,0,0,0,0,0,0,0,0,0,0,0,0,0,0,0,0,0,0,0,0,0,0,0,0,0,0,0,0,0,0,0,0,0,0,0,0,0,0,0,0,0,0,0,0,0,0,0,0,0,0,0,0,0,0,0,0,0,0,0,0,0,0,0,0,0,0,0,0,0,0,0,0,0,0,0,0,0,0
0.8286082994628495,0.5426020282717675,0.49209344649569103,0.4079129056763456,0.40733611644166984,0.3602607532762567,0.3060726889224067,0.30687306462167785,0.258346008193265,0.2509966159849167,0.21058616617174536,0.19644959202529652,0.2038186110940973,0.18629137664031917,0.20915219641169447,0.18158181904469922,0.1287572057022485,0.10989320967730344,0.12810605812035275,0.10150584958093897,0.09862182923031207,0.1077465485369485,0.06869069588205397,0.060802376655393446,0.05125261066014549,0.05671389171240361,0.026745900580700286,0.00959284102713711,0.0009745825972566187,0,0,0,0,0,0,0,0,0,0,0,0,0,0,0,0,0,0,0,0,0,0,0,0,0,0,0,0,0,0,0,0,0,0,0,0,0,0,0,0,0,0,0,0,0,0,0,0,0,0,0,0,0,0,0,0,0,0,0,0,0,0,0,0,0,0,0,0,0,0,0,0
0.7980466715565997,0.4433406749564318,0.40251467389751344,0.3070809942532417,0.35067054044923185,0.3275322245634098,0.32510481656830376,0.3469447483035987,0.2944395737503404,0.28524615571635403,0.2841164737815691,0.27597536602682565,0.23285005374936876,0.2379526739564529,0.215216728135683,0.1857009376492895,0.14724448805586532,0.1507299844906761,0.1495556286763921,0.13667488337072914,0.1389888905861257,0.1732580395659425,0.16886390985563335,0.17230092622576693,0.20092057423946966,0.18329897870694323,0.17154649224473742,0.17463625385317655,0.1857503332291898,0.16864378394443202,0.1911944714001613,0.18730349978644803,0.21317560365585647,0.19238521039122952,0.18133270209982913,0.16812970477314687,0.15710041958088106,0.14411932444850398,0.1372291397986225,0.13868372126936268,0.14015199695341865,0.11786272741491123,0.11279610022212876,0.10681707608803467,0.09953085331039496,0.0698017207728242,0.053845679478422934,0.04969818488835358,0.03310700111336728,0.027495176077072882,0.013003267571321938,0,0,0,0,0,0,0,0,0,0,0,0,0,0,0,0,0,0,0,0,0,0,0,0,0,0,0,0,0,0,0,0,0,0,0,0,0,0,0,0,0,0,0,0,0,0,0,0,0,0
0.5305343117432142,0.31594168080860513,0.2775089080497236,0.14938639479076413,0.30034268134530423,0.22755512810010645,0.16441720200376012,0.14847880587947013,0.09915238322389927,0.089118043370633,0.05552239227445482,0.05551436076058347,0.013879757678708391,0,0,0,0,0,0,0,0,0,0,0,0,0,0,0,0,0,0,0,0,0,0,0,0,0,0,0,0,0,0,0,0,0,0,0,0,0,0,0,0,0,0,0,0,0,0,0,0,0,0,0,0,0,0,0,0,0,0,0,0,0,0,0,0,0,0,0,0,0,0,0,0,0,0,0,0,0,0,0,0,0,0,0,0,0,0,0,0
0,0,0,0,0,0,0,0,0,0,0,0,0,0,0,0,0,0,0,0,0,0,0,0,0,0,0,0,0,0,0,0,0,0,0,0,0,0,0,0,0,0,0,0,0,0,0,0,0,0,0,0,0,0,0,0,0,0,0,0,0,0,0,0,0,0,0,0,0,0,0,0,0,0,0,0,0,0,0,0,0,0,0,0,0,0,0,0,0,0,0,0,0,0,0,0,0,0,0,0,0
0,0.36110809143470246,0.29272907329866765,0.21572637269042605,0.2978181119407929,0.3332682288440437,0.2820079195057014,0.2536172714971784,0.20790057881907592,0.22450061188607193,0.19163429635948273,0.26206746177003837,0.2593977276574791,0.22508938537258746,0.2343662422718676,0.21092653122542857,0.16165791127856372,0.1397245431144976,0.1338690895505826,0.11335594552669402,0.10645930023971102,0.10141893358544857,0.09423721980235755,0.09090016526082612,0.08848419379125275,0.10316495764799363,0.08921428537000349,0.09518928206823317,0.10459903935193211,0.11398078431387683,0.11455657537683654,0.11514631187639998,0.12484418129013405,0.10879135184015436,0.09668397959760376,0.094753864514419,0.09588598227239498,0.09528111926937441,0.1105688335804089,0.0902023486953529,0.0858040566606369,0.06946220034571624,0.06958310789328831,0.05547430048538199,0.035443902407790606,0,0.00018400273102833585,0,0,0,0,0,0,0,0,0,0,0,0,0,0,0,0,0,0,0,0,0,0,0,0,0,0,0,0,0,0,0,0,0,0,0,0,0,0,0,0,0,0,0,0,0,0,0,0,0,0,0,0,0,0
0.9238109135405238,0.7806943992983597,0.756945141086411,0.7135835325827238,0.7117824151161263,0.6810145233592328,0.6495997737188788,0.635413575693275,0.6059365632151887,0.6150314818510736,0.5954811711103492,0.5887598443633159,0.5668893177282939,0.5461449031995818,0.5342750833556157,0.5190718824568497,0.4904635331721142,0.47253401411674995,0.46423617006468104,0.44538772147406025,0.4419608408308225,0.4338694705341833,0.4081171380042455,0.4029668950282097,0.39344534454772523,0.38078783437578495,0.36194475368232737,0.3509887225697344,0.35524095376621645,0.33878373184543237,0.32604644655622317,0.32220653246692027,0.3154210515788751,0.3092460304553285,0.28767950104198925,0.2825723508254143,0.27454913014727184,0.2704275197451716,0.260309179060705,0.23597686832958845,0.23054556271565266,0.21079070289107918,0.19415924105739507,0.18793521649478706,0.16898270906647667,0.13270692987123245,0.12203042809026624,0.11511119638594866,0.07765378852449861,0.058143215304435426,0.044881445930120556,0.005909770305400906,0,0,0,0,0,0,0,0,0,0,0,0,0,0,0,0,0,0,0,0,0,0,0,0,0,0,0,0,0,0,0,0,0,0,0,0,0,0,0,0,0,0,0,0,0,0,0,0,0
0.5825059245399207,0.35426651987231533,0.4324433967028218,0.3269683595481398,0.3323479699467221,0.302540868807025,0.23328746345184936,0.21123354514691384,0.19051255278278956,0.19216827165423603,0.148324092705903,0.17778702603473667,0.1571449627870714,0.1243791138672841,0.10719474448716314,0.07454007482246093,0.03263665882825648,0.029172331932955705,0.0170169260632951,0,0,0,0,0,0,0,0,0,0,0,0,0,0,0,0,0,0,0,0,0,0,0,0,0,0,0,0,0,0,0,0,0,0,0,0,0,0,0,0,0,0,0,0,0,0,0,0,0,0,0,0,0,0,0,0,0,0,0,0,0,0,0,0,0,0,0,0,0,0,0,0,0,0,0,0,0,0,0,0,0,0
0.8111246741140744,0.45578020318746004,0.43062455495543744,0.38569867767849964,0.4494916157507945,0.39655224809055734,0.3491311007225722,0.3771537933996629,0.3250137901186759,0.31546149950989155,0.28041165591605505,0.28855163299126735,0.2778705087579189,0.2664412371204556,0.26017578016525045,0.23761556191890001,0.20037118612175475,0.18446824325163072,0.18478325067117984,0.16237647769539817,0.16141489020606883,0.16134739864487624,0.12977338505100966,0.16507087550187186,0.17289493624145283,0.17341431742206062,0.183180346518066,0.18094229317816715,0.1739286308548224,0.1707206321787746,0.1911944714001613,0.191112443048456,0.18300678040642127,0.16119976731758237,0.13395586234987222,0.13670683872842976,0.12771710484635038,0.11946680378023433,0.10927416623946795,0.08570340243504634,0.1307178490083796,0.10774082838361018,0.08927845586819443,0.10397531695830403,0.09612647483775473,0.07201763512850326,0.05307333611393869,0.039653893778940644,0,0,0,0,0,0,0,0,0,0,0,0,0,0,0,0,0,0,0,0,0,0,0,0,0,0,0,0,0,0,0,0,0,0,0,0,0,0,0,0,0,0,0,0,0,0,0,0,0,0,0,0,0
0.9208058190731012,0.8017677202625277,0.7799045783326992,0.7590980844752507,0.7565967489514932,0.7310836536854646,0.706531447925765,0.6948751650333915,0.6738694380101334,0.6708798665036035,0.6566472369573277,0.6508678060843007,0.6367400732777285,0.6249520601515429,0.6145383685636776,0.6001086853865435,0.5751916210079308,0.5670855411187061,0.5609676726936135,0.5463656799874411,0.5409061817609263,0.5342212734257283,0.5165790079286013,0.5174619705878128,0.5139897609635614,0.5099033310696688,0.5021280625265513,0.4979307615055401,0.5032699399508483,0.49927571948603344,0.49849061383371707,0.49425370706334215,0.4986030594838159,0.48628625779702794,0.478648860568165,0.47556300936072377,0.46992715930181933,0.4619852545752995,0.4570809423253458,0.4378454573921709,0.43477333387486283,0.42033617363765846,0.4100477606746614,0.40289323666241583,0.3873065743770881,0.3761407704717989,0.36408821076427084,0.3599367458498854,0.34421304107593675,0.33371920929460736,0.3361706808508068,0.3116238067571328,0.30739581615946315,0.2843119690702805,0.2601431248631483,0.24587685158446893,0.20021978175255056,0.15117162190379835,0.12198859387234075,0.08061344072931735,0,0,0,0,0,0,0,0,0,0,0,0,0,0,0,0,0,0,0,0,0,0,0,0,0,0,0,0,0,0,0,0,0,0,0,0,0,0,0,0,0
0.6222032753878158,0.4433406749564318,0.4958251207635996,0.4062325955626332,0.43755442875561334,0.3776595798349503,0.33645243878789294,0.3103040616046856,0.29308529085834056,0.2915763417433216,0.25340374596406645,0.24459758983199023,0.19592320210032838,0.19199113654807343,0.20877114028226762,0.19394530863770232,0.15973323129215877,0.13462910675077244,0.13304395142211808,0.109140771454495,0.16532109624390243,0.15750023260085624,0.15640533410414617,0.15345912075130755,0.1511188453769242,0.15463295204577274,0.14703389836305122,0.17248665933254828,0.1970123007298231,0.21094128286053732,0.19764301255357802,0.19702143872183164,0.18984681776979576,0.17396250423844392,0.15262879864865367,0.13948189866400224,0.13371831583087312,0.12133933541577756,0.1351957743958346,0.11478552035462511,0.1278866093177223,0.12864123272935124,0.12803607846459666,0.11975878221490278,0.10326497356429755,0.10091903463406739,0.08854681166788099,0.07889290270818308,0.048486399437878094,0.028928868209565008,0.030011810541058476,0.01615870798464622,0.017885884958720056,0,0.01107395192386235,0.06823084890723524,0,0,0,0,0,0,0,0,0,0,0,0,0,0,0,0,0,0,0,0,0,0,0,0,0,0,0,0,0,0,0,0,0,0,0,0,0,0,0,0,0,0,0,0,0
0,0.5453431921874888,0.49933735232604093,0.4219134224419301,0.44482647138218906,0.39489388904752803,0.39062952099203907,0.4077108059809273,0.3709900082831173,0.37266116290916745,0.35977667734836216,0.34533470592526916,0.30969450067800725,0.2754654050450231,0.2638910032409419,0.2424615361959205,0.1951295643605593,0.17842259517582176,0.16549079115733137,0.13854953428959196,0.13265577787536295,0.12895683869144953,0.09073249302577475,0.09455729891871376,0.0872445940656373,0.06772072501318765,0.05472612564912731,0.06291890782123945,0.1203061442680095,0.1304154036701341,0.14679577749666928,0.14899545823292548,0.15131328362571253,0.13086591916889542,0.10944789113456829,0.10294462254289077,0.09282294785872916,0.08050213568196589,0.07904205489185545,0.051106549999095016,0.058836825591719294,0.04476040797521037,0.034794925996885225,0.02762428271789135,0.013446327513831575,0.008141554235839059,0,0,0,0,0,0,0,0,0,0,0,0,0,0,0,0,0,0,0,0,0,0,0,0,0,0,0,0,0,0,0,0,0,0,0,0,0,0,0,0,0,0,0,0,0,0,0,0,0,0,0,0,0,0,0
0,0.50117824467659,0.4598435131322114,0.4566755038289875,0.4742898980202315,0.43362383630483076,0.378239603514717,0.38536002122164403,0.3656131787574586,0.3570277560290666,0.3369947564129661,0.32509216120025214,0.2811407414774615,0.2736425829193016,0.2565351243014175,0.22852507992486526,0.20926157384293298,0.18251477843891392,0.18297222281934603,0.17841530571198033,0.17903930959782244,0.1697007832778375,0.14586391766691667,0.13848247643474063,0.1366459880544096,0.119321858105718,0.09432686481617125,0.08833705291951924,0.0790790414392437,0.056361352823623964,0.0397516072712479,0.0595014795554211,0.0672245306006082,0.04154850617034499,0.00943318296435702,0.006983433005317706,0,0,0,0,0,0,0,0,0,0,0,0,0,0,0,0,0,0,0,0,0,0,0,0,0,0,0,0,0,0,0,0,0,0,0,0,0,0,0,0,0,0,0,0,0,0,0,0,0,0,0,0,0,0,0,0,0,0,0,0,0,0,0,0,0
0.9787643132807642,0.9390558176484056,0.933673139033988,0.922178170918488,0.9206985838937055,0.9134231589150469,0.9072009203762497,0.9034457291819206,0.8945857615942187,0.8931209522953761,0.888538446073198,0.8859888487577979,0.8786039096809097,0.8725926617623021,0.869013907501908,0.8639976589493203,0.8554419801458525,0.8503399774872296,0.8492482791848242,0.8436569388370645,0.8421453989747778,0.8393232702455095,0.8325616270805354,0.8310674039352934,0.8283559729618225,0.8247116099408129,0.8179727720790404,0.8151396994546922,0.8134494963003793,0.8082529738105986,0.8049876968792486,0.8031397083561062,0.8013601141915763,0.7959973021980505,0.7894079721810767,0.7855722625668354,0.7837073388156333,0.7805050502273342,0.7768799462645923,0.7691998108885462,0.7680202478974659,0.7619330199335896,0.7570090639469441,0.7546853659384869,0.7491494874047708,0.7392329947748907,0.7339596445476673,0.7302553414430487,0.719353340933629,0.7130417653611494,0.7097645278293049,0.6985673398838641,0.6937001548603557,0.6857610133937648,0.6731646208397073,0.6673434824622575,0.6331562197953023,0.6036453486688232,0.5713318007416861,0.5327868847343589,0.49024916719178757,0.19767401445240826,0.07795239456710187,0,0,0,0,0,0,0,0,0,0,0,0,0,0,0,0,0,0,0,0,0,0,0,0,0,0,0,0,0,0,0,0,0,0,0,0,0,0
0.8740383953016113,0.6437752687044414,0.6503212262844704,0.5883666004595647,0.5858044910192469,0.5487111627633925,0.5273727870244027,0.5088944492834006,0.46359153217879495,0.4721795246360936,0.4436980320194088,0.4718048377058544,0.4703979885754303,0.4746335157919262,0.48235769567225556,0.46653643287309454,0.46886811990361454,0.45150360103213083,0.4757344437884428,0.4589805833472489,0.45735027307576565,0.44831413961778704,0.423159262457159,0.4276004787462641,0.41865074221185816,0.406781186902567,0.3968068236511546,0.3864885992788296,0.38901964390050325,0.3915976636014348,0.38627986032952294,0.3801986390616511,0.3791348655021799,0.3634653669712665,0.3586949285130463,0.34946844941271626,0.34746377438601356,0.34082070433589706,0.337347440771554,0.3168712052940124,0.3119267490189242,0.2951667107821928,0.28261490929007654,0.28474594787988317,0.2900056731760212,0.27389144572513796,0.2717511330486173,0.2694317012083903,0.2373813221466637,0.2205828456984938,0.208175173811247,0.1873883475326559,0.19175147033494164,0.17825367165296033,0.14875162900716513,0.13059456571164121,0.04175733291036036,0,0,0,0,0,0,0,0,0,0,0,0,0,0,0,0,0,0,0,0,0,0,0,0,0,0,0,0,0,0,0,0,0,0,0,0,0,0,0,0,0,0,0,0
0.9784771486770032,0.9369243005783776,0.9295412386457589,0.9154209087327868,0.9141230193492975,0.9053186339230914,0.8963404829926032,0.8929048733427115,0.8839151762923672,0.8824524887098404,0.8762067307665243,0.8737941268445559,0.8657598486521355,0.8590929049006155,0.854353645243666,0.8490313229500808,0.8400775129125126,0.834225467063829,0.8317329280726101,0.8255976695138384,0.8233070062675545,0.8214462717135357,0.8141804467927246,0.8128526832219547,0.8103616758375758,0.8062294325480823,0.7992860150934857,0.7953950863494623,0.7935556318130688,0.78755736339068,0.7840898141496081,0.7830864398656976,0.7810698699023448,0.7753425660051786,0.7686885060428446,0.7651941036753255,0.7636965058788622,0.7599624335558985,0.7560971019198732,0.7471336976073426,0.7465971674330399,0.7403571314669088,0.7348892683736653,0.7309450081713269,0.7249756797689858,0.712924666304345,0.7078194228260305,0.703748960733185,0.6912934629384888,0.6855823872622427,0.6803268603668402,0.6679186471298425,0.6626431012892228,0.6499992680493887,0.6378400985919069,0.6309782825900565,0.590605153673879,0.5642000820916749,0.5321692522307571,0.49002829948934357,0.4452382106916433,0.13362983204998363,0,0,0,0,0,0,0,0,0,0,0,0,0,0,0,0,0,0,0,0,0,0,0,0,0,0,0,0,0,0,0,0,0,0,0,0,0,0,0
0.5708876720718833,0.12089733278335173,0.23734094236963,0.10448412593843846,0.2597544652539415,0.18823289850409844,0.12913049203976015,0.10525041653343017,0.02517649435423376,0.010814876137507694,0,0,0,0,0,0,0,0,0,0,0,0,0,0,0,0,0,0,0,0,0,0,0,0,0,0,0,0,0,0,0,0,0,0,0,0,0,0,0,0,0,0,0,0,0,0,0,0,0,0,0,0,0,0,0,0,0,0,0,0,0,0,0,0,0,0,0,0,0,0,0,0,0,0,0,0,0,0,0,0,0,0,0,0,0,0,0,0,0,0,0
0.8286387204843081,0.5134827867862745,0.487588897192615,0.4742003969195357,0.48101099948721543,0.437591211440595,0.41001598697169106,0.4266996082495654,0.38263420158579226,0.37675999715449454,0.35005913820507256,0.35512320263098607,0.3134093603904422,0.2833611858346368,0.27532790864559176,0.24928739164833508,0.22799797749717618,0.2499071741151037,0.24193949134917386,0.23085220512553228,0.22076064119560332,0.2597939750240181,0.22710329884464486,0.22205462953346985,0.2096956264023308,0.22567811549268119,0.19599792502914273,0.20001463645146786,0.1970123007298231,0.18767916243879687,0.1731062840091768,0.16589581211450274,0.16482612112266634,0.17009126953540452,0.1518293184495601,0.14379334618838663,0.15438031980769204,0.1417028434952904,0.13799380745640336,0.11388588898033411,0.1284253370843709,0.12841500362497146,0.11205668896040862,0.12856539101170367,0.11445209108417852,0.08179092662960465,0.06385756455872281,0.057923930714481875,0.024058870386426207,0.0092995239025594,0.010040109744632018,0.005147419882334719,0.0131432682774957,0.0018992355907154995,0,0,0,0,0,0,0,0,0,0,0,0,0,0,0,0,0,0,0,0,0,0,0,0,0,0,0,0,0,0,0,0,0,0,0,0,0,0,0,0,0,0,0,0,0,0,0
0,0.24701246221527814,0.3356914395858087,0.3044954837753297,0.30034268134530423,0.29070435990537385,0.24294997092472548,0.22321676326952464,0.15134734123801352,0.201782583584947,0.1740302572046562,0.15903767282394748,0.1080745650298721,0.07957926331137524,0.06834979036997976,0.04193331998096581,0.01303277001502287,0,0,0,0,0,0,0,0,0,0,0,0,0,0,0,0,0,0,0,0,0,0,0,0,0,0,0,0,0,0,0,0,0,0,0,0,0,0,0,0,0,0,0,0,0,0,0,0,0,0,0,0,0,0,0,0,0,0,0,0,0,0,0,0,0,0,0,0,0,0,0,0,0,0,0,0,0,0,0,0,0,0,0,0
0.8604291226071492,0.5990874502810088,0.5780830596981459,0.5444369688257635,0.5498142763592951,0.5230040450601624,0.5151086094716966,0.49508941395461303,0.46336142579574924,0.4546107659870682,0.45730739764581013,0.472424121819553,0.44552801674599435,0.42395956952290875,0.4257188305177324,0.4214019810321946,0.384007326882523,0.3619460168988188,0.3726827007617443,0.3561483076705172,0.35175791937850104,0.3482872209832266,0.3280236375488104,0.33445201018189546,0.3383355269591657,0.3272395225124898,0.30912469100114376,0.2959272703761433,0.2885926171707927,0.27770810557939063,0.2724751228504265,0.2779652155894542,0.2945021980592911,0.2770707374071875,0.2565940429958407,0.24713473173161585,0.2501010003796212,0.2500961512657539,0.254152974911831,0.22812285955893977,0.22310419283473662,0.20535728595757877,0.19152524068114785,0.18370595267917614,0.1659104720232398,0.13371627370803799,0.1181910791667751,0.10556860680039795,0.0748632081125854,0.07784608277447616,0.06912175965530834,0.048306912227736636,0.054633802706426586,0.03390578813019567,0,0,0,0,0,0,0,0,0,0,0,0,0,0,0,0,0,0,0,0,0,0,0,0,0,0,0,0,0,0,0,0,0,0,0,0,0,0,0,0,0,0,0,0,0,0,0
0.8237991911725528,0.5293396840575273,0.545754025690441,0.49213582829913716,0.49075493567009865,0.4395753393573633,0.3874971052757677,0.3669237023446742,0.3126714430680877,0.3027562843844075,0.2911129554173107,0.2940615803017339,0.28366106925724666,0.25160384892439497,0.24026816524609737,0.25942932669326035,0.21770590282955637,0.2192916090322792,0.20679310217196958,0.17838106625375436,0.16801745078813216,0.16974295259569613,0.1501725428807826,0.1590995568380552,0.14930141737020136,0.14470466153960757,0.11473928016680214,0.12595757238769242,0.12032150803172446,0.10163524775652502,0.08913570345366324,0.08329101485696376,0.07686307898397282,0.07855052453602826,0.07137059768775314,0.055626069330600936,0.0810661694835516,0.10681499900302555,0.10121552645058628,0.07075519578539168,0.0713153769843434,0.053949889491131095,0.033384839953270254,0.01914260326792393,0,0.011294576628291064,0,0,0,0,0,0,0,0,0,0,0,0,0,0,0,0,0,0,0,0,0,0,0,0,0,0,0,0,0,0,0,0,0,0,0,0,0,0,0,0,0,0,0,0,0,0,0,0,0,0,0,0,0,0,0
0,0.3923722343116825,0.4246655323742002,0.39851131774920423,0.41105463354683514,0.3635067953983546,0.2990148104351969,0.3315391227833216,0.27203552152245286,0.2676561080979123,0.23319862177366496,0.21717665952462684,0.1863873475270196,0.17638451278173017,0.158393180074043,0.12419111795284923,0.14729273259205664,0.11951046729015391,0.11168247789719839,0.11065121606668286,0.10163159906160267,0.11576798830862085,0.0753247832883796,0.08260022375636987,0.07249325066769031,0.07464696753698341,0.04205146068498214,0.038406360564153974,0.03975830659839148,0.026113579266286546,0.011993855710665295,0.034283323189787475,0.05556386966336922,0.033486359659847365,0,0,0.004720636588026303,0,0,0,0,0,0,0,0,0,0,0,0,0,0,0,0,0,0,0,0,0,0,0,0,0,0,0,0,0,0,0,0,0,0,0,0,0,0,0,0,0,0,0,0,0,0,0,0,0,0,0,0,0,0,0,0,0,0,0,0,0,0,0,0
0,0.28662169007862237,0.2923514498010646,0.353896345172271,0.3515767336510932,0.30504951124952184,0.23261524908377695,0.20800311383901918,0.15876987536536863,0.16541425334453255,0.1260652620029749,0.17245233470332952,0.13615551326381875,0.10433111842412537,0.0819899460557115,0.06296566024036904,0.003132160468605152,0,0,0,0,0,0,0,0,0,0,0,0,0,0,0,0,0,0,0,0,0,0,0,0,0,0,0,0,0,0,0,0,0,0,0,0,0,0,0,0,0,0,0,0,0,0,0,0,0,0,0,0,0,0,0,0,0,0,0,0,0,0,0,0,0,0,0,0,0,0,0,0,0,0,0,0,0,0,0,0,0,0,0,0
0.34101491788918026,0.2231493450825635,0.13504534823992315,0.0014803028586388486,0,0,0,0,0,0,0,0,0,0,0,0,0,0,0,0,0,0,0,0,0,0,0,0,0,0,0,0,0,0,0,0,0,0,0,0,0,0,0,0,0,0,0,0,0,0,0,0,0,0,0,0,0,0,0,0,0,0,0,0,0,0,0,0,0,0,0,0,0,0,0,0,0,0,0,0,0,0,0,0,0,0,0,0,0,0,0,0,0,0,0,0,0,0,0,0,0
0.5704143375366866,0.5050848635996,0.47251045308274436,0.37002543043298797,0.356465060142831,0.3397544654110046,0.2853858531370062,0.2733676670997356,0.2600342228379067,0.3124337600087416,0.27971912027557166,0.26878455814338975,0.22255476188339768,0.21203662526754208,0.21463380916864935,0.19924397060522117,0.15729901411822733,0.14516409542545552,0.1353217678285481,0.11248968401984785,0.10575153462147442,0.09770178567271626,0.06945102469996023,0.06918434090239474,0.056965791166120584,0.039219752570428264,0.01691024204782403,0,0,0.015297626945750915,0.0060882035317279355,0,0,0,0,0,0,0,0,0,0,0,0,0,0,0,0,0,0,0,0,0,0,0,0,0,0,0,0,0,0,0,0,0,0,0,0,0,0,0,0,0,0,0,0,0,0,0,0,0,0,0,0,0,0,0,0,0,0,0,0,0,0,0,0,0,0,0,0,0,0
0,0.2526653300689601,0.3546553329948299,0.281805711107897,0.28170264936297623,0.24650354977332026,0.22500158196830078,0.23191452303236523,0.20064131329301704,0.2216269098034283,0.20432357299460766,0.2230354521090307,0.22205111915154208,0.20947942535221958,0.19284141247131698,0.17714760086533868,0.14101520100614676,0.11651213324959132,0.10974079643568105,0.07925569506543646,0.0748038054132651,0.06865364337620458,0.06869069588205397,0.0696293059032684,0.06624750079149667,0.053697210100452156,0.07577283893460346,0.06057240191269199,0.06941745028974011,0.05130258407893677,0.03706115025465802,0.028727936099019982,0.03467445630289583,0.04678976350367598,0.03054593369029358,0.020185907689497462,0.00607735203014117,0.013545584484268411,0.013530829211340746,0.014863572659426741,0.009616128834365986,0,0,0,0,0,0,0,0,0,0,0,0,0,0,0,0,0,0,0,0,0,0,0,0,0,0,0,0,0,0,0,0,0,0,0,0,0,0,0,0,0,0,0,0,0,0,0,0,0,0,0,0,0,0,0,0,0,0,0,0
0.8957157915621833,0.726312405599718,0.7052310366116729,0.7077152903122872,0.7059391924732364,0.675194555990727,0.6606139558025554,0.6519801302207885,0.6280762297037095,0.6259213519272714,0.6142261255379887,0.6216457023559111,0.6102232418611077,0.6049454817490055,0.6011471001601775,0.5958910141508379,0.5815979864951816,0.5741698517489092,0.5675272161950269,0.5616084677990826,0.5559454761256493,0.5517473534507268,0.5366822885436124,0.532692413657635,0.5271071935250902,0.5187534102784253,0.5034384504926681,0.49388745958005925,0.49115384901812636,0.4796985078036872,0.47602438246237117,0.47172488116096023,0.4671704389277661,0.45686428852338884,0.44795433623485614,0.43966042164219626,0.4373143295477892,0.4371405224715646,0.4304653498094306,0.41100522029574854,0.4133951104499071,0.4085698660154342,0.396384806550143,0.39410817535382864,0.3916621158422441,0.36689003050337504,0.3601416132535184,0.35462063265583166,0.3295471605059804,0.31727414910487195,0.310217848421155,0.2884479128145998,0.2780088106426416,0.2553218958324916,0.25344154377344846,0.2369362223961068,0.15451101687490684,0.10276536117884354,0.06321864352179259,0,0,0,0,0,0,0,0,0,0,0,0,0,0,0,0,0,0,0,0,0,0,0,0,0,0,0,0,0,0,0,0,0,0,0,0,0,0,0,0,0,0
0,0.24777285195888654,0.22135271060368894,0.18963409555969746,0.18074191069300072,0.09478283552622092,0.06388083654362986,0.03294109785011388,0,0,0,0,0,0,0,0,0,0,0,0,0,0,0,0.0017374608913279797,0,0,0,0,0,0,0,0,0.0110329845639927,0,0,0,0,0,0,0,0,0,0,0,0,0,0,0,0,0,0,0,0,0,0,0,0,0,0,0,0,0,0,0,0,0,0,0,0,0,0,0,0,0,0,0,0,0,0,0,0,0,0,0,0,0,0,0,0,0,0,0,0,0,0,0,0,0,0,0,0
0,0.4220917296758661,0.4038167209660355,0.2947913957504676,0.30602961272945983,0.2602408609029356,0.2544952602391635,0.25575695723166114,0.23463157083804304,0.22782338476889935,0.19711501984302074,0.18316752909553824,0.15030822694832596,0.12440919449975822,0.1439312406551062,0.13564648202898474,0.07961996283569049,0.07871442792503013,0.06454600292435674,0.055183549236715604,0.05244334098318522,0.04509379872575499,0.003101512932852903,0,0,0,0,0,0,0,0,0,0,0,0,0,0,0,0,0,0,0,0,0,0,0,0,0,0,0,0,0,0,0,0,0,0,0,0,0,0,0,0,0,0,0,0,0,0,0,0,0,0,0,0,0,0,0,0,0,0,0,0,0,0,0,0,0,0,0,0,0,0,0,0,0,0,0,0,0,0
0.5726121572316117,0.3388405190391474,0.31853227452438937,0.2166633429154689,0.33893005872697957,0.30860810440484354,0.2503193560309768,0.24716468075136572,0.24738311392467188,0.24697579938216907,0.2206934671792814,0.2623590227516989,0.2404129473612218,0.24207454107096626,0.2275574858377605,0.21920982239386372,0.183092512816844,0.1572565255713996,0.1576377209406246,0.13031931722285267,0.13060690262305985,0.11786000410912116,0.08588433029494323,0.0973319532924927,0.08540312831527617,0.08993087481931093,0.08488091412063008,0.07148411931947049,0.08093260170106957,0.07500188354321449,0.06464164415849452,0.058434421650987924,0.04949796113859378,0.0305933847572318,0.01391208951833428,0,0,0.0063383592053104015,0.008675879471189446,0,0,0,0,0,0,0,0,0,0,0,0,0,0,0,0,0,0,0,0,0,0,0,0,0,0,0,0,0,0,0,0,0,0,0,0,0,0,0,0,0,0,0,0,0,0,0,0,0,0,0,0,0,0,0,0,0,0,0,0,0,0
0.31903851438248226,0.17064803921780908,0.10355289077950425,0.13403930994087485,0.12594316688288573,0.12060950866414823,0.0657147526240688,0.07138771888684105,0.009176783384454504,0,0,0,0,0,0,0,0,0,0,0,0,0,0,0,0,0,0,0,0,0,0,0,0,0,0,0,0,0,0,0,0,0,0,0,0,0,0,0,0,0,0,0,0,0,0,0,0,0,0,0,0,0,0,0,0,0,0,0,0,0,0,0,0,0,0,0,0,0,0,0,0,0,0,0,0,0,0,0,0,0,0,0,0,0,0,0,0,0,0,0,0
0,0.4046314044670208,0.4052875438355645,0.3582706574694124,0.38294559657077715,0.3239668104837502,0.2725715793518797,0.2562008834849035,0.22018217021605774,0.2724905160538713,0.29231254220149044,0.2817402724625163,0.26208249940547973,0.23634322783994405,0.21805523850603747,0.19182809036808532,0.1522503738064166,0.12424712221215484,0.11269759488386864,0.1328502913277593,0.14698241077231256,0.16760326643237025,0.16029715583399462,0.16163779422321897,0.14811922808638295,0.15964305296311038,0.12898299853048392,0.11917742258053356,0.10984010467739012,0.09264344563859753,0.07669783544615509,0.08243784314293028,0.07917382283006334,0.05463494800504498,0.02837026159132085,0.01424306695253904,0,0,0,0,0,0,0,0,0,0,0,0,0,0,0,0,0,0,0,0,0,0,0,0,0,0,0,0,0,0,0,0,0,0,0,0,0,0,0,0,0,0,0,0,0,0,0,0,0,0,0,0,0,0,0,0,0,0,0,0,0,0,0,0,0
0,0.3882856478309469,0.36565702580582937,0.2544662931388038,0.2515966076861533,0.1796207529531636,0.13523227127922596,0.170765590315656,0.12162056785383626,0.1077635665978616,0.09726016259202236,0.20399903442465658,0.15477816380057405,0.12255777131690947,0.10763409706075994,0.08958662891022758,0.03721573925580234,0.011466128337668777,0.02867295778033881,0.08968609610624648,0.10031208819799704,0.0831056827372355,0.06573196618195959,0.08202696548901017,0.08732879938335368,0.07157970210365558,0.04704540299584611,0.08742149109848026,0.09452344549604709,0.09074237019986975,0.08305101044694203,0.08755403034312705,0.08012955653652484,0.06324639000271129,0.041330448532915814,0.03796353857229273,0.0448259337080758,0.03183142089450593,0.04123088129634631,0.02937530676210589,0.025707379561281073,0.002195244259146701,0.00004132608774440885,0,0,0,0,0,0,0,0,0,0,0,0,0,0,0,0,0,0,0,0,0,0,0,0,0,0,0,0,0,0,0,0,0,0,0,0,0,0,0,0,0,0,0,0,0,0,0,0,0,0,0,0,0,0,0,0,0,0
0.5727932595133378,0.34419387277090746,0.2775089080497236,0.19159276161451042,0.2054737634019334,0.14434998713612232,0.09872120893288634,0.10288146511944238,0.03207901915131069,0.016348510880733556,0,0,0,0,0,0,0,0,0,0,0,0,0,0,0,0,0,0,0,0,0,0,0,0,0,0,0,0,0,0,0,0,0,0,0,0,0,0,0,0,0,0,0,0,0,0,0,0,0,0,0,0,0,0,0,0,0,0,0,0,0,0,0,0,0,0,0,0,0,0,0,0,0,0,0,0,0,0,0,0,0,0,0,0,0,0,0,0,0,0,0
0.6120307802446487,0.4230811827766433,0.3827703226529649,0.264952873086835,0.2647573685432922,0.21734319878933658,0.15274327131052567,0.12842107477180303,0.10852181301376454,0.16338784411450574,0.12549247510917436,0.12532941030384567,0.09216153929124662,0.07964098093407472,0.08566237677449304,0.04941750634663194,0,0.0012000097010516928,0,0.009272515543827686,0,0,0,0,0,0,0,0,0,0,0,0,0,0,0,0,0,0,0,0,0,0,0,0,0,0,0,0,0,0,0,0,0,0,0,0,0,0,0,0,0,0,0,0,0,0,0,0,0,0,0,0,0,0,0,0,0,0,0,0,0,0,0,0,0,0,0,0,0,0,0,0,0,0,0,0,0,0,0,0,0
0,0.5065171594531539,0.49933735232604093,0.3983780341883942,0.4760887974614418,0.4255655931119382,0.37389347508942283,0.3585150409608633,0.41408780803965844,0.4282070854658111,0.4081100859780701,0.3995893415307999,0.37621564644283195,0.3554735580130994,0.35394516112715196,0.3375011541421796,0.31529471366010453,0.306532153125578,0.2949337269882697,0.27949023241459225,0.2711535681211935,0.259619961454836,0.23661382011083343,0.23738653419867514,0.25681264507583207,0.2530833361100371,0.23613881204792675,0.23430366453688561,0.2261429989786935,0.23470023801897877,0.22144025624600377,0.2217121235114378,0.21921489636064334,0.19816583364048057,0.17090613294938475,0.1702915115076144,0.16076264368440538,0.16168049334020906,0.15033443270000138,0.14347658514036926,0.13846952512460456,0.12760655965694037,0.12493715151491573,0.11855287972424791,0.1053793290055406,0.07043635633733791,0.05515672029469943,0.046103544759175136,0.017556340320657626,0,0,0,0,0,0,0,0,0,0,0,0,0,0,0,0,0,0,0,0,0,0,0,0,0,0,0,0,0,0,0,0,0,0,0,0,0,0,0,0,0,0,0,0,0,0,0,0,0,0,0,0
0,0.4905825173073217,0.44569814410391906,0.3745980942370538,0.38077371410299266,0.3169741062252648,0.3465114736312329,0.36368033989021015,0.313705782418282,0.3036550927324257,0.2697712542793923,0.26878455814338975,0.2268855806269993,0.18836759663259137,0.17904310559237446,0.1604159327156212,0.11297672527401131,0.11413181237974808,0.13051912649059152,0.1135576645533775,0.1243608929500374,0.12868238705659676,0.10345615046883326,0.1054950859218807,0.09304642705961359,0.08755924887297269,0.051928151456245845,0.041060981069116584,0.04687556283734055,0.021968023812503755,0.008376712977972944,0.0018680169551041185,0,0,0,0,0,0,0,0,0,0,0,0,0,0,0,0,0,0,0,0,0,0,0,0,0,0,0,0,0,0,0,0,0,0,0,0,0,0,0,0,0,0,0,0,0,0,0,0,0,0,0,0,0,0,0,0,0,0,0,0,0,0,0,0,0,0,0,0,0
