,A0,A1,A2,A3,A4,A5,A6,A7,A8,labels
0,0.262574809863513,0.3450529493756543,0.064527,0.337234,0.705536,0.1140853536365458,0.8859862114208796,0.016252656684265697,0.362147,0
1,0.048227038990830313,0.8646254214839706,0.06793,0.29189,0.487796,0.023381085954718495,0.9603243336220122,0.0512006770337459,0.442398,0
2,0.02564952800998204,0.4455254741152451,0.02081,0.139764,0.315416,0.03391404528150671,0.7818858392052467,0.1350725599376821,0.475837,0
3,0.01737080495312352,0.49187222745964454,0.105618,0.388275,0.615893,0.0037106792226006815,0.9981079205326624,0.23771914639893058,0.89957,0
4,0.09751033580532605,0.49187222745964454,0.02708,0.224832,0.737294,0.02400120216389501,0.9570881977043036,0.04977496321514094,0.499365,0
5,0.1332557937958963,0.6584739243844744,0.068441,0.372233,0.713286,0.013958124624323782,0.9912916342486384,0.12217862535222104,0.734674,0
6,0.06495884827582037,0.6191739781724801,0.321237,0.620273,0.670741,0.07183630534962934,0.9348942655591534,0.06713356991046614,0.108356,0
7,0.03647415494334708,0.6370304393843875,0.053979,0.295698,0.60649,0.02701763173712683,0.9788911134267639,0.021570833693969206,0.323057,0
8,0.11980261685860052,0.15287013955963238,0.122066,0.458342,0.821012,0.033445201362452416,0.9777030635286682,0.08520623563467106,0.620673,0
9,0.10626679379388056,0.8432490268997865,0.026694,0.196173,0.496645,0.03790122219995993,0.9509239388054298,0.06553234663358434,0.388173,0
10,0.08546415879344718,0.8432490268997865,0.016502,0.155384,0.462681,0.009474053295932677,0.9880414977429052,0.061687968225575346,0.647555,0
11,0.07659280253018096,0.49187222745964454,0.103436,0.364619,0.553699,0.01498397114806652,0.9677436452330997,0.08776675033418925,0.687462,0
12,0.06866784521388214,0.4662344347343277,0.028163,0.185496,0.445216,0.005103185734321779,0.993243716236082,0.061897137032014854,0.735547,0
13,0.20179664617983395,0.49187222745964454,0.282468,0.682609,0.660073,0.05969445001001803,0.9509859414095392,0.09900897262052451,0.379354,0
14,0.04591496318215811,0.49187222745964454,0.029983,0.18999,0.382648,0.010981767180925667,0.9355352924822843,0.12779973649538864,0.596653,0
15,0.11694427030524643,0.08875252312016703,0.077897,0.421937,0.875455,0.0428651572831096,0.9629974458927274,0.06193079638017754,0.616133,0
16,0.12342795978963539,0.11724975564051103,0.090493,0.303437,0.377719,0.011676016830294532,0.9728538598621143,0.0663690218593424,0.543495,0
17,0.052626433456764994,0.49187222745964454,0.168192,0.445277,0.494401,0.008204768583450213,0.995697819308411,0.21150572689766595,0.806298,0
18,0.045267904477202775,0.48557960914049075,0.128313,0.356403,0.464446,0.005747345221398518,0.9851163748877453,0.2597732321629497,0.78841,0
19,0.032799425911778285,0.0770001330241005,0.073173,0.288461,0.459157,0.007382288118613504,0.9836623138171803,0.1641325985978477,0.658939,0
20,0.10815858380821261,0.5421888826553923,0.060231,0.294351,0.473058,0.0274433981166099,0.9556861388178304,0.04234586422780647,0.490554,0
21,0.09455825644891765,0.779195030682298,0.254155,0.661205,0.859781,0.03816169104387898,0.9829162824838644,0.060711847128857604,0.440511,0
22,0.24404091184883422,0.49187222745964454,0.139281,0.609276,0.91506,0.07833800841514728,0.8757707823728597,0.4912317398036217,0.494937,1
23,0.12030756453957037,0.49187222745964454,0.401057,0.733141,0.810347,0.04191945501903426,0.9504779200726431,0.037640768202494644,0.44805,0
24,0.29591445924235676,0.7277841076685502,0.216952,0.620856,0.750236,0.09987277098777801,0.8865772362439223,0.0,0.098141,1
25,0.09230866917561496,0.49187222745964454,0.037046,0.211547,0.41389,0.010073131636946502,0.9666125977291046,0.10756565977130877,0.647288,0
26,0.03695088199544035,0.49187222745964454,0.117984,0.419068,0.560038,0.005538970146263274,0.9975018950795934,0.15343854283873326,0.828613,0
27,0.027619932633327356,0.49187222745964454,0.052347,0.209449,0.333195,0.00827689841715087,0.992840699309371,0.060704634411394176,0.724953,0
28,0.1876923790191719,0.49187222745964454,0.14267,0.548291,0.816383,0.12383690643157684,0.8111570685968811,0.006525105065251052,0.096941,1
29,0.045516850739078116,0.6441547475144735,0.044929,0.231778,0.413535,0.009921859346824286,0.9483958326249702,0.12507332929421155,0.62154,0
30,0.1063444005232911,0.38435867924419176,0.148866,0.304207,0.3229,0.011293327990382688,0.9523089969778731,0.09828770087418136,0.5463,0
31,0.07194849332078188,0.49187222745964454,0.366451,0.707869,0.72045,0.03006010819475055,0.9751619568021858,0.03288758739409327,0.360637,0
32,0.009447863396030163,0.4874199686525815,0.062213,0.236994,0.314315,0.035547986375475855,0.7386970252750616,0.14511987536424223,0.472107,0
33,0.04131600855488207,0.49187222745964454,0.039806,0.206032,0.367581,0.004201562813063515,0.9829122823158574,0.09167123472106017,0.616173,0
34,0.04377221114674526,0.49187222745964454,0.114416,0.28731,0.373575,0.0042987377279102386,0.9728028577200243,0.1341469278632084,0.749346,0
35,0.12671767881295973,0.5993568573923806,0.266307,0.549261,0.835433,0.04348627529553196,0.8882353058828472,0.09635228835482723,0.651768,0
36,0.025468109681489888,0.23121902128963975,0.023656,0.180263,0.467511,0.008170707273091566,0.9869734528850213,0.05312406835732765,0.649324,0
37,0.03029182146017565,0.8788751944754513,0.027401,0.142895,0.224948,0.008218793828892006,0.6706521673910304,0.7410682515411173,0.845132,0
38,0.08022520061843492,0.49187222745964454,0.237147,0.47292,0.575358,0.0021308355039070326,0.9988319509419396,0.26161247511612473,0.941056,0
39,0.07459619303716455,0.10831631974366834,0.243859,0.656557,0.990399,0.02980565017030655,0.9762790037181562,0.0497052402796611,0.550398,0
40,0.237349599166282,0.16181629950087043,0.322854,0.672288,0.860632,0.22069024243638552,0.745193298118521,0.0447020185991941,0.502425,0
41,0.11763164419431113,0.49187222745964454,0.03802,0.230967,0.460932,0.006153075535964736,0.9944447666802007,0.06720569708510045,0.706946,0
42,0.11079620472856795,0.49187222745964454,0.087231,0.366069,0.56777,0.009775596072931277,0.9960058322449542,0.12544598636315551,0.68929,0
43,1.0,0.4441188888439049,0.214823,0.586667,0.837926,0.18436385493889,0.7913512367519435,0.010667609128415223,0.259163,0
44,0.036317933604923296,0.49187222745964454,0.072306,0.303381,0.480977,0.008473251853336004,0.9921476702021486,0.052919708029197085,0.626636,0
45,0.050055332590190106,0.49187222745964454,0.007018,0.093871,0.41258,0.009674413945101181,0.9876624818242365,0.05583364588442342,0.60862,0
46,0.05256394492139547,0.49187222745964454,0.022088,0.149196,0.322004,0.006179122420356641,0.966335586094616,0.19614023446140236,0.837838,0
47,0.09484550213569688,0.49187222745964454,0.103068,0.313422,0.658945,0.05188639551192146,0.8561119567021814,0.09263533462200552,0.655843,0
48,0.1992467107849165,0.49187222745964454,0.315577,0.325885,0.362638,0.07456221198156683,0.30606885489190544,0.108806247175019,0.164185,1
49,0.09303434248958357,0.3295111075123915,0.0957,0.402699,0.615751,0.03623321979563214,0.9724248418433574,0.017401883000105787,0.365973,0
50,0.14433138275034219,0.49187222745964454,0.376156,0.664823,0.732194,0.031586856341414546,0.9723838401212851,0.04912822288258658,0.504531,0
51,0.09339717914656788,0.00534641210866334,0.473731,0.857385,0.916337,0.194128431176117,0.7435612295716421,0.031156535202869703,0.337751,0
52,0.04769991795860034,0.49187222745964454,0.197376,0.493836,0.576958,0.003935083149669404,0.9981539224647435,0.2584701345412231,0.907724,0
53,0.12253598634121565,0.907373583727104,0.048219,0.277349,0.682945,0.017772991384492086,0.9795651417359529,0.03745083330929095,0.545193,0
54,0.08699008851198672,0.49187222745964454,0.097946,0.333981,0.46835,0.009151472650771389,0.9956828186783845,0.05654530067414866,0.739581,0
55,0.034339465944756106,0.49187222745964454,0.301062,0.56323,0.875501,0.010245441795231416,0.9557061396578657,0.13117769250742908,0.750558,0
56,0.08128548996051128,0.6371576798283412,0.072194,0.335715,0.609886,0.016905429773592467,0.9817022314937227,0.0356548666608965,0.549648,0
57,0.04833085058991193,0.873577365081752,0.036652,0.227993,0.564014,0.030744339811660984,0.9474267919252608,0.0425959050998721,0.358195,0
58,0.0898827029718338,0.49187222745964454,0.043207,0.327288,0.966743,0.08554698457223003,0.8962066406789085,0.1464710577690584,0.732745,0
59,0.01582370976292656,0.8576480182300854,0.183025,0.308972,0.309716,0.00791023842917251,0.9577162240814114,0.10170172047353895,0.627981,0
60,0.1866542630283557,0.21685357516729226,0.042344,0.266126,0.669146,0.07916349428972151,0.8935745301302656,0.031185386072723423,0.469507,0
61,0.06107750392569106,0.2643605300142856,0.192991,0.322632,0.33068,0.010580044079342817,0.9588432714173994,0.1025071405902888,0.664235,0
62,0.036869243747618886,0.13850469343728491,0.159312,0.474862,0.768858,0.05012622720897616,0.8334930067062817,0.16528903763115121,0.641192,0
63,0.08346150202281437,0.5018316840272757,0.013339,0.150713,0.532602,0.00779803646563815,0.9958108240546103,0.12757373801486782,0.70603,0
64,0.0697432527499995,0.03887773928433034,0.348578,0.51798,0.827307,0.033927068723702665,0.8870082543466825,0.09582335574084226,0.606824,0
65,0.1361635264497844,0.49187222745964454,0.309093,0.576329,0.674996,0.03880084151472651,0.950562923642793,0.0323682717367262,0.426783,0
66,0.07034294111362634,0.8504438956397014,0.181332,0.597353,0.89978,0.049472049689440994,0.9596063034647455,0.05681697969860459,0.542722,0
67,0.2171960386300094,0.49187222745964454,0.061532,0.34644,0.758095,0.06918954117411341,0.8790409197186282,0.004106440475847014,0.125967,1
68,0.036720077566414225,0.49187222745964454,0.244599,0.560466,0.586592,0.013253856942496495,0.9929037019554822,0.16321658347999193,0.750738,0
69,0.03785998939710658,0.2882377776878098,0.022658,0.163913,0.415992,0.00980464836706071,0.979158124641235,0.0814532183145322,0.660901,0
70,0.10050071458663835,0.25967692494548905,0.107717,0.311843,0.401637,0.041344419955920655,0.8642883001086046,0.06738601502168624,0.249262,0
71,0.05999806487116276,0.4121179171896056,0.086368,0.40338,0.802738,0.017592666800240433,0.986236421929721,0.02990633084254157,0.480897,0
72,0.1698327524587223,0.537452067946397,0.30922,0.792885,0.98558,0.12386495692246043,0.8742137169761129,0.04611571122202668,0.504373,0
73,0.17017946304206286,0.49187222745964454,0.356267,0.515091,0.555632,0.05737527549589261,0.8811240072083028,0.013745035246146004,0.124229,1
74,0.02854415822903459,0.49187222745964454,0.029668,0.196553,0.475993,0.003747745942696854,0.9951967982655272,0.10812825173345643,0.829476,0
75,0.14480307040442178,0.8362045332299985,0.077064,0.356979,0.823202,0.0411380484872771,0.9580222369339513,0.01792600713578181,0.268036,0
76,0.033904061956374944,0.49187222745964454,0.033955,0.223837,0.504237,0.004532157884191545,0.9988059498498937,0.27739390092611294,0.866635,0
77,0.06656238472377043,0.8717508863453652,0.067483,0.297928,0.879271,0.058269885794429974,0.8632062546626958,0.06772982122077648,0.557844,0
78,0.08279730936461255,0.42028675369141877,0.101423,0.451338,0.867534,0.053774794630334605,0.956548175023351,0.058536010694055764,0.554596,0
79,0.05179090126609836,0.49187222745964454,0.025508,0.196964,0.494983,0.0024113404127429376,1.0,0.24642008789898348,0.966847,0
80,0.01933617017845516,0.3594507839746444,0.022126,0.145518,0.338736,0.007578641554798637,0.9807461913400364,0.07287970148966659,0.667014,0
81,0.02712304798917941,0.20274955032070374,0.168479,0.398753,0.452303,0.010402724904828693,0.9701647469193706,0.24562188049969708,0.710928,0
82,0.05421686746987952,0.06017894633345094,0.134063,0.344769,0.469204,0.0036064916850330597,0.9927296946471752,0.16615937220507196,0.68889,0
83,0.027569538653190645,0.49187222745964454,0.232136,0.556786,0.685619,0.0035804448006411544,0.9988919534620454,0.5198493984593636,0.968084,0
84,0.058642466805485294,0.49187222745964454,0.193652,0.365023,0.39315,0.003667601683029453,0.9764720118244967,0.15422953752055624,0.815811,0
85,0.30393718088012084,0.7367742233995176,0.22798,0.674576,0.850013,0.09578942095772391,0.9119012998545939,0.0002428281546021946,0.106952,1
86,0.06794821917752993,0.4375382444288928,0.011647,0.143191,0.539735,0.007160889601282308,0.9962728434594252,0.15733341026898628,0.758482,0
87,0.08923564426687845,0.49187222745964454,0.076055,0.340488,0.634767,0.006689040272490483,0.9974448926854929,0.19461835107661826,0.899411,0
88,0.01730428489934306,0.49187222745964454,0.056383,0.097072,0.130242,0.0,0.7872890661407779,0.6830491522652742,0.804989,1
89,0.12414355430757665,0.9358754431726827,0.101858,0.461144,0.874657,0.06185233420156281,0.942661591786855,0.078207495455988,0.581901,0
90,0.04569826906757026,0.49187222745964454,0.309062,0.667739,0.703692,0.01728912041675015,0.9857464013488567,0.05172239693026746,0.533314,0
91,0.36214827521563586,0.11082874014609516,0.134861,0.597404,0.930407,0.12250250450811462,0.9131073505087214,0.005236432878451286,0.105024,1
92,0.2777282796906213,0.49187222745964454,0.088702,0.377645,0.680387,0.07503205770386696,0.8778948715846066,0.0045440120019618595,0.134355,1
93,0.10884091829926365,0.49187222745964454,0.218562,0.51866,0.53297,0.010473852935283513,0.9947287786087016,0.13897704432455305,0.762086,0
94,0.05884706636484033,0.8025517492669215,0.173617,0.546737,0.67657,0.019884792626728112,0.9891355436928352,0.02524210688285585,0.337459,0
95,0.05532956655129806,0.8646416157222919,0.031109,0.19984,0.435833,0.02213784812662793,0.8801279653745457,0.11984170489406923,0.522444,0
96,0.056256815785813485,0.1291097217482837,0.056286,0.244692,0.354751,0.0055519935884592265,0.9911256272763456,0.09248386755527346,0.514369,0
97,0.039989638997683895,0.49187222745964454,0.11588,0.29058,0.372557,0.003858946102985374,0.941631548525038,0.30620630295336737,0.873504,0
98,0.11084357506989645,0.49187222745964454,0.114217,0.559997,1.0,0.032938288920056104,0.9741379137923792,0.10818114499485493,0.661616,0
99,0.25344644430154956,0.637116037501229,0.062308,0.343291,0.650035,0.08898717691845322,0.8028267187221864,0.004868584287816277,0.092747,1
100,0.08990689208229942,0.49187222745964454,0.134835,0.423875,0.644019,0.007785013023442196,0.9956908190143986,0.22149293634536416,0.845689,0
101,0.05294189977242079,0.49187222745964454,0.0407,0.245361,0.526793,0.006427569625325585,0.996176839427256,0.19940759547233683,0.827348,0
102,0.051224472929361754,0.49187222745964454,0.280356,0.57183,0.561185,0.0021318373071528753,0.9959158284647955,0.8430849273438928,0.942163,0
103,0.04539590518675002,0.49187222745964454,0.106536,0.301462,0.451024,0.004657383289921859,0.9838413213354961,0.08698777684813865,0.578063,0
104,0.05752775196486129,0.49187222745964454,0.036191,0.213656,0.55716,0.006809256661991585,0.9963148452234993,0.2857462277487666,0.916566,0
105,0.04745601109473867,0.5491003522246835,0.03814,0.253819,0.543233,0.029825686235223407,0.9699747389390354,0.026126866891703453,0.330363,0
106,0.11241788300936724,0.49187222745964454,0.280526,0.5878,0.696619,0.012655780404728513,0.9803441744553272,0.8818580921881463,0.595861,1
107,0.3758241935451359,0.7474358158715103,0.2108,0.669397,0.850165,0.06786916449609297,0.952054986309425,0.005767769731590741,0.144705,1
108,0.04026680588843579,0.49187222745964454,0.019024,0.137141,0.314509,0.03558405129232619,0.8934375243760238,0.10518305876922189,0.553398,0
109,0.1868336655976424,0.49187222745964454,0.544494,1.0,0.99439,0.054812662793027454,0.9532600369215507,0.19907821470817347,0.451467,0
110,0.11513210277953038,0.49187222745964454,0.0276,0.234651,0.656919,0.057895211380484875,0.931374117712944,0.11124174143850438,0.721262,0
111,0.24269438469958135,0.6441454936640042,0.050519,0.293778,0.618525,0.08128330995792427,0.8429284029929257,0.004065568410220902,0.112497,1
112,0.08000850650384708,0.7614877878092087,0.089993,0.398032,0.681552,0.028548387096774194,0.9752929623044168,0.04645230470365349,0.508859,0
113,0.10251748167170943,0.49187222745964454,0.18222,0.273354,0.299064,0.0020667200961731118,0.9851713771978423,0.1131458988488503,0.697086,0
114,0.08677541015660434,0.5978137778266175,0.056452,0.294355,0.561544,0.008629533159687439,0.9960188327909772,0.13873421616995085,0.766115,0
115,0.04005716693106708,0.49187222745964454,0.365856,0.512397,0.528434,0.011976557804047286,0.9867684442746596,0.03249329217275901,0.573255,0
116,0.17975331138843478,0.6585410148003771,0.063531,0.353188,0.74806,0.10906631937487479,0.822610549643085,0.002187857630574228,0.081082,1
117,0.10147634204208503,0.7082573264469262,0.164754,0.541329,0.785262,0.03985874574233621,0.9729088621722112,0.08166959983843514,0.604562,0
118,0.036779542462975545,0.8147668318864553,0.059504,0.323276,0.61394,0.01572931276297335,0.9903535948509837,0.06364261465816527,0.541862,0
119,0.1783150671953331,0.3451929138640031,0.09854,0.416708,0.680933,0.02576036866359447,0.9825112654731498,0.02071011607666638,0.38448,0
120,0.076812520283577,0.49187222745964454,0.69443,0.5365,0.555386,0.04010418753756762,0.9307070896977674,0.2644374561226354,0.521049,0
121,0.05743905855982069,0.33647578672188133,0.050631,0.229004,0.389023,0.016179122420356642,0.9537830588884734,0.14874787224834826,0.644757,0
122,0.07779621077584556,0.7579990861822662,0.020554,0.132501,0.288205,0.005680224403927069,0.9913266357187002,0.08594193281594106,0.707319,0
123,0.16881983345797447,0.08635693257991567,0.519772,0.844296,0.915637,0.16443598477259067,0.7905732040745711,0.05627121741053826,0.560935,0
124,0.06644748644905875,0.49187222745964454,0.277966,0.610553,0.627403,0.02231817271087958,0.9812512125509272,0.04024936768510237,0.469774,0
125,0.1339038603804544,0.6583813858797809,0.100523,0.415059,0.702265,0.022033660589060308,0.9800001600067203,0.11844243770616351,0.747585,0
126,0.02400769213712807,0.49187222745964454,0.030308,0.156607,0.286949,0.005630134241634943,0.9935457289206148,0.09986007328120942,0.772851,0
127,0.07044372907389976,0.8149704165967808,0.046734,0.357887,0.84736,0.04524844720496895,0.9390304392784498,0.06143552311435524,0.747377,0
128,0.024654750842083413,0.49187222745964454,0.09598,0.239426,0.334519,0.002813063514325787,0.9561561585586594,0.2670628852793245,0.857124,0
129,0.09252133177179186,0.49187222745964454,0.765384,0.374704,0.523005,0.03502404327790022,0.9661815796263443,0.22785695738726522,0.449025,0
130,0.14413383834820628,0.94301594554109,0.13464,0.486149,0.668944,0.03259467040673212,0.9781080805393827,0.023871690564803864,0.341616,0
131,0.013681965607116436,0.28111346955772376,0.05064,0.188121,0.230377,0.009125425766379484,0.6651139347852609,0.6588649106103883,0.862941,0
132,0.42252328705822123,0.09017530262982863,0.121529,0.539617,0.88048,0.10636145061109999,0.9154254478688104,0.00262062067838012,0.138919,1
133,0.09088957469496524,0.49187222745964454,0.115199,0.40093,0.675544,0.01445902624724504,0.9552881221011282,0.07374763182443284,0.604091,0
134,0.04032223926658617,0.2526173937686884,0.029623,0.188652,0.403922,0.015886595872570627,0.9084261538984637,0.11670417279747651,0.561248,0
135,0.05161956173363355,0.14575161508608972,0.025432,0.211695,0.561254,0.0084872770987778,0.9960998361931201,0.17406451054499292,0.746971,0
136,0.10835108881233484,0.4804703269501044,0.056105,0.327465,0.695621,0.02657984371869365,0.9796631458521258,0.07215602550416896,0.49965,0
137,0.1586795567748659,0.49187222745964454,0.209861,0.563067,0.62787,0.025279503105590063,0.9841853357841029,0.03253416423838512,0.489041,0
138,0.10501399944768199,0.49187222745964454,0.424364,0.681209,0.748623,0.06529352835103186,0.865761361977203,0.04828914341767404,0.181869,1
139,0.022760945068545896,0.49187222745964454,0.19905,0.555384,0.63883,0.5644940893608494,0.0,0.20875046882663512,0.16372,0
140,0.07135384435516871,0.907373583727104,0.181474,0.537533,0.720022,0.018712682829092366,0.9875604775400567,0.02048892607445448,0.351066,0
141,0.3033102797672202,0.09492252792060195,0.340689,0.90705,0.942319,1.0,0.1740623106170459,0.007866670513449314,0.0,0
142,0.1353662936840217,0.49187222745964454,0.058164,0.333985,0.727274,0.025998797836104988,0.9778000676028393,0.07570708673533175,0.679125,0
143,0.04120816543738951,0.8481767022747121,0.011796,0.119448,0.380133,0.011708074534161492,0.9822292536286523,0.07579123510573844,0.640688,0
144,0.15628382695916676,0.6407100016772603,0.150227,0.545793,0.797873,0.05735523943097576,0.956323165572954,0.020414394660665688,0.364652,0
145,0.02163010415427815,0.23822534282624158,0.087191,0.267522,0.302129,0.004569224604287718,0.9875534772460443,0.08782685631305116,0.486006,0
146,0.058932736131072735,0.49187222745964454,0.016256,0.115572,0.290595,0.0033420156281306354,0.9905676038393613,0.10701028052662453,0.775251,0
147,0.05930262794527616,0.49187222745964454,0.084901,0.368771,0.665806,0.04855139250651173,0.9426665919968639,0.044088937614802426,0.611018,0
148,0.12007978374935244,0.40220820006824715,0.068338,0.313441,0.498189,0.021447605690242438,0.9871514603613353,0.05352798053527981,0.55176,0
149,0.03245372320804046,0.7723599053793789,0.051412,0.254635,0.451943,0.0069815668202764984,0.9955668138061798,0.06246694171162594,0.735666,0
150,0.03737217566938324,0.013856484346533565,0.229328,0.544272,0.575201,0.01975055099178521,0.9783570909978219,0.03500572208918766,0.408122,0
151,0.07128026914416911,0.9928722216759879,0.006181,0.078527,0.328725,0.008882989380885595,0.9736368927494955,0.10093236394410625,0.625119,0
152,0.10079199179182852,0.0789677329801447,0.386518,0.849321,0.948324,0.22475856541775194,0.7032085347584599,0.05019810930632892,0.449227,0
153,0.03785998939710658,0.41639435283775106,0.013335,0.154497,0.527051,0.015113203766780207,0.9921736712941944,0.059718896358058535,0.505884,0
154,0.06778998207990067,0.36151439262930807,0.119517,0.419651,0.552158,0.013427168904027249,0.9913756377767867,0.0732884221459277,0.552645,0
155,0.13147184689905683,0.5090392768115858,0.064159,0.322455,0.627139,0.02166499699459026,0.9850943739637065,0.034099323927949766,0.517069,0
156,0.07709674233154805,0.0,0.080335,0.378333,0.786775,0.05789420957723903,0.8214835023070969,0.08638431282036488,0.54161,0
157,0.024513647697700626,0.49187222745964454,0.028896,0.228724,0.595763,0.0039721498697655785,0.9975348964656515,0.24490782147081733,0.902074,0
158,0.049573566140083174,0.49187222745964454,0.449869,0.232534,0.436181,0.044076337407333195,0.9352372799657586,0.18038044680380447,0.39483,0
159,0.14950684451038218,0.27775894876258667,0.069976,0.30364,0.684953,0.08887697856141055,0.7395340604305382,0.05273458161430234,0.464553,0
160,0.05780592673521591,0.9714981405544213,0.014653,0.141073,0.425887,0.005721298337006612,0.9858804069770931,0.06950174547762615,0.663737,0
161,0.06544464624433824,0.49187222745964454,0.442735,0.512665,0.546384,0.10334502103786818,0.6554405285021971,0.14049411923102814,0.164605,0
162,0.07654039279083878,0.15061798370165586,0.071412,0.308328,0.523944,0.04355239430975757,0.8581350416717501,0.07488483694450054,0.452436,0
163,0.0796728825961366,0.907373583727104,0.0872,0.430555,0.791898,0.027844119414946904,0.977458053238236,0.10648134791263957,0.668539,0
164,0.3090350359107503,0.7010821221392588,0.295085,0.873825,0.94672,0.18228912041675016,0.8235595895027591,0.027410730600194264,0.354931,0
165,0.14620301517261955,0.49187222745964454,0.348141,0.627343,0.703948,0.022561610899619312,0.9756969792731295,0.035601973399498,0.460824,0
166,0.07393905553618188,0.49187222745964454,0.084966,0.268107,0.485162,0.004413945101182128,0.9954828102780316,0.32466364694228866,0.922856,0
167,0.05065905247222788,0.49187222745964454,0.184701,0.564663,0.712295,0.03110699258665598,0.9706727682562668,0.025129107642595423,0.363408,0
168,0.122735546502557,0.49187222745964454,0.044474,0.211677,0.368069,0.005850530955720297,0.9803791759253889,0.0767216756585211,0.531691,0
169,0.028358708382131503,0.49187222745964454,0.086736,0.303824,0.434079,0.015076137046684032,0.9575812184111733,0.36610311300885723,0.85781,0
170,0.08473143032225942,0.49187222745964454,0.622962,0.371535,0.509877,0.05723802845121218,0.9298110520641868,0.36087870132617833,0.491129,0
171,0.08335466678492455,0.9216256701812019,0.183305,0.573341,0.757629,0.02712181927469445,0.9800241610147626,0.022210361309060133,0.337943,0
172,0.11551106551015843,0.28808971608030026,0.127511,0.572804,0.908484,0.14663694650370668,0.8284047930013061,0.05024378985026399,0.535753,0
173,0.11589002824078647,0.6228003308251542,0.023489,0.212643,0.594075,0.043557403325986774,0.9528530198268328,0.04353115413096372,0.349616,0
174,0.023381798903830145,0.49187222745964454,0.03629,0.201083,0.51235,0.005807453416149068,0.9829462837439172,0.09615754498331458,0.738281,0
175,0.07156146755333195,0.21968062648567677,0.142318,0.318338,0.311764,0.005049088359046283,0.9840733310799054,0.09245020820711078,0.494802,0
176,0.14461862843712142,0.5586248778202555,0.047796,0.321332,0.89322,0.1012793027449409,0.8518177763466066,0.05916351711337431,0.644242,0
177,0.09553186814515886,0.49187222745964454,0.296103,0.602466,0.654713,0.01601482668803847,0.9888905334024028,0.15484983122241133,0.788743,0
178,0.053992110318469795,0.11725206910312837,0.047582,0.200637,0.342073,0.008699659386896413,0.9771460401336857,0.1378759027918025,0.72497,0
179,0.05430656875452286,0.5018189599828804,0.035669,0.247266,0.530017,0.015307553596473653,0.9919356612977746,0.07482473096563862,0.536928,0
180,0.022316470163740124,0.8147506376481338,0.014326,0.125734,0.340921,0.01698657583650571,0.9682816678300489,0.10985209120721656,0.593013,0
181,0.04634835141133381,0.37157101462686737,0.077483,0.33161,0.620407,0.02564516129032258,0.9642084967568638,0.03747006722252676,0.394747,0
182,0.08407832433968769,0.9287499783112879,0.041444,0.202053,0.353337,0.00601482668803847,0.9853283837921193,0.08504755585047556,0.705413,0
183,0.025401589627709435,0.49187222745964454,0.280589,0.469827,0.47808,0.014537166900420756,0.962524426025893,0.07450256291893867,0.544174,0
184,0.0,0.13230577035413327,0.091931,0.266093,0.307743,0.02380284512121819,0.799250568523878,0.1647168287123857,0.484818,0
185,0.025685811675680473,0.49187222745964454,0.079536,0.319425,0.520828,0.003715688238829894,0.9990559603503347,0.19680140022888357,0.904966,0
186,0.12286052357329605,0.6940977784975216,0.080766,0.287302,0.463714,0.013445201362452416,0.9619514019588823,0.06864824057778675,0.536132,0
187,0.021634135672689084,0.49187222745964454,0.046107,0.261537,0.532188,0.008922059707473454,0.9923136771744414,0.04832761124414568,0.657359,0
188,0.023118742327516525,0.9999999999999999,0.020946,0.172374,0.507866,0.008687637747946304,0.9895925628876412,0.06092582441360607,0.659914,0
189,0.038120022334612,0.08637197008692836,0.143468,0.444244,0.714342,0.04904127429372871,0.8803739757069797,0.09128655645634383,0.490779,0
190,0.03912890981694891,0.49187222745964454,0.291828,0.581883,0.691912,0.027000601081947507,0.9712847939613464,0.021965128915303462,0.421493,0
191,0.03183992452997535,0.49187222745964454,0.029839,0.202076,0.473632,0.0036495692246042875,0.9993199714388005,0.2817047017300905,0.912028,0
192,0.1966070741053557,0.49187222745964454,0.108036,0.477078,0.913456,0.09692045682228011,0.8758297848509637,0.011165286633391997,0.08308,1
193,0.07238389730916304,0.49187222745964454,0.248648,0.56685,0.825361,0.02007914245642156,0.9594532970384756,0.17779348547358703,0.808275,0
194,0.04514897468408014,0.3332450361767717,0.039154,0.184156,0.271269,0.03351132037667802,0.8131321515503651,0.13549089755056115,0.500783,0
195,0.08908647808567381,0.06379257494172966,0.222817,0.695556,0.969191,0.07385193348026449,0.9331551925180858,0.05919236798322803,0.550127,0
196,0.02545803088546255,0.49187222745964454,0.114453,0.391385,0.519458,0.0016850330595071126,0.9979379133923625,0.3499394131733072,0.978237,0
197,0.0334253191450762,0.8362427053631847,0.033346,0.205843,0.429642,0.025965738328992186,0.8503677154440487,0.10473827452564362,0.509954,0
198,0.04768580764416206,0.49187222745964454,0.031358,0.222233,0.507031,0.0030464836706070924,0.9984169335112075,0.2962503486146774,0.984391,0
199,0.04303041175913291,0.49187222745964454,0.029074,0.192086,0.476147,0.009043277900220397,0.9880874996749863,0.036561264822134384,0.582047,0
200,0.04637556416060763,0.49187222745964454,0.266359,0.5883,0.685979,0.02249248647565618,0.977250044501869,0.028504659415481377,0.486887,0
201,0.01878989943377324,0.8717508863453652,0.027899,0.139904,0.219195,0.005999799639350832,0.7556167359029079,0.731150765028899,0.880158,0
202,0.20133201368297352,0.03443126413381068,0.330368,0.759449,0.833859,0.18466840312562613,0.7821308494956788,0.049604262235173065,0.513521,0
203,0.02277203174417597,0.49187222745964454,0.125774,0.41871,0.521846,0.005985774393909037,0.9979029119223007,0.21916322860467577,0.836543,0
204,0.02302400164485951,0.2668498157905391,0.162856,0.36478,0.723425,0.013359046283309958,0.948265827164741,0.0936811786542031,0.559539,0
205,0.1630114233074174,0.49187222745964454,0.470916,0.614334,0.66626,0.019687437387297134,0.9798181523623992,0.03530865622265178,0.507125,0
206,0.06867691613030674,0.49187222745964454,0.100899,0.409799,0.647745,0.006485674213584452,0.997753905664038,0.2687458526874585,0.844912,0
207,0.17283724155447286,0.04471113527394289,0.125196,0.480062,0.885421,0.12252354237627731,0.8113320759471897,0.06697248588711617,0.505971,0
208,0.11171639880586426,0.49187222745964454,0.143211,0.408623,0.516408,0.002803045481867361,0.9942447582798477,1.0,0.921877,0
209,0.0773577831486562,0.5160560089299657,0.025988,0.202582,0.513121,0.005693247846123022,0.9979749149464278,0.22146889395381936,0.845228,0
210,0.318291402182261,0.017503658162763662,0.183582,0.641709,0.843354,0.21065718292927268,0.8325639676866428,0.006522700826096573,0.095907,0
211,0.05695426847090554,0.49187222745964454,0.102286,0.347513,0.503817,0.0023031456621919457,0.9965788563119651,0.3983151092005424,1.0,0
212,0.034356599898002584,0.2999369581436776,0.0,0.0,0.0,0.024867761971548788,0.9792451282953883,0.024660281007472376,0.30995,0
213,0.052794749350421596,0.49187222745964454,0.098389,0.319168,0.418727,0.008732718894009218,0.9874484728358591,0.058557648846446056,0.682348,0
214,0.015993033536185898,0.49187222745964454,0.052102,0.236681,0.448037,0.008488278902023642,0.9896625658277648,0.04941913582027832,0.680633,0
215,0.37338310914731376,0.0951596578388789,0.104927,0.471542,0.828432,0.08805950711280305,0.9249658485656398,0.0016012232768817982,0.136859,1
216,0.043785313581580804,0.10149391848514468,0.205934,0.498289,0.572681,0.021293327990382686,0.9767370229549641,0.028006981910504603,0.368675,0
217,0.21026989000002017,0.49187222745964454,0.325284,0.436391,0.538461,0.036107994389901824,0.9492328677804467,0.13421184232037928,0.801654,0
218,0.07463146882326024,0.49187222745964454,0.183419,0.373512,0.423477,0.0039491083951112,0.995964830522882,0.12764105671119316,0.7513,0
219,0.24460532442636532,0.49187222745964454,1.0,0.273556,0.664266,0.21999298737727913,0.5760591944861684,0.15259946337382072,0.293631,0
220,0.018238589291077648,0.49187222745964454,0.014756,0.145551,0.423204,0.01156080945702264,0.9883875122755155,0.051441100949193616,0.628573,0
221,0.012221548062754614,0.6441547475144735,0.051713,0.197939,0.257749,0.009140452815067122,0.7310027021134887,0.5690689824298203,0.803545,0
222,0.11485594376838121,0.49187222745964454,0.075938,0.235151,0.320237,0.006792226006812264,0.9691987063456665,0.17386015021686235,0.784045,0
223,0.11008564960864035,0.1634137454381409,0.051482,0.281735,0.634089,0.05987677820076137,0.9017468733686814,0.04910177625188733,0.425185,0
224,0.040570177648858785,0.9572483675629406,0.027192,0.167734,0.353132,0.008868964135443799,0.9575872186631839,0.16013915736226114,0.687,0
225,0.13935144963323262,0.49187222745964454,0.70612,0.689218,0.940069,0.1988479262672811,0.687642881001002,0.03272409913158882,0.476306,0
226,0.08766939936422954,0.49187222745964454,0.075721,0.323801,0.622937,0.015813464235624124,0.9723238376011792,0.04519248338670745,0.560729,0
227,0.028971499180593885,0.49187222745964454,0.051134,0.215645,0.428226,0.007228010418753758,0.9625024251018544,0.14307386784378215,0.700194,0
228,0.037545530961053515,0.49187222745964454,0.104053,0.377004,0.501937,0.007036665998797836,0.9970888777328648,0.12558783647326965,0.778053,0
229,0.05727880570298595,0.5962984598122626,0.088906,0.374447,0.609823,0.02842316169104388,0.9811332075947189,0.03958098920015772,0.522892,0
230,0.29183657836969434,0.32178414237048947,0.177849,0.488406,0.639552,0.07802644760569026,0.8248546438950436,0.004661819720531241,0.108272,1
231,0.07957411039506865,0.4395821886513091,0.144045,0.517408,0.674486,0.021121017832097775,0.9867154420485661,0.02473481242126117,0.383865,0
232,0.08153544410198936,0.637116037501229,0.059566,0.24144,0.343676,0.017231015828491285,0.9506119257008794,0.10200465460700307,0.651278,0
233,0.04391533005033351,0.3571523588643212,0.087157,0.297994,0.452452,0.014487076738128633,0.9693887143260017,0.07503630401123261,0.51165,0
234,0.06747149212543667,0.7687809787103602,0.17957,0.535396,0.731813,0.017558605489881786,0.9873634692657092,0.022626294682784685,0.425337,0
235,0.07663009407548213,0.7437435295342422,0.116686,0.411199,0.559661,0.014188539370867562,0.990670608165543,0.037277728090168584,0.539087,0
236,0.050851557476350104,0.5443751048287748,0.031347,0.229502,0.559074,0.02955519935884593,0.9804271779414735,0.018971851167979382,0.299214,0
237,0.04581518310148743,0.49187222745964454,0.312458,0.551109,0.584299,0.012082748948106594,0.9870854575892187,0.07419001182885665,0.575415,0
