0,0.18353945493193288,0.18561696727364463,0.15038061083154,0.14145096219995415,0.13980604465063842,0.14698649149330847,0.14520712731495433,0.17053980673996336,0.1574962952050644,0.15773804280235626,0.1390231086785299,0.1473112352655029,0.13884202855421715,0.10866571826788554,0.12277003830468508,0.11271318375803678,0.11230516356227717,0.09886059192495841,0.08892066606232459,0.08134809394259482,0.07854931177743628,0.06331177274467058,0.05716905696945236,0.0922967174905666,0.0964611355362532,0.08384491286146101,0.08605243548134593,0.08946004936394274,0.07051033513830098,0.0604592562535761,0.039658847404547524,0.04391502034201618,0.032344591096015105,0.03330616837678718,0.015368776402415544,0.01488881011617462,0.007598971709997233,0.022236620936613168,0.019432165643052408,0.01781553332443642,0.00500249599953898,0.023696898821466653,0.014753344983997047,0.023882132933404715,0.032799882573609496,0.022696728220478687,0.036951482289443546,0.02781747485444737,0.0042462795289916816,0,0,0,0,0,0,0,0,0,0,0,0,0,0,0,0,0,0,0,0,0,0,0,0,0,0,0,0,0,0,0,0,0,0,0,0,0,0,0,0,0,0,0,0,0,0,0,0,0,0,0
0,0.018515192839301815,0.1819907964708721,0.12955101373460728,0.11517724998159155,0.10161426987570185,0.08663415476426782,0.08936529519542025,0.07569616506969164,0.06514808953959819,0.08267559525915835,0.07495817290012646,0.07598736692775346,0.06826832170301048,0.04599420976349261,0.05422737924861992,0.04469041849981782,0.046291417199390776,0.03118050931866873,0.024835664400569245,0.01434896603870232,0.005505907591245185,0.004829711641063262,0,0,0,0,0.0010953370796509042,0,0,0,0,0,0,0,0,0,0,0.00379849805644846,0,0,0,0,0,0,0,0,0,0,0,0,0,0,0,0,0,0,0,0,0,0,0,0,0,0,0,0,0,0,0,0,0,0,0,0,0,0,0,0,0,0,0,0,0,0,0,0,0,0,0,0,0,0,0,0,0,0,0,0,0,0
0.02540213573642232,0,0,0.021900192346420704,0.021439200515009693,0,0,0,0,0,0,0,0,0,0,0,0,0,0,0,0,0,0,0,0,0,0,0,0,0,0,0,0,0,0,0,0,0,0,0,0,0,0,0,0,0,0,0,0,0,0,0,0,0,0,0,0,0,0,0,0,0,0,0,0,0,0,0,0,0,0,0,0,0,0,0,0,0,0,0,0,0,0,0,0,0,0,0,0,0,0,0,0,0,0,0,0,0,0,0,0
0,0,0.913012829405376,0.907543415922218,0.9061175316001325,0.9041289037892638,0.9026389557589857,0.9015873601914856,0.8986124011123481,0.8964973766778601,0.8950959403816371,0.8926475302409729,0.8914643921169385,0.8902163697135382,0.8857542338911376,0.8845217772387924,0.8828719353616075,0.8822221191672914,0.8799495891447856,0.8786901702467638,0.877353603767832,0.8752809594745874,0.8730762252398707,0.872068798321453,0.8717443528749678,0.8686457720844449,0.8666929424547587,0.866086044863716,0.8653662544741901,0.8625017261265063,0.8601604407477417,0.8570229804712983,0.855630986160651,0.8537029424423962,0.8525085423610931,0.849360959809366,0.8478837216256206,0.8464349558876012,0.8450388555399702,0.8438100367233072,0.8424906735189029,0.8378732347940175,0.8327644996842648,0.8314334670145416,0.8280756326187799,0.8262604377325972,0.8239075063131029,0.8214840749382075,0.8181443544250601,0.812748345057121,0.811565964964006,0.8005871519726142,0.7939210377182481,0.7642872759075563,0.0011513397327468085,0,0,0,0,0,0,0,0,0,0,0,0,0,0,0,0,0,0,0,0,0,0,0,0,0,0,0,0,0,0,0,0,0,0,0,0,0,0,0,0,0,0,0,0,0,0
0,0.020201987182740657,0.010318965043229522,0,0.02443625637083915,0.018695257154463397,0.009290595614496345,0,0,0,0,0,0,0,0,0,0,0,0,0,0,0,0,0,0,0,0,0,0,0,0,0,0,0,0,0,0,0,0,0,0,0,0,0,0,0,0,0,0,0,0,0,0,0,0,0,0,0,0,0,0,0,0,0,0,0,0,0,0,0,0,0,0,0,0,0,0,0,0,0,0,0,0,0,0,0,0,0,0,0,0,0,0,0,0,0,0,0,0,0,0
0,0,0,0,0,0,0,0,0,0,0,0,0,0,0,0,0,0,0,0,0,0,0,0,0,0,0,0,0,0,0,0,0,0,0,0,0,0,0,0,0,0,0,0,0,0,0,0,0,0,0,0,0,0,0,0,0,0,0,0,0,0,0,0,0,0,0,0,0,0,0,0,0,0,0,0,0,0,0,0,0,0,0,0,0,0,0,0,0,0,0,0,0,0,0,0,0,0,0,0,0
0.31116070289816505,0.23610351390948553,0.230923145367102,0.20339702111557534,0.2059838727820444,0.19674613030485788,0.20559036497864527,0.19937274959855597,0.19660191796756907,0.1811077308683446,0.19418208230022563,0.1983651009483662,0.19618916549934695,0.21374579894994714,0.18153465895346163,0.1764485923426868,0.16843094782967827,0.17061268127925497,0.1610221935476762,0.16567662536582853,0.17201136386077262,0.17484506210773468,0.16037603025336147,0.182529518143377,0.18192971025333057,0.16777500322027125,0.15716105255186846,0.15810104200165656,0.15363569514877598,0.13639468053757312,0.12425630752533254,0.1050739264345172,0.09565536960450904,0.08777969057552767,0.08595726911756268,0.08678689130509538,0.07858205228733078,0.1117747725195542,0.1049682386476013,0.11182100235232845,0.13130607322695254,0.10782978677931995,0.08391065224369512,0.10063206695628198,0.0916567867557045,0.08691549150795409,0.07970628693379213,0.06618242194102121,0.051579745486028464,0.029088088536545955,0.023530428261981904,0.011112584007889436,0,0,0,0,0,0,0,0,0,0,0,0,0,0,0,0,0,0,0,0,0,0,0,0,0,0,0,0,0,0,0,0,0,0,0,0,0,0,0,0,0,0,0,0,0,0,0,0,0
0,0.1052254279436855,0.13423977514829663,0.0777832829495967,0.1433377169705155,0.15633520637648884,0.184257783946712,0.1815335392654102,0.17943984519633416,0.1635203211595653,0.15349119719374058,0.14149768970312662,0.14007880985916288,0.1314170843802262,0.10919613778235852,0.10999604203159782,0.1117302612124333,0.11064950543507696,0.09742823969487419,0.09786292911407413,0.09278464338411221,0.08484802149502957,0.08192001924371983,0.07940261329812147,0.09182048139488944,0.08526407717785711,0.07172228598796854,0.07142039922233583,0.07434104121732796,0.054787684250031866,0.04487453974279248,0.025189420550703952,0.01688738321833813,0.004191890065161984,0,0,0.006821388313970872,0,0,0,0,0,0,0,0,0,0,0,0,0,0,0,0,0,0,0,0,0,0,0,0,0,0,0,0,0,0,0,0,0,0,0,0,0,0,0,0,0,0,0,0,0,0,0,0,0,0,0,0,0,0,0,0,0,0,0,0,0,0,0,0
0,0.14357670193224942,0.17208264753679478,0.1218151851391831,0.11396039427247034,0.1003074292938006,0.09930701301704048,0.0935685087366391,0.07807996866316294,0.06514808953959819,0.07346393867710864,0.06792013211196264,0.06513097159996291,0.06388930691084665,0.03539269421474722,0.02569161522036663,0.01078971310409343,0.010925242762743597,0,0,0,0,0,0,0,0,0,0,0,0,0,0,0,0,0,0,0,0,0,0,0,0,0,0,0,0,0,0,0,0,0,0,0,0,0,0,0,0,0,0,0,0,0,0,0,0,0,0,0,0,0,0,0,0,0,0,0,0,0,0,0,0,0,0,0,0,0,0,0,0,0,0,0,0,0,0,0,0,0,0,0
0,0.17549016016025484,0.1932750813515639,0.2158931240602675,0.2059838727820444,0.19904643093948854,0.2256019164777644,0.22563624289632966,0.22959240237930306,0.22121031384733278,0.21864262077849078,0.21229677161428706,0.21023252936684952,0.2073903269211516,0.17755081621560279,0.17508684909596336,0.18332469796256023,0.18442413234803368,0.174148745078138,0.1642095884278522,0.1557842551383137,0.15262873154857226,0.13749832287742716,0.1346216440378701,0.14544653454530304,0.13104510572376346,0.13716963008183838,0.142794630539426,0.1448164989611397,0.14143820784203753,0.13017916734201468,0.11524668608632034,0.11637131433908053,0.12352268969220143,0.11871967041884064,0.1054774129971627,0.09865577358121641,0.09388302187451485,0.10331478492434726,0.10987680482791584,0.105053167605407,0.08072853742047738,0.05490467752773111,0.05252718154139267,0.03718729072607281,0.035615165608390155,0.02608066723799343,0.04188864470304475,0.030132448897998976,0.005346743940881675,0,0,0,0,0,0,0,0,0,0,0,0,0,0,0,0,0,0,0,0,0,0,0,0,0,0,0,0,0,0,0,0,0,0,0,0,0,0,0,0,0,0,0,0,0,0,0,0,0,0,0
0.31014219504035656,0.24459795404799614,0.2625578224105034,0.22425288498803847,0.21671316114606431,0.24692590707663456,0.25589237796969916,0.26385946967677987,0.2475988185183217,0.23921188139546312,0.2293027425108559,0.21691638337056726,0.2101236290631199,0.20125213381147977,0.17520165312320404,0.17151827377336396,0.16865882187953696,0.1736568467680815,0.16683936309683808,0.16077648247300613,0.1521548743822141,0.1593094170251878,0.155138489602319,0.14946957679946005,0.15045851009085104,0.13190310242942874,0.12235243380331641,0.12302820095246306,0.11839302985637423,0.10748773250286837,0.09187580762629435,0.0839947692702326,0.08447529775698961,0.10374948575937827,0.10155310159659994,0.08324302390767628,0.07858205228733078,0.07448116522907323,0.07802947520623099,0.07430377826520324,0.0870329040661522,0.065854984833321,0.03520536586223496,0.03153681159084278,0.021028135540878835,0.013819837201951646,0.007760242824309038,0,0,0,0,0,0,0,0,0,0,0,0,0,0,0,0,0,0,0,0,0,0,0,0,0,0,0,0,0,0,0,0,0,0,0,0,0,0,0,0,0,0,0,0,0,0,0,0,0,0,0,0,0,0
0.3642838630264422,0.2412029613260472,0.22750206682557755,0.1917984295144486,0.20791180392572375,0.19636632993561945,0.18647970026900232,0.17954760172938508,0.18431994538221394,0.17952448762518997,0.18758396177840597,0.1680246313272396,0.1608712090180686,0.1618622868996566,0.12869406750531248,0.12430444912560869,0.11225663989303267,0.11391606532989924,0.10682586712635987,0.0951029052449881,0.09169293089855891,0.08216109048148917,0.07152578466974664,0.06702930609063162,0.08521996566782473,0.0717691066800069,0.058355784385748774,0.062329242486483326,0.06094508820101924,0.059793013691808596,0.04579952212898285,0.02554891176015535,0.02089977156809142,0.0200306289757298,0.01172095746857733,0,0,0,0,0,0,0,0,0,0,0,0,0,0,0,0,0,0,0,0,0,0,0,0,0,0,0,0,0,0,0,0,0,0,0,0,0,0,0,0,0,0,0,0,0,0,0,0,0,0,0,0,0,0,0,0,0,0,0,0,0,0,0,0,0,0
0.2873286956035478,0.1758744351669664,0.23703091400087745,0.22593956293023496,0.21484889269438529,0.2107907780945677,0.19704112306572477,0.21253004574744236,0.21726827761955908,0.20639959825124754,0.20447828862154263,0.19485305617835758,0.19442509736446292,0.1946804406150336,0.16914239381197288,0.16925925830776212,0.16656499844510494,0.16478476972961256,0.15927873524439928,0.14816168077849035,0.1396545117411515,0.13244731623851522,0.11660188834028687,0.12191626967892673,0.12154314801251932,0.10152181952505306,0.08829151636753992,0.08416441600896053,0.086615508932626,0.07185640189623795,0.060830382389558096,0.05697970583611876,0.04931905421634336,0.03840260780481085,0.04838808846295172,0.030352502057399606,0.020537935835076845,0.011627349173619945,0,0.015297026051010609,0.05954449218069318,0.03799483701894947,0.011244294051993755,0.0038267401942502187,0.0003500409796195896,0,0,0,0,0,0,0,0,0,0,0,0,0,0,0,0,0,0,0,0,0,0,0,0,0,0,0,0,0,0,0,0,0,0,0,0,0,0,0,0,0,0,0,0,0,0,0,0,0,0,0,0,0,0,0,0
0.12900663546910285,0.08167132489989226,0.1377490241865534,0.08353110234746211,0.07186139216321763,0.05455063376260227,0.04744715743962186,0.045476680221954724,0.04484899605385486,0.046587198395909836,0.04417082166687204,0.03886065256162361,0.03191128697351908,0.04161531157280096,0.002101106767426384,0.00020402998583206696,0,0,0,0,0,0,0,0,0,0,0,0,0,0,0,0,0,0,0,0,0,0,0,0,0,0,0,0,0,0,0,0,0,0,0,0,0,0,0,0,0,0,0,0,0,0,0,0,0,0,0,0,0,0,0,0,0,0,0,0,0,0,0,0,0,0,0,0,0,0,0,0,0,0,0,0,0,0,0,0,0,0,0,0,0
0,0.019046618501480823,0,0.010153674786731768,0,0,0,0,0,0,0,0,0,0,0,0,0,0,0,0,0,0,0,0,0,0,0,0,0,0,0,0,0,0,0,0,0,0,0,0,0,0,0,0,0,0,0,0,0,0,0,0,0,0,0,0,0,0,0,0,0,0,0,0,0,0,0,0,0,0,0,0,0,0,0,0,0,0,0,0,0,0,0,0,0,0,0,0,0,0,0,0,0,0,0,0,0,0,0,0,0
0.3270631388744858,0.18943970283364522,0.17417275125511447,0.12873112408806422,0.11517724998159155,0.09813345676778673,0.08354516270624658,0.11867642443699741,0.09653133778116364,0.09705181989295947,0.08815102310690351,0.11230084101794954,0.10255124545645031,0.1314170843802262,0.09998023923402388,0.09392078682653177,0.08477682575049682,0.08613369455044488,0.093919575001333,0.08353540430315146,0.07372674017028748,0.0619893192005808,0.04789475869504047,0.04300337265246806,0.04886553615617648,0.02614570608958764,0.010874150559676344,0.006178453280265427,0.0043715327002371174,0,0,0,0,0,0,0,0,0,0,0,0,0,0,0,0,0,0,0,0,0,0,0,0,0,0,0,0,0,0,0,0,0,0,0,0,0,0,0,0,0,0,0,0,0,0,0,0,0,0,0,0,0,0,0,0,0,0,0,0,0,0,0,0,0,0,0,0,0,0,0,0
0.025908184463429972,0.04189831106486627,0.036132834003741364,0.008270899106157574,0.009939917324002852,0.019961300355683234,0.07493519952715735,0.07261658004166442,0.04737735145434491,0.03140608220300183,0.02130508068302578,0,0,0,0,0,0,0,0,0,0,0,0,0,0,0,0,0,0,0,0,0,0,0,0,0,0,0,0,0,0,0,0,0,0,0,0,0,0,0,0,0,0,0,0,0,0,0,0,0,0,0,0,0,0,0,0,0,0,0,0,0,0,0,0,0,0,0,0,0,0,0,0,0,0,0,0,0,0,0,0,0,0,0,0,0,0,0,0,0,0
0,0.00873888279377976,0.01916659643732572,0,0,0,0,0,0,0,0,0,0,0,0,0,0,0,0,0,0,0,0,0,0,0,0,0,0,0,0,0,0,0,0,0,0,0,0,0,0,0,0,0,0,0,0,0,0,0,0,0,0,0,0,0,0,0,0,0,0,0,0,0,0,0,0,0,0,0,0,0,0,0,0,0,0,0,0,0,0,0,0,0,0,0,0,0,0,0,0,0,0,0,0,0,0,0,0,0,0
0.18629908151313807,0.18072989339903373,0.18968277177483708,0.15272708869567708,0.15140221701718887,0.13691849073887205,0.1334706047852096,0.13216949452445745,0.1621836734177863,0.14949405606200775,0.17192825534010628,0.15820077154760803,0.15526081081935408,0.15046500176434496,0.11899345517306494,0.11304984973258528,0.10059346460209995,0.11495365372452758,0.10030977943070753,0.09246151285956077,0.08654699505761403,0.07812892251299915,0.06374024380064042,0.05846305008325414,0.05644190500374308,0.039733612460192344,0.03369479004666708,0.038942640086784726,0.03937239963544679,0.018612813547593882,0.015755993686763527,0.0010710905602480721,0,0,0.017642778114932204,0,0,0,0,0,0,0,0,0,0,0,0,0,0,0,0,0,0,0,0,0,0,0,0,0,0,0,0,0,0,0,0,0,0,0,0,0,0,0,0,0,0,0,0,0,0,0,0,0,0,0,0,0,0,0,0,0,0,0,0,0,0,0,0,0,0
0,0,0.04152688893470374,0.008270899106157574,0.02179289572417605,0.006402740656597417,0.024940931100558505,0.017702695541697063,0.003874977103992107,0,0,0,0,0,0,0,0,0,0,0,0,0,0,0,0,0,0,0,0,0,0,0,0,0,0,0,0,0,0,0,0,0,0,0,0,0,0,0,0,0,0,0,0,0,0,0,0,0,0,0,0,0,0,0,0,0,0,0,0,0,0,0,0,0,0,0,0,0,0,0,0,0,0,0,0,0,0,0,0,0,0,0,0,0,0,0,0,0,0,0,0
0.3609919355694313,0.2560504929594166,0.2419145901151198,0.2424675996392486,0.23207618572957972,0.2279183140886553,0.2182837020509104,0.21853021008317963,0.216053723604695,0.20091529839055475,0.20236314445840073,0.18833256372867035,0.18781386173842513,0.1887772483527519,0.15492603569345983,0.14702274994959486,0.14443127409104226,0.14882693364539115,0.14737552368231163,0.14153981509448574,0.1327356882648754,0.11768575595009063,0.10501704118377057,0.11476446736681342,0.11360368088936923,0.10897046995312241,0.10288042316746626,0.09936634260514551,0.10643806960551873,0.09276477937166479,0.07692876207706399,0.056703831238033256,0.04831283761225132,0.04954704258022483,0.041299156314767375,0.02786424932276952,0.027839731681153453,0.019667063735193124,0.008876203727174093,0.001964639557766951,0,0,0,0,0,0,0,0,0,0,0,0,0,0,0,0,0,0,0,0,0,0,0,0,0,0,0,0,0,0,0,0,0,0,0,0,0,0,0,0,0,0,0,0,0,0,0,0,0,0,0,0,0,0,0,0,0,0,0,0,0
0.1522554477848028,0.12014865958508908,0.11299175123438794,0.06501432401775356,0.07495387081349533,0.0662613452655644,0.05747699721779617,0.05842328416546511,0.058926391073420875,0.044854338216200815,0.06277071974405457,0.06052460129397666,0.09506706604284061,0.10011740692796042,0.07140617306382452,0.06505619811378917,0.05810013147372907,0.0525599885628644,0.04674109044366272,0.040235815317175655,0.033460237405482166,0.016589627819395228,0,0,0,0,0,0,0,0,0,0,0,0,0,0.010135931952660788,0.0012011366477198684,0,0,0,0,0,0,0,0,0,0,0,0,0,0,0,0,0,0,0,0,0,0,0,0,0,0,0,0,0,0,0,0,0,0,0,0,0,0,0,0,0,0,0,0,0,0,0,0,0,0,0,0,0,0,0,0,0,0,0,0,0,0,0,0
0.13388094410677423,0.12744800464993633,0.11619600111560482,0.08152137120368322,0.07055126540245181,0.058172640401781356,0.09462081054897784,0.0935685087366391,0.08063024303246114,0.06972915867121084,0.06294003571384968,0.042943424012533475,0.04303348335226711,0.05051135897268269,0.013496119668662706,0.0054628692382995845,0,0,0,0,0,0,0,0,0,0,0,0,0,0,0,0,0,0,0,0,0,0,0,0,0,0,0,0,0,0,0,0,0,0,0,0,0,0,0,0,0,0,0,0,0,0,0,0,0,0,0,0,0,0,0,0,0,0,0,0,0,0,0,0,0,0,0,0,0,0,0,0,0,0,0,0,0,0,0,0,0,0,0,0,0
0.32177705444985644,0.21015386485195792,0.20061618794745098,0.1496379008292283,0.15033305752975562,0.20940456080167547,0.20129729133687,0.22603146982626798,0.22444859603842798,0.2165487378044073,0.2109147536413694,0.1948011235977929,0.19339328626387303,0.18557008172358874,0.15258395779484082,0.14782160880420367,0.1359520722240658,0.13719577287198928,0.13707457527747907,0.1325794021500821,0.13033807979618064,0.12978056655972117,0.11492776445151914,0.12386316971766652,0.1218058917616835,0.11834841475298027,0.10497574537368587,0.10780184899265743,0.10998301495046722,0.0976209695885388,0.10214981280020563,0.08210406006039628,0.0750665502230859,0.06882080187677338,0.06439848557877212,0.04498679871440612,0.04478854902835473,0.056917993730656605,0.046636771671298316,0.054855203696772145,0.051555696619637895,0.04619216764293827,0.023456668131074578,0.015409335737865161,0,0,0,0,0,0,0,0,0,0,0,0,0,0,0,0,0,0,0,0,0,0,0,0,0,0,0,0,0,0,0,0,0,0,0,0,0,0,0,0,0,0,0,0,0,0,0,0,0,0,0,0,0,0,0,0,0
0.3173181224049457,0.2002860173009936,0.23505241692370357,0.2111305958165896,0.2110410192674699,0.19548459223637898,0.21213479835736845,0.22033479568158146,0.21939266178698702,0.20337475093495241,0.1916814775403602,0.17808933149338768,0.17352857439205543,0.178389133852206,0.14667257018400232,0.15316905591323754,0.14467945312406805,0.14351041134777198,0.12834799631290844,0.12243542067894733,0.11615744891757028,0.10700565842776277,0.10218537033486941,0.10184172973108034,0.10998617883458922,0.09053742255720153,0.08054079093371767,0.09011393298047328,0.09005475236892392,0.08075950396390816,0.08493122364696688,0.06431815383801157,0.059401437094955774,0.05342021258832968,0.05254275049432342,0.03385523795719201,0.028040838402616012,0.019667063735193124,0.01733275473280559,0.02453601451373707,0.06119001732046166,0.03608511095119573,0.004996528322463863,0,0,0,0,0,0,0,0,0,0,0,0,0,0,0,0,0,0,0,0,0,0,0,0,0,0,0,0,0,0,0,0,0,0,0,0,0,0,0,0,0,0,0,0,0,0,0,0,0,0,0,0,0,0,0,0,0,0
0.022170679361352162,0.13483573789163963,0.14633546756946308,0.1522190496860533,0.15481117775229034,0.14435072937060547,0.150619015115583,0.1571057441845749,0.1423614325917158,0.1455409823052968,0.1387324896083917,0.12845445944209732,0.12644768113120922,0.12392815437825391,0.10488888644248948,0.10022367972678682,0.09257856280554255,0.09752783384367991,0.08460389419780147,0.0808885861109778,0.07190595848091667,0.056301042154069336,0.04003616217487383,0.037575022395489974,0.037796996060343806,0.03458553989229253,0.03436613305110037,0.03202302075640841,0.028002984796671848,0.03086037534459562,0.02251505563968822,0.0015013851360693028,0.0008687978548284524,0.005978957946001153,0,0,0,0,0,0,0,0,0,0,0,0,0,0,0,0,0,0,0,0,0,0,0,0,0,0,0,0,0,0,0,0,0,0,0,0,0,0,0,0,0,0,0,0,0,0,0,0,0,0,0,0,0,0,0,0,0,0,0,0,0,0,0,0,0,0,0
0.18225400000276798,0.13066812016772525,0.1511680063214135,0.12170534245528969,0.1170755551850178,0.10689306635752333,0.09740317589651185,0.0889362109763739,0.0608980110802515,0.05154015054740753,0.08313886425723523,0.0655825272894955,0.05816431267138334,0.05803931819869237,0.030432426871028845,0.04427932558205114,0.03800172438556366,0.04605190422485934,0.03410394822373901,0.02462893288077027,0.028241025455394256,0.011849074545085402,0.003630741916025273,0.0016566751502772106,0,0,0,0,0,0,0,0,0,0,0,0,0,0,0,0,0,0,0,0,0,0,0,0,0,0,0,0,0,0,0,0,0,0,0,0,0,0,0,0,0,0,0,0,0,0,0,0,0,0,0,0,0,0,0,0,0,0,0,0,0,0,0,0,0,0,0,0,0,0,0,0,0,0,0,0,0
0.3051379824986322,0.20663241885690503,0.19136396463765318,0.1575885825549014,0.1761230119824567,0.17880230357300195,0.16986301523599212,0.1617398111805749,0.13788933556489352,0.13602887487447285,0.1274451749464202,0.11258126076159784,0.12042439272192326,0.11368859306628978,0.07610146432083184,0.06768498521354031,0.0627639312612428,0.05794581491312701,0.051755359109791524,0.04452674707165088,0.050016705258258916,0.039200935967766436,0.024533639742858833,0.02665918934019287,0.03352784980201008,0.018744218230393565,0.004085241696792556,0,0,0,0,0,0,0,0,0,0,0,0,0,0,0,0,0,0,0,0,0,0,0,0,0,0,0,0,0,0,0,0,0,0,0,0,0,0,0,0,0,0,0,0,0,0,0,0,0,0,0,0,0,0,0,0,0,0,0,0,0,0,0,0,0,0,0,0,0,0,0,0,0,0
0.3365463274484896,0.2569699333404371,0.26363950227497907,0.2685572974356137,0.2785305376482315,0.2707658237812263,0.261515560879647,0.25372290389390656,0.24292047023128852,0.23202140069565416,0.23065321738892158,0.21347621032617223,0.21382646609899097,0.20813241555872666,0.18069040953654122,0.17518416817349008,0.16473039823171082,0.16414673668753688,0.16125126551369529,0.16764817149239958,0.17249547628361736,0.15804800507910652,0.14335290991860739,0.14529560668452046,0.14635095417507532,0.1432630067990543,0.12953347981980667,0.13669332300730835,0.13377267646394964,0.11512883933998895,0.10233985434298996,0.08225886285849372,0.07591077697875184,0.07845632413027165,0.07234399993686934,0.05332931557003352,0.057861597949211155,0.05065903933936609,0.04165359761951305,0.046064628610619024,0.052841107609176485,0.047972836713365385,0.03635789728970799,0.0355142548923818,0.02142704728329865,0.010192720700880622,0,0,0,0,0,0,0,0,0,0,0,0,0,0,0,0,0,0,0,0,0,0,0,0,0,0,0,0,0,0,0,0,0,0,0,0,0,0,0,0,0,0,0,0,0,0,0,0,0,0,0,0,0,0,0
0,0.13748272609272733,0.1645160225462556,0.1405809934816053,0.1386462907939571,0.13581146454144374,0.13354472321679395,0.13995926589394966,0.12459124721502891,0.11902195501931438,0.10578396554531078,0.10016025392176879,0.09264610228404163,0.13773305004525463,0.10449052845103428,0.09921096611016311,0.08623496166721742,0.08238101650354329,0.0705778209250006,0.05999082432939636,0.04993415285772808,0.04079549747821691,0.03428200327499579,0.027978346405000194,0.027297329356115597,0.003704504568609837,0.014706586426179287,0.011354404038102022,0.025737515800801525,0.018612813547593882,0.012014969956106538,0.001579539164995035,0,0,0,0,0,0,0,0,0,0,0,0,0,0,0,0,0,0,0,0,0,0,0,0,0,0,0,0,0,0,0,0,0,0,0,0,0,0,0,0,0,0,0,0,0,0,0,0,0,0,0,0,0,0,0,0,0,0,0,0,0,0,0,0,0,0,0,0,0
0,0,0,0.010153674786731768,0,0,0,0,0,0,0,0,0,0,0,0,0,0,0,0,0,0,0,0,0,0,0,0,0,0,0,0,0,0,0,0,0,0,0,0,0,0,0,0,0,0,0,0,0,0,0,0,0,0,0,0,0,0,0,0,0,0,0,0,0,0,0,0,0,0,0,0,0,0,0,0,0,0,0,0,0,0,0,0,0,0,0,0,0,0,0,0,0,0,0,0,0,0,0,0,0
0.1479681214245331,0.13058131630802755,0.1367442350781664,0.09036213842107273,0.07515471321350221,0.06120641030247723,0.0683698380894324,0.08012910213484305,0.0830361070664292,0.06382043171772758,0.06125380417152269,0.07003931823569676,0.06207608178766846,0.05454978601642846,0.01699902426037361,0.025194444184885374,0.02280663199181057,0.03067297694285913,0.013274485681289475,0.007691365476827438,0,0,0,0,0,0,0,0,0,0,0,0,0,0,0,0,0,0,0,0,0,0,0,0,0,0,0,0,0,0,0,0,0,0,0,0,0,0,0,0,0,0,0,0,0,0,0,0,0,0,0,0,0,0,0,0,0,0,0,0,0,0,0,0,0,0,0,0,0,0,0,0,0,0,0,0,0,0,0,0,0
0,0.027842048706494604,0.13197696793963087,0.12827620205191165,0.15109558456261,0.19512795855131318,0.18647970026900232,0.18886050960977716,0.180235569625809,0.17491319608155678,0.1647090244115796,0.14829076104475378,0.16296561433254292,0.15918796302290628,0.12377485549580472,0.127540164161613,0.11726024509711908,0.11630044455834315,0.09959296561168599,0.09061452105167439,0.08734887173949456,0.07303565263738988,0.07966943428671648,0.07615280703936433,0.07615727039404346,0.07150952684536341,0.06928362962492951,0.06513883280362638,0.061565770501265125,0.05594251497467347,0.04945030737007559,0.04301229771511671,0.03393697096198883,0.020831539944624725,0.01979358252764403,0.004997595766674834,0,0,0,0,0.005993624238369747,0,0,0,0,0,0,0,0,0,0,0,0,0,0,0,0,0,0,0,0,0,0,0,0,0,0,0,0,0,0,0,0,0,0,0,0,0,0,0,0,0,0,0,0,0,0,0,0,0,0,0,0,0,0,0,0,0,0,0,0
0.02841922266881427,0,0.9123529193764309,0.9068718666355925,0.9054984043586392,0.9034593568001381,0.9019502839551072,0.9009394123180411,0.8979259649750515,0.8959824652175711,0.8945011247069813,0.8919636927516037,0.8908269993850634,0.8896872825298644,0.8849411011883427,0.8838000727503775,0.8820322099630326,0.8813898929270915,0.8792744685975241,0.8776568643862751,0.8763122000139371,0.8741916937266997,0.8719010558183705,0.870885055403751,0.8706914265022835,0.8676238552227642,0.8655038494670371,0.8648642100390576,0.8643870352950032,0.8614636361857111,0.8590449320441852,0.8558873181046164,0.85438184243943,0.8523526689940597,0.8513901120177891,0.8482977207724537,0.8467864200005714,0.8452845175245742,0.8433229571078229,0.8419937331104972,0.8405433476207083,0.8360517691461576,0.8307132263960845,0.8293929651879045,0.8259592255994174,0.8240221384390065,0.821793941211128,0.8197344879989764,0.8158473184606695,0.8102249882921685,0.8089321545328223,0.7980185713997001,0.7914263170532843,0.7621396897106583,0,0,0,0,0,0,0,0,0,0,0,0,0,0,0,0,0,0,0,0,0,0,0,0,0,0,0,0,0,0,0,0,0,0,0,0,0,0,0,0,0,0,0,0,0,0,0
0.3731971742725093,0.24414186757621087,0.23877545030387345,0.19171417595789775,0.18690108036148745,0.21121221160919096,0.19934479156908513,0.19253012816487025,0.17321593791906306,0.1633360574121525,0.15362401859677413,0.14182118935413213,0.1515684470328444,0.14429608334095875,0.11134820913990956,0.10294039808638408,0.09596117952597732,0.0920017412517335,0.1054013949286438,0.09533760532967443,0.09482991816830476,0.09512769194766355,0.07951959693149521,0.07631306849088085,0.08501004970964911,0.06484865600238371,0.05527660931420992,0.055962723465799044,0.05166344243981293,0.03246438315032883,0.020941256858448238,0,0.010922045265406449,0,0,0,0,0,0,0,0,0,0,0,0,0,0,0,0,0,0,0,0,0,0,0,0,0,0,0,0,0,0,0,0,0,0,0,0,0,0,0,0,0,0,0,0,0,0,0,0,0,0,0,0,0,0,0,0,0,0,0,0,0,0,0,0,0,0,0,0
0,0,0.11685752556977658,0.06501432401775356,0.08005799882530322,0.06813514432378551,0.09109728225770977,0.08155196206479391,0.07157916601972979,0.07685535205559295,0.06737490243202446,0.08956727715624067,0.10269886375515619,0.09752284435693959,0.06974726214379706,0.07840962781383952,0.06980594043859435,0.0722138628604391,0.05956269086755843,0.050556263391781035,0.07604366292797493,0.07946000827691112,0.06276404602617976,0.0640286149170606,0.070415991620965,0.05450445449500232,0.041340109347672675,0.04142281406639516,0.03695295928179944,0.023910886850190577,0.03378613224003009,0.014597744579524657,0.008202704499349206,0.010043754338938334,0.0031202440707550224,0.023094681012904836,0.016734948680112046,0.012644002823662457,0.0013192988151865693,0,0,0,0,0,0,0,0,0,0,0,0,0,0,0,0,0,0,0,0,0,0,0,0,0,0,0,0,0,0,0,0,0,0,0,0,0,0,0,0,0,0,0,0,0,0,0,0,0,0,0,0,0,0,0,0,0,0,0,0,0,0
0,0,0,0.008270899106157574,0,0,0,0,0,0,0,0,0,0,0,0,0,0,0,0,0,0,0,0,0,0,0,0,0,0,0,0,0,0,0,0,0,0,0,0,0,0,0,0,0,0,0,0,0,0,0,0,0,0,0,0,0,0,0,0,0,0,0,0,0,0,0,0,0,0,0,0,0,0,0,0,0,0,0,0,0,0,0,0,0,0,0,0,0,0,0,0,0,0,0,0,0,0,0,0,0
0.45973773996005307,0.4040542117637977,0.40036319820721994,0.3863997433900347,0.4094268796911465,0.41028900693120346,0.4006956756345851,0.40097826433292155,0.3858522863038768,0.37814487529943275,0.3751614739344897,0.3635582482759423,0.3731260459653328,0.36771510446627076,0.3444928238252935,0.3389957605046562,0.33956383517532407,0.33599950181883204,0.32638146679020325,0.31873930668000644,0.3179255187914968,0.31636117105558503,0.3094141564476058,0.3093361649229073,0.31107420011766795,0.2943119745656575,0.2834096390902094,0.2830819003074607,0.27982229171445294,0.26500638755281203,0.26663192510974765,0.2519666035268486,0.24496677151582563,0.237744889040061,0.23113687107041933,0.21946814725504402,0.21208438408907312,0.20595068670682878,0.2206284567625182,0.223444806677241,0.21974016949132447,0.2019996147292774,0.1847790002109607,0.17738679849954492,0.17152279479945876,0.20379792418765028,0.19352715558779715,0.18316027800190454,0.17011065648974705,0.1521646015578928,0.1654625560676456,0.13059088071397368,0.12005142211199507,0,0,0,0,0,0,0,0,0,0,0,0,0,0,0,0,0,0,0,0,0,0,0,0,0,0,0,0,0,0,0,0,0,0,0,0,0,0,0,0,0,0,0,0,0,0,0,0
0,0.14498388111945676,0.19972700313487923,0.1575885825549014,0.1710891411400193,0.15406858698325415,0.14744480706245594,0.15164551629275116,0.14296870318186486,0.12690612224280748,0.12631455833515925,0.12835131465170552,0.11977120983683849,0.11098903096227923,0.07876016430340985,0.07492235874241933,0.07030278062155067,0.06485700006325734,0.06298751042162204,0.05173315735952583,0.05123414231617546,0.04206093294109461,0.039545573634346305,0.03202644573748776,0.03643900803848347,0.020027674875782508,0.005429477280283802,0.006256787912728811,0.025737515800801525,0.006941217947916134,0,0,0,0,0,0,0,0,0,0,0,0,0,0,0,0,0,0,0,0,0,0,0,0,0,0,0,0,0,0,0,0,0,0,0,0,0,0,0,0,0,0,0,0,0,0,0,0,0,0,0,0,0,0,0,0,0,0,0,0,0,0,0,0,0,0,0,0,0,0,0
0.016487815517096837,0,0.11685752556977658,0.0753729173825586,0.08828120683183263,0.07359838509402772,0.09053759188629724,0.1050664189338197,0.07853339535836523,0.06652876311631194,0.0616827226503699,0.040058688410445575,0.03765682328006333,0.03891961262512341,0,0,0.021512676012161287,0.020600673234970886,0.013998341089741533,0.008020501858012664,0,0,0,0,0,0,0,0,0,0,0,0,0,0,0,0,0,0,0,0,0,0,0,0,0,0,0,0,0,0,0,0,0,0,0,0,0,0,0,0,0,0,0,0,0,0,0,0,0,0,0,0,0,0,0,0,0,0,0,0,0,0,0,0,0,0,0,0,0,0,0,0,0,0,0,0,0,0,0,0,0
0.32723277581845345,0.2059026691059439,0.207828927444161,0.16110408307703886,0.1520504106758851,0.134551810339168,0.13061664465956754,0.14716047480841007,0.14137834270738647,0.1375881284862887,0.12490241974363282,0.11026699342017304,0.11207432101616824,0.10406390974358548,0.08391155939893329,0.07771386303607727,0.07591455282337958,0.07406926264709814,0.06120624553781651,0.05418627878709126,0.04539258605216137,0.03264479743442552,0.016300041379657917,0.02746326286144516,0.03002816025667023,0.016700992962562913,0.002863673416323459,0,0,0,0,0,0,0,0,0,0,0,0,0,0,0,0,0,0,0,0,0,0,0,0,0,0,0,0,0,0,0,0,0,0,0,0,0,0,0,0,0,0,0,0,0,0,0,0,0,0,0,0,0,0,0,0,0,0,0,0,0,0,0,0,0,0,0,0,0,0,0,0,0,0
0.12119966638482539,0.03263786639528001,0.034745225173668966,0.03747471262521022,0.03435205988596291,0.016041399093643986,0.000030073087843730535,0,0,0,0,0,0,0,0,0,0,0,0,0,0,0,0,0,0,0,0,0,0,0,0,0,0,0,0,0,0,0,0,0,0,0,0,0,0,0,0,0,0,0,0,0,0,0,0,0,0,0,0,0,0,0,0,0,0,0,0,0,0,0,0,0,0,0,0,0,0,0,0,0,0,0,0,0,0,0,0,0,0,0,0,0,0,0,0,0,0,0,0,0,0
0,0,0.9151227473105428,0.9096815749090515,0.9084298187339195,0.9064662385366111,0.9049897297316641,0.9040507823908077,0.9011503697403023,0.8991267026685302,0.8976798486430259,0.8951966501747168,0.8943316259638521,0.89318897200497,0.8886537296483982,0.8874556600651883,0.8858625137590512,0.8852336343486196,0.8832866605831377,0.8819610089535869,0.8806497001003005,0.8785919233254733,0.876379668945123,0.8754309968264974,0.8753127396409851,0.8722986146840719,0.8702657042613126,0.8695728979359224,0.8689769493617897,0.8661577345815742,0.8638203806724155,0.8608121461546765,0.8596949933046303,0.857868580670907,0.8566519329103243,0.8535516533014268,0.8520744267828517,0.8506280979569223,0.8487545710095904,0.8475684863902881,0.8468505758439813,0.8423509662414387,0.8374185169651355,0.836094693702791,0.8331558179403349,0.831233834011966,0.8290802607169965,0.8269943785816973,0.8231910042101865,0.8182940513190278,0.8169950770170442,0.8065451605366316,0.800724422689982,0.7717060053629082,0.032072357503124906,0.02787152086103323,0,0,0,0,0,0,0,0,0,0,0,0,0,0,0,0,0,0,0,0,0,0,0,0,0,0,0,0,0,0,0,0,0,0,0,0,0,0,0,0,0,0,0,0,0
0.1859373719251472,0.12744800464993633,0.12205036887362518,0.0937536152800441,0.0843838454476464,0.08977933407529443,0.08354516270624658,0.08583636251957985,0.06568257178424093,0.07720462162769036,0.07509593678210559,0.054813982051677854,0.07674322689234643,0.07673814889960794,0.03975818170068372,0.03755969387814944,0.02280663199181057,0.02011450487176695,0.003953262979135307,0,0.0032072288250804435,0,0,0,0,0,0,0,0,0,0,0,0,0,0,0,0,0,0,0,0,0,0,0,0,0,0,0,0,0,0,0,0,0,0,0,0,0,0,0,0,0,0,0,0,0,0,0,0,0,0,0,0,0,0,0,0,0,0,0,0,0,0,0,0,0,0,0,0,0,0,0,0,0,0,0,0,0,0,0,0
0.1935591036984079,0.13374807687595106,0.12000632213666958,0.06479900171936737,0.07255008820484272,0.10887361586856721,0.10081648865036025,0.10847132149899734,0.09387771059876696,0.08019830413125463,0.0746108437457191,0.052826458805466804,0.05761881178694946,0.04710296102033206,0.00888769593335949,0,0.0006551573914953296,0,0,0,0,0,0,0,0,0,0,0,0,0,0,0,0,0,0,0,0,0,0,0,0,0,0,0,0,0,0,0,0,0,0,0,0,0,0,0,0,0,0,0,0,0,0,0,0,0,0,0,0,0,0,0,0,0,0,0,0,0,0,0,0,0,0,0,0,0,0,0,0,0,0,0,0,0,0,0,0,0,0,0,0
0.031464090767843615,0.13286615933796617,0.127659466253183,0.08762779286857637,0.07464298903190994,0.08332296812559777,0.0705846458926406,0.06121393104331373,0.03186894597592541,0.02854750008232243,0.04198555004587556,0.020217852534306854,0.010967331825434983,0,0,0,0,0,0,0,0,0,0,0,0,0,0,0,0,0,0,0,0,0,0,0,0,0,0,0,0,0,0,0,0,0,0,0,0,0,0,0,0,0,0,0,0,0,0,0,0,0,0,0,0,0,0,0,0,0,0,0,0,0,0,0,0,0,0,0,0,0,0,0,0,0,0,0,0,0,0,0,0,0,0,0,0,0,0,0,0
0.4158861847801636,0.32697189565628854,0.3363635666495921,0.3127700418452899,0.3324448788319875,0.3196670778807427,0.3221902956722841,0.31766938928881266,0.30202644517894983,0.2955342396236851,0.294789214984534,0.28231994757366063,0.2796150986884024,0.27756978639544067,0.24781181228221977,0.24385537240132618,0.23525203180580978,0.24213124985268192,0.22776176533834278,0.223483657597255,0.21494237963965462,0.21189452155764785,0.1978524141896997,0.19789698853999607,0.20349223109588976,0.1906342308734299,0.18914776896163876,0.18599293244841883,0.18341410669447925,0.16613617574165268,0.15408511847222553,0.14485827370829768,0.1386605404792785,0.12670122338197257,0.12100173777079569,0.10285314208720107,0.10142183976784204,0.09251044075339866,0.08399567000615844,0.08015068659615354,0.07556309718942127,0.06075250066181189,0.03216807562593954,0.045310108261378754,0.027004456488288184,0.022472054335568595,0.011542069185962784,0.005590919138143803,0,0,0,0,0,0,0,0,0,0,0,0,0,0,0,0,0,0,0,0,0,0,0,0,0,0,0,0,0,0,0,0,0,0,0,0,0,0,0,0,0,0,0,0,0,0,0,0,0,0,0,0,0
0,0,0,0.015529387042249094,0.03435205988596291,0.029200594236690983,0.04308746874695943,0.05742137070840152,0.029092862595119045,0.010918935972122826,0,0,0,0,0,0,0,0,0,0,0,0,0,0,0,0,0,0,0,0,0,0,0,0,0,0,0,0,0,0,0,0,0,0,0,0,0,0,0,0,0,0,0,0,0,0,0,0,0,0,0,0,0,0,0,0,0,0,0,0,0,0,0,0,0,0,0,0,0,0,0,0,0,0,0,0,0,0,0,0,0,0,0,0,0,0,0,0,0,0,0
0,0,0,0,0,0,0,0,0,0,0,0,0,0,0,0,0,0,0,0,0,0,0,0,0,0,0,0,0,0,0,0,0,0,0,0,0,0,0,0,0,0,0,0,0,0,0,0,0,0,0,0,0,0,0,0,0,0,0,0,0,0,0,0,0,0,0,0,0,0,0,0,0,0,0,0,0,0,0,0,0,0,0,0,0,0,0,0,0,0,0,0,0,0,0,0,0,0,0,0,0
0,0.0004187102688096739,0,0,0,0.007176615629737751,0,0.0011398816586405567,0,0.021452480144373492,0.017957338854745944,0.0027721443355637966,0,0,0,0,0,0,0,0,0,0,0,0,0,0,0,0,0,0,0,0,0,0,0,0,0,0,0,0,0,0,0,0,0,0,0,0,0,0,0,0,0,0,0,0,0,0,0,0,0,0,0,0,0,0,0,0,0,0,0,0,0,0,0,0,0,0,0,0,0,0,0,0,0,0,0,0,0,0,0,0,0,0,0,0,0,0,0,0,0
0.10533275011774519,0.1344738811979172,0.19059757677639705,0.22382790967040375,0.23739853053968335,0.22199656192154324,0.2187060137659628,0.2138379970132008,0.19782628571882632,0.18113879503220143,0.1789770608998693,0.1652531260072115,0.15714666875726285,0.15047636710749787,0.11561190083554092,0.10962594828414259,0.10261166364923144,0.11861485371433461,0.10333765248204048,0.10238059849947771,0.09297279812234618,0.09609011482541789,0.08153941484910929,0.09665209555205342,0.09605837974412773,0.08366099497587091,0.06969619428185105,0.06469008513236399,0.06492093038013148,0.05064061031028235,0.04129718756730516,0.029631998053997917,0.01925319874892583,0.030210279492516725,0.02471901273101729,0.008539253636420338,0.010046597639201326,0.007821882065319275,0.008479940030040567,0.0005401522716592339,0,0,0,0,0,0,0,0,0,0,0,0,0,0,0,0,0,0,0,0,0,0,0,0,0,0,0,0,0,0,0,0,0,0,0,0,0,0,0,0,0,0,0,0,0,0,0,0,0,0,0,0,0,0,0,0,0,0,0,0,0
0,0,0.11685752556977658,0.059267531496589775,0.046850221862810376,0.034419051763695994,0.03456234400772685,0.030902801533908363,0.013558304473211233,0,0,0,0,0,0,0,0,0,0,0,0,0,0,0,0,0,0,0,0,0,0,0,0,0,0,0,0,0,0,0,0,0,0,0,0,0,0,0,0,0,0,0,0,0,0,0,0,0,0,0,0,0,0,0,0,0,0,0,0,0,0,0,0,0,0,0,0,0,0,0,0,0,0,0,0,0,0,0,0,0,0,0,0,0,0,0,0,0,0,0,0
0.09530325178745869,0.11488457050367631,0.11415332736542787,0.06882548217452479,0.06014802535385948,0.07723249471097185,0.07210371566734423,0.06861664142935305,0.05423158497264409,0.0675210062828306,0.07694099702521214,0.05811372866249309,0.06852077837719449,0.06954168636408914,0.034885083367344645,0.025826523989132273,0.019197411536527688,0.05253622212270922,0.04937312781385222,0.037143039183549005,0.029050823812146447,0.017915246035400584,0.01056216830799112,0.008531875924974555,0.011034858233937721,0.007350240818056549,0,0,0,0,0,0,0,0,0,0,0,0,0,0,0,0,0,0,0,0,0,0,0,0,0,0,0,0,0,0,0,0,0,0,0,0,0,0,0,0,0,0,0,0,0,0,0,0,0,0,0,0,0,0,0,0,0,0,0,0,0,0,0,0,0,0,0,0,0,0,0,0,0,0,0
0.047697889923041234,0.019859692626987214,0.09562634111872002,0.06439827500595713,0.05006045590495602,0.05316741759194466,0.04974693513140259,0.050302834899746685,0.03419843286261681,0.02253669084804316,0.011422732262301808,0,0.046532388329778754,0.03790598504103629,0.00358339145450378,0.00434622258602859,0,0,0,0,0,0,0,0,0,0,0,0,0,0,0,0,0,0,0,0,0,0,0,0,0,0,0,0,0,0,0,0,0,0,0,0,0,0,0,0,0,0,0,0,0,0,0,0,0,0,0,0,0,0,0,0,0,0,0,0,0,0,0,0,0,0,0,0,0,0,0,0,0,0,0,0,0,0,0,0,0,0,0,0,0
0.13692309743412207,0.11358692400404603,0.12968747159006433,0.11883284790408703,0.12829384023500556,0.12214162835860139,0.1272363328428446,0.13038413816806757,0.10673505019512754,0.10114938958655464,0.09209431171067872,0.07185576637093558,0.06908721722161172,0.07736559043665514,0.041114504791227455,0.041159923628479124,0.03569099771709876,0.03419602039693092,0.021081400730918572,0.021196224458260627,0.034634762054477915,0.021385508591504857,0.0069103278467514675,0.004089118680458227,0.0022393037094466535,0,0,0,0,0,0,0,0,0,0,0,0,0,0,0,0,0,0,0,0,0,0,0,0,0,0,0,0,0,0,0,0,0,0,0,0,0,0,0,0,0,0,0,0,0,0,0,0,0,0,0,0,0,0,0,0,0,0,0,0,0,0,0,0,0,0,0,0,0,0,0,0,0,0,0,0
0.3093476646082677,0.23161518104106615,0.2599833746964031,0.22759896357839424,0.21435863350570672,0.1987794493649493,0.19737044304123952,0.20035485859407265,0.17748229754089975,0.16714271529831076,0.1628927650396215,0.1512673537072257,0.1531245738842169,0.15106600187393654,0.12698099951895012,0.12412786418744019,0.12443567905946616,0.11975391788951499,0.10448524724110428,0.09485508983591541,0.09100068644016114,0.08452832159866781,0.06772599180407593,0.06519764737857404,0.07409007004166063,0.05191789307430467,0.05336565593748491,0.05490011340184375,0.06805185842707911,0.05336067189736339,0.04685507266746768,0.02554891176015535,0.03212935140264368,0.035337505884740515,0.030281662308098305,0.022545687651546673,0.013091553838996938,0.022635956619480573,0.048482773447196724,0.05787112651267727,0.052959725844491067,0.02554387496557774,0,0,0,0,0,0,0,0,0,0,0,0,0,0,0,0,0,0,0,0,0,0,0,0,0,0,0,0,0,0,0,0,0,0,0,0,0,0,0,0,0,0,0,0,0,0,0,0,0,0,0,0,0,0,0,0,0,0,0
0.3254044693280721,0.19573137884312403,0.1873885030179796,0.20925111572416286,0.2185945049346207,0.21003121028993416,0.19766604732782472,0.18960279742333816,0.16728787225842268,0.16241276510774716,0.16452120837367573,0.15130763628070132,0.14479555627324853,0.14889180630840737,0.11227710804708575,0.127540164161613,0.11665696300715173,0.11911161206222559,0.11684342894495645,0.10543225903565352,0.09975669838021152,0.0846725123887591,0.08153941484910929,0.07653541625263797,0.07631431526701153,0.05989421579506308,0.06516674240893923,0.07364302367335018,0.07037418338522743,0.05312731004266422,0.03818226804886507,0.022987633310039782,0.01862318652542294,0.015414828353305184,0.01767706668334471,0.0018383812694421932,0,0,0,0,0,0,0,0,0,0,0,0,0,0,0,0,0,0,0,0,0,0,0,0,0,0,0,0,0,0,0,0,0,0,0,0,0,0,0,0,0,0,0,0,0,0,0,0,0,0,0,0,0,0,0,0,0,0,0,0,0,0,0,0,0
0.33796635740313863,0.2156201788702984,0.24580701507392766,0.2093485470222667,0.203043748020745,0.19889121911852722,0.18662070967601713,0.22701731000621672,0.27110095737304646,0.2629252778776298,0.27047390949567346,0.2607647108295107,0.2597265015436454,0.2556606429910486,0.22829761257665834,0.22399467056655958,0.2172717220702391,0.2185225890435908,0.20403154215939287,0.1953722930614035,0.1884944303578994,0.19002880489355647,0.18224527945119637,0.17675128759782305,0.17701720258282763,0.15954602640676616,0.14614988248467942,0.14163208737331445,0.14173251079816895,0.12346363802853304,0.1079776682811237,0.0929913339553135,0.08378366498920123,0.07648213167718583,0.07793348493549497,0.07081215268838573,0.06698020173126264,0.05958019985870602,0.1032473277124825,0.09869740895656387,0.09813745902178331,0.07788609190860513,0.04844973274517907,0.04086571597364345,0.03350420979610533,0.037291499847036495,0.02682539578335909,0.027173624241209306,0.02509467263778598,0,0.05307863643670725,0,0,0,0,0,0,0,0,0,0,0,0,0,0,0,0,0,0,0,0,0,0,0,0,0,0,0,0,0,0,0,0,0,0,0,0,0,0,0,0,0,0,0,0,0,0,0,0,0,0
