0,0,0,0,0,0,0,0,0,0,0,0,0,0,0,0,0,0,0,0,0,0,0,0,0,0,0,0,0,0,0,0,0,0,0,0,0,0,0,0,0,0,0,0,0,0,0,0,0,0,0,0,0,0,0,0,0,0,0,0,0,0,0,0,0,0,0,0,0,0,0,0,0,0,0,0,0,0,0,0,0,0,0,0,0,0,0,0,0,0,0,0,0,0,0,0,0,0,0,0,0
0,0,0,0,0,0,0,0,0,0,0,0,0,0,0,0,0,0,0,0,0,0,0,0,0,0,0,0,0,0,0,0,0,0,0,0,0,0,0,0,0,0,0,0,0,0,0,0,0,0,0,0,0,0,0,0,0,0,0,0,0,0,0,0,0,0,0,0,0,0,0,0,0,0,0,0,0,0,0,0,0,0,0,0,0,0,0,0,0,0,0,0,0,0,0,0,0,0,0,0,0
0,0,0,0,0,0,0,0,0,0,0,0,0,0,0,0,0,0,0,0,0,0,0,0,0,0,0,0,0,0,0,0,0,0,0,0,0,0,0,0,0,0,0,0,0,0,0,0,0,0,0,0,0,0,0,0,0,0,0,0,0,0,0,0,0,0,0,0,0,0,0,0,0,0,0,0,0,0,0,0,0,0,0,0,0,0,0,0,0,0,0,0,0,0,0,0,0,0,0,0,0
0,0.4097015119329629,0,0,0,0,0,0,0,0,0,0,0,0,0,0,0,0,0,0,0,0,0,0,0,0,0,0,0,0,0,0,0,0,0,0,0,0,0,0,0,0,0,0,0,0,0,0,0,0,0,0,0,0,0,0,0,0,0,0,0,0,0,0,0,0,0,0,0,0,0,0,0,0,0,0,0,0,0,0,0,0,0,0,0,0,0,0,0,0,0,0,0,0,0,0,0,0,0,0,0
0,0.44163472780009955,0.03589374560711632,0,0,0,0,0,0,0,0,0,0,0,0,0,0,0,0,0,0,0,0,0,0,0,0,0,0,0,0,0,0,0,0,0,0,0,0,0,0,0,0,0,0,0,0,0,0,0,0,0,0,0,0,0,0,0,0,0,0,0,0,0,0,0,0,0,0,0,0,0,0,0,0,0,0,0,0,0,0,0,0,0,0,0,0,0,0,0,0,0,0,0,0,0,0,0,0,0,0
0,0.49121318781608003,0.08320759836842746,0.09028446355202047,0,0,0,0,0,0,0,0,0,0,0,0,0,0,0,0,0,0,0,0,0,0,0,0,0,0,0,0,0,0,0,0,0,0,0,0,0,0,0,0,0,0,0,0,0,0,0,0,0,0,0,0,0,0,0,0,0,0,0,0,0,0,0,0,0,0,0,0,0,0,0,0,0,0,0,0,0,0,0,0,0,0,0,0,0,0,0,0,0,0,0,0,0,0,0,0,0
0,0.5026158245686527,0.11967613103913845,0.13650587811670764,0.010203612089846973,0,0,0,0,0,0,0,0,0,0,0,0,0,0,0,0,0,0,0,0,0,0,0,0,0,0,0,0,0,0,0,0,0,0,0,0,0,0,0,0,0,0,0,0,0,0,0,0,0,0,0,0,0,0,0,0,0,0,0,0,0,0,0,0,0,0,0,0,0,0,0,0,0,0,0,0,0,0,0,0,0,0,0,0,0,0,0,0,0,0,0,0,0,0,0,0
0,0.530803319522051,0.13221158620451648,0.13650587811670764,0.016733986435335677,0.001964343523372455,0,0,0,0,0,0,0,0,0,0,0,0,0,0,0,0,0,0,0,0,0,0,0,0,0,0,0,0,0,0,0,0,0,0,0,0,0,0,0,0,0,0,0,0,0,0,0,0,0,0,0,0,0,0,0,0,0,0,0,0,0,0,0,0,0,0,0,0,0,0,0,0,0,0,0,0,0,0,0,0,0,0,0,0,0,0,0,0,0,0,0,0,0,0,0
0,0.530803319522051,0.13221158620451648,0.13650587811670764,0.02950125594881831,0.006834229905930428,0.02140329636826151,0,0,0,0,0,0,0,0,0,0,0,0,0,0,0,0,0,0,0,0,0,0,0,0,0,0,0,0,0,0,0,0,0,0,0,0,0,0,0,0,0,0,0,0,0,0,0,0,0,0,0,0,0,0,0,0,0,0,0,0,0,0,0,0,0,0,0,0,0,0,0,0,0,0,0,0,0,0,0,0,0,0,0,0,0,0,0,0,0,0,0,0,0,0
0,0.5316825544565152,0.13779286006641475,0.1384676146702379,0.07177814353727875,0.03503530111718535,0.028600353361701775,0,0,0,0,0,0,0,0,0,0,0,0,0,0,0,0,0,0,0,0,0,0,0,0,0,0,0,0,0,0,0,0,0,0,0,0,0,0,0,0,0,0,0,0,0,0,0,0,0,0,0,0,0,0,0,0,0,0,0,0,0,0,0,0,0,0,0,0,0,0,0,0,0,0,0,0,0,0,0,0,0,0,0,0,0,0,0,0,0,0,0,0,0,0
0,0.5424816668330907,0.1575404233249814,0.15125196553790235,0.09894598452852993,0.04108920900747232,0.05339052209335054,0.03708816487617969,0.0029350384968769546,0,0,0,0,0,0,0,0,0,0,0,0,0,0,0,0,0,0,0,0,0,0,0,0,0,0,0,0,0,0,0,0,0,0,0,0,0,0,0,0,0,0,0,0,0,0,0,0,0,0,0,0,0,0,0,0,0,0,0,0,0,0,0,0,0,0,0,0,0,0,0,0,0,0,0,0,0,0,0,0,0,0,0,0,0,0,0,0,0,0,0,0
0,0.5498409275875086,0.19198915471335726,0.22556031682023894,0.11551024746540774,0.07107221382163857,0.08855359955253132,0.039003132812075264,0.019532315302818484,0.03222747699367399,0,0,0,0,0,0,0,0,0,0,0,0,0,0,0,0,0,0,0,0,0,0,0,0,0,0,0,0,0,0,0,0,0,0,0,0,0,0,0,0,0,0,0,0,0,0,0,0,0,0,0,0,0,0,0,0,0,0,0,0,0,0,0,0,0,0,0,0,0,0,0,0,0,0,0,0,0,0,0,0,0,0,0,0,0,0,0,0,0,0,0
0,0.5644073839348392,0.23759396082883763,0.23314535120436686,0.12491593758570714,0.12791713567373506,0.12283803871972743,0.09448952797542684,0.05651096533731951,0.05070778386821189,0.018286466293373042,0,0,0,0,0,0,0,0,0,0,0,0,0,0,0,0,0,0,0,0,0,0,0,0,0,0,0,0,0,0,0,0,0,0,0,0,0,0,0,0,0,0,0,0,0,0,0,0,0,0,0,0,0,0,0,0,0,0,0,0,0,0,0,0,0,0,0,0,0,0,0,0,0,0,0,0,0,0,0,0,0,0,0,0,0,0,0,0,0,0
0,0.5708711790677516,0.24422590511459252,0.23314535120436686,0.12509801212200244,0.1310117530312676,0.13670065685427843,0.11109506917997111,0.07550112030229315,0.05725264818601012,0.02170453996136573,0.030864609819028388,0,0,0,0,0,0,0,0,0,0,0,0,0,0,0,0,0,0,0,0,0,0,0,0,0,0,0,0,0,0,0,0,0,0,0,0,0,0,0,0,0,0,0,0,0,0,0,0,0,0,0,0,0,0,0,0,0,0,0,0,0,0,0,0,0,0,0,0,0,0,0,0,0,0,0,0,0,0,0,0,0,0,0,0,0,0,0,0,0
0,0.577776997580857,0.2978892047366098,0.2843611119117153,0.19296439490025094,0.1431069057406149,0.13670065685427843,0.11833968692388062,0.0788472381241408,0.05937403473301599,0.04632579564601214,0.040179959540250845,0.016902095728306674,0,0,0,0,0,0,0,0,0,0,0,0,0,0,0,0,0,0,0,0,0,0,0,0,0,0,0,0,0,0,0,0,0,0,0,0,0,0,0,0,0,0,0,0,0,0,0,0,0,0,0,0,0,0,0,0,0,0,0,0,0,0,0,0,0,0,0,0,0,0,0,0,0,0,0,0,0,0,0,0,0,0,0,0,0,0,0,0
0,0.5920840634614989,0.3005494522775827,0.2860329211539891,0.19327478793532432,0.15182197951889212,0.15841563674986806,0.12259452500079429,0.08306162378920692,0.08023535016838414,0.053728218164088466,0.05393186227050137,0.02479459508689062,0.010142236262987273,0,0,0,0,0,0,0,0,0,0,0,0,0,0,0,0,0,0,0,0,0,0,0,0,0,0,0,0,0,0,0,0,0,0,0,0,0,0,0,0,0,0,0,0,0,0,0,0,0,0,0,0,0,0,0,0,0,0,0,0,0,0,0,0,0,0,0,0,0,0,0,0,0,0,0,0,0,0,0,0,0,0,0,0,0,0,0
0,0.6025578158145318,0.30767589843510407,0.30127035954292536,0.21157885203129223,0.16477342040813187,0.16510003547448482,0.12974100141484107,0.08422472910262509,0.08856164972381679,0.06374564749495289,0.05439576284974052,0.03002028561431243,0.02569123362227336,0.021375512933879348,0,0,0,0,0,0,0,0,0,0,0,0,0,0,0,0,0,0,0,0,0,0,0,0,0,0,0,0,0,0,0,0,0,0,0,0,0,0,0,0,0,0,0,0,0,0,0,0,0,0,0,0,0,0,0,0,0,0,0,0,0,0,0,0,0,0,0,0,0,0,0,0,0,0,0,0,0,0,0,0,0,0,0,0,0,0
0,0.6025578158145318,0.318582117516749,0.3055664323632303,0.21248580347726564,0.17474366287946594,0.16915800725535013,0.14705274247726632,0.1289981820562713,0.10726773226697543,0.07454039205658736,0.07650532380018515,0.030091573146260008,0.033135337030251656,0.022407947374693166,0.00013887016142457217,0,0,0,0,0,0,0,0,0,0,0,0,0,0,0,0,0,0,0,0,0,0,0,0,0,0,0,0,0,0,0,0,0,0,0,0,0,0,0,0,0,0,0,0,0,0,0,0,0,0,0,0,0,0,0,0,0,0,0,0,0,0,0,0,0,0,0,0,0,0,0,0,0,0,0,0,0,0,0,0,0,0,0,0,0
0,0.6113213433214632,0.32227168224833735,0.3146104765310008,0.21734475172536338,0.1754249008608569,0.17843191579517317,0.16464698937847824,0.12950393669347765,0.10885403824395662,0.09256660326929213,0.07821348423079012,0.037691879034124645,0.03391490471874646,0.02250034812923595,0.009067994568339068,0.000391869262388818,0,0,0,0,0,0,0,0,0,0,0,0,0,0,0,0,0,0,0,0,0,0,0,0,0,0,0,0,0,0,0,0,0,0,0,0,0,0,0,0,0,0,0,0,0,0,0,0,0,0,0,0,0,0,0,0,0,0,0,0,0,0,0,0,0,0,0,0,0,0,0,0,0,0,0,0,0,0,0,0,0,0,0,0
0,0.6151958761273519,0.32366011969689196,0.31539764237933715,0.21734475172536338,0.1837929178344421,0.1940292435323652,0.17260959588501062,0.1483046324829584,0.1405318027042049,0.10847816369854134,0.08293478867108756,0.040007653172433495,0.042107378992642976,0.03197184216874467,0.01012492350200273,0.006258845794263928,0.0027928801347321436,0,0,0,0,0,0,0,0,0,0,0,0,0,0,0,0,0,0,0,0,0,0,0,0,0,0,0,0,0,0,0,0,0,0,0,0,0,0,0,0,0,0,0,0,0,0,0,0,0,0,0,0,0,0,0,0,0,0,0,0,0,0,0,0,0,0,0,0,0,0,0,0,0,0,0,0,0,0,0,0,0,0,0
0,0.6174049242613744,0.3246494462372457,0.31539764237933715,0.22286522971864411,0.18414530633440723,0.21062946761541182,0.18388376111353583,0.14918002067138608,0.1405906608415531,0.10931001375105882,0.08819336121278103,0.04089306067254942,0.04599144752119819,0.03533796657198853,0.012503877549460538,0.006386608784463701,0.009546699774935843,0.0011347046612371835,0,0,0,0,0,0,0,0,0,0,0,0,0,0,0,0,0,0,0,0,0,0,0,0,0,0,0,0,0,0,0,0,0,0,0,0,0,0,0,0,0,0,0,0,0,0,0,0,0,0,0,0,0,0,0,0,0,0,0,0,0,0,0,0,0,0,0,0,0,0,0,0,0,0,0,0,0,0,0,0,0,0
0,0.6174049242613744,0.3272701808662769,0.3178398354122043,0.2230625167610887,0.19360534248219044,0.2126871154787241,0.191802523026281,0.16279406949593755,0.14120067379394644,0.1175740845468142,0.0920738330033881,0.062128403293733946,0.04743359644385855,0.03713504564088782,0.014303914292612583,0.006685973750100926,0.00991613642875361,0.004424258374323987,0.003976319452325649,0,0,0,0,0,0,0,0,0,0,0,0,0,0,0,0,0,0,0,0,0,0,0,0,0,0,0,0,0,0,0,0,0,0,0,0,0,0,0,0,0,0,0,0,0,0,0,0,0,0,0,0,0,0,0,0,0,0,0,0,0,0,0,0,0,0,0,0,0,0,0,0,0,0,0,0,0,0,0,0,0
0.15384781907010603,0.6203297493264894,0.3366459175734269,0.32084820997194036,0.225173749471454,0.19655231793083722,0.22287293689280302,0.19438052327080518,0.16562281346484561,0.14843408196518987,0.12204235458152601,0.10869280862052765,0.06332630807076246,0.04770695392267327,0.04034228755266396,0.022249529860423438,0.018017450646329283,0.010935368122567207,0.009240235278232417,0.013981350432154482,0.0002816148511275025,0,0,0,0,0,0,0,0,0,0,0,0,0,0,0,0,0,0,0,0,0,0,0,0,0,0,0,0,0,0,0,0,0,0,0,0,0,0,0,0,0,0,0,0,0,0,0,0,0,0,0,0,0,0,0,0,0,0,0,0,0,0,0,0,0,0,0,0,0,0,0,0,0,0,0,0,0,0,0,0
0.3315843659209897,0.6203297493264894,0.34229104030941315,0.3293473082547269,0.2455107215607832,0.2024852735947679,0.22595276662028796,0.20195434635684,0.17315865511810682,0.14975226987636875,0.1270270026643777,0.11333315415499177,0.06415780688267765,0.049955845680597785,0.048452335043970444,0.026260075362277095,0.018017450646329283,0.012309803012911924,0.01020350236177559,0.018375324022266454,0.00248098900693528,0,0,0,0,0,0,0,0,0,0,0,0,0,0,0,0,0,0,0,0,0,0,0,0,0,0,0,0,0,0,0,0,0,0,0,0,0,0,0,0,0,0,0,0,0,0,0,0,0,0,0,0,0,0,0,0,0,0,0,0,0,0,0,0,0,0,0,0,0,0,0,0,0,0,0,0,0,0,0,0
0.34558811518411514,0.6246112604725738,0.34229104030941315,0.3314650990526689,0.2455107215607832,0.2170202846248999,0.22641311591786012,0.2086429407166282,0.1731781832124444,0.15615637576378916,0.1319435121946169,0.11347553611948306,0.06517385076283384,0.05249558209108935,0.04988631779935217,0.029854302057366604,0.018492086800900445,0.014936495413239118,0.017661771734791325,0.021160712656075248,0.004551398469173295,0.010839033399695636,0.015274145672031078,0,0,0,0,0,0,0,0,0,0,0,0,0,0,0,0,0,0,0,0,0,0,0,0,0,0,0,0,0,0,0,0,0,0,0,0,0,0,0,0,0,0,0,0,0,0,0,0,0,0,0,0,0,0,0,0,0,0,0,0,0,0,0,0,0,0,0,0,0,0,0,0,0,0,0,0,0,0
0.6487668830955695,0.6435633376099146,0.3503830244939635,0.345775381133151,0.2487612742528713,0.22026929235241796,0.2407787411839865,0.20895447345330567,0.1764346087646017,0.16149456663628395,0.13512152738994135,0.11471075848934228,0.07905662553377577,0.0630699998497759,0.05677440993117848,0.03853890153759608,0.0229509767883275,0.044779840393353906,0.035954450458391726,0.03269006484020745,0.01433673342345291,0.033519284016247285,0.0348562975198732,0.008340896776933712,0,0,0,0,0,0,0,0,0,0,0,0,0,0,0,0,0,0,0,0,0,0,0,0,0,0,0,0,0,0,0,0,0,0,0,0,0,0,0,0,0,0,0,0,0,0,0,0,0,0,0,0,0,0,0,0,0,0,0,0,0,0,0,0,0,0,0,0,0,0,0,0,0,0,0,0,0
0.6622879520826519,0.6488067530566171,0.35210530067795826,0.34982927647217765,0.25090661546634896,0.2350867155383647,0.2501797343082762,0.21181357029569164,0.18433810971075212,0.16278568041545652,0.13624043109574902,0.12070347887744617,0.09401730604292298,0.09003252051207766,0.08253824595747342,0.054082431278952244,0.04518869305156966,0.04903656733852245,0.06047445508875659,0.05973750631323255,0.04222257607965526,0.042214536044037215,0.03534220548203522,0.016825870161823693,0.00538133103531764,0,0,0,0,0,0,0,0,0,0,0,0,0,0,0,0,0,0,0,0,0,0,0,0,0,0,0,0,0,0,0,0,0,0,0,0,0,0,0,0,0,0,0,0,0,0,0,0,0,0,0,0,0,0,0,0,0,0,0,0,0,0,0,0,0,0,0,0,0,0,0,0,0,0,0,0
0.662455874987486,0.6533336967164504,0.3557039716023588,0.38464159981787344,0.29063415919312924,0.2729452115628709,0.2624832586032627,0.21961492873554372,0.18510103996847344,0.16278568041545652,0.14142142691862888,0.12327882990433703,0.1063084582777073,0.10979492982984485,0.10270490026661303,0.08215826369542996,0.06775102564698882,0.06665801478098869,0.06456358017520591,0.06227082418992222,0.04965177182167586,0.04465809171552157,0.04123709261465761,0.01824271095086843,0.010079423162718069,0.009886523015594312,0,0,0,0,0,0,0,0,0,0,0,0,0,0,0,0,0,0,0,0,0,0,0,0,0,0,0,0,0,0,0,0,0,0,0,0,0,0,0,0,0,0,0,0,0,0,0,0,0,0,0,0,0,0,0,0,0,0,0,0,0,0,0,0,0,0,0,0,0,0,0,0,0,0,0
0.6734269095752503,0.6573858435761228,0.39553052253154025,0.39522245394680827,0.315719840669298,0.2942493303616707,0.29131271771149564,0.2575198417801422,0.22995505699041738,0.20809997046083112,0.17994762983170895,0.16930829670022698,0.11959403206161201,0.12032535467273875,0.10818039539614914,0.08629420353742287,0.069915308097051,0.07524045743912706,0.06494806519344377,0.06625533503629387,0.0505221523001726,0.0494520600557982,0.045768812145472744,0.02171536542158429,0.035149222509183745,0.02620260823701615,0.024209021426653026,0,0,0,0,0,0,0,0,0,0,0,0,0,0,0,0,0,0,0,0,0,0,0,0,0,0,0,0,0,0,0,0,0,0,0,0,0,0,0,0,0,0,0,0,0,0,0,0,0,0,0,0,0,0,0,0,0,0,0,0,0,0,0,0,0,0,0,0,0,0,0,0,0,0
0.6893044422564002,0.6632633325308164,0.41292823296138254,0.40405139873315793,0.3296057767343084,0.3056697639017726,0.29232894408918675,0.2690056607779777,0.23143721439888226,0.21516322303884297,0.19063408801534695,0.1703837623008299,0.12435519330689161,0.12133561147555094,0.1126201125225944,0.09232548396668643,0.08081725602825766,0.076252421678698,0.06729278600080267,0.07265833671975681,0.051169370979125134,0.05764337612487447,0.058771058291221194,0.03541569585890098,0.04968319720671451,0.03357764508377526,0.025914343456238945,0.006008998096277031,0,0,0,0,0,0,0,0,0,0,0,0,0,0,0,0,0,0,0,0,0,0,0,0,0,0,0,0,0,0,0,0,0,0,0,0,0,0,0,0,0,0,0,0,0,0,0,0,0,0,0,0,0,0,0,0,0,0,0,0,0,0,0,0,0,0,0,0,0,0,0,0,0
0.6971642988238723,0.6858666939330313,0.42594315023745455,0.40959260486176485,0.3317688049890268,0.30641300640340047,0.297086132098247,0.26902392312524614,0.23609095736540636,0.21907485999940557,0.1911021520913996,0.17105523674908338,0.12901585539532115,0.1320340413067647,0.11951681813268007,0.09454392344664328,0.08134572517939202,0.08259366257504261,0.07477819709214656,0.07276145742053648,0.05315468088841528,0.06795207732559926,0.07237358670688546,0.05161068379503762,0.05221679491583679,0.04013159956799103,0.030250978521087997,0.008876757515741778,0.011171960207014631,0,0,0,0,0,0,0,0,0,0,0,0,0,0,0,0,0,0,0,0,0,0,0,0,0,0,0,0,0,0,0,0,0,0,0,0,0,0,0,0,0,0,0,0,0,0,0,0,0,0,0,0,0,0,0,0,0,0,0,0,0,0,0,0,0,0,0,0,0,0,0,0
0.7012169829921505,0.6858666939330313,0.4351286867441343,0.4200266922132932,0.33388073533877893,0.308447016016733,0.2995233626879138,0.27208397890551134,0.24054900203299795,0.22556181888794385,0.19330721590909694,0.17316477118389587,0.14189260219011848,0.1327096686207179,0.11976157033530535,0.09658453500236637,0.08306780363205195,0.08675711608792998,0.08197678387480642,0.0861467911494633,0.06607514374924733,0.06848514654785781,0.07424638331144495,0.056103037907777785,0.05367878879090781,0.043912462116236256,0.03204818982039558,0.025829616995906957,0.02012321797084927,0.018990746758256034,0,0,0,0,0,0,0,0,0,0,0,0,0,0,0,0,0,0,0,0,0,0,0,0,0,0,0,0,0,0,0,0,0,0,0,0,0,0,0,0,0,0,0,0,0,0,0,0,0,0,0,0,0,0,0,0,0,0,0,0,0,0,0,0,0,0,0,0,0,0,0
0.7288439349375369,0.6881058488494042,0.44164327201515224,0.42388633951748234,0.3354498626502329,0.3089808847564267,0.302631955775098,0.28434101532549844,0.25870869144035097,0.23798704653077385,0.2053774284378568,0.18373684342597402,0.14631770211432796,0.13290973989456795,0.12350929412718713,0.09899877154098372,0.08972264915351093,0.08675711608792998,0.0884253677928422,0.08909176947318467,0.0795104372775239,0.09207683170365313,0.08468119789900823,0.06616634713346232,0.06857024044686105,0.0501808234754055,0.0344147334057016,0.03449043060160001,0.028708633429802285,0.021811241859214004,0.010374878796121291,0,0,0,0,0,0,0,0,0,0,0,0,0,0,0,0,0,0,0,0,0,0,0,0,0,0,0,0,0,0,0,0,0,0,0,0,0,0,0,0,0,0,0,0,0,0,0,0,0,0,0,0,0,0,0,0,0,0,0,0,0,0,0,0,0,0,0,0,0,0
0.7320872328783482,0.6902864439811883,0.4426907000643399,0.4256612702832864,0.33816631890647453,0.30973531735905374,0.3356006325706454,0.3068671865218951,0.26984969078519166,0.24963725602982417,0.22867699360567134,0.20816110655624742,0.17407206118091248,0.1701689473151854,0.16657800110673454,0.16834534126292008,0.1514072294860249,0.1458525481960214,0.1369965894308421,0.1428487518177767,0.12460309387685534,0.11727944265326835,0.10792080753811936,0.08352233359225816,0.07505549830164049,0.07541772007068158,0.0613429982608289,0.03855113898781018,0.031026016631532444,0.024502921515889828,0.010995137055744272,0.004149633813243968,0,0,0,0,0,0,0,0,0,0,0,0,0,0,0,0,0,0,0,0,0,0,0,0,0,0,0,0,0,0,0,0,0,0,0,0,0,0,0,0,0,0,0,0,0,0,0,0,0,0,0,0,0,0,0,0,0,0,0,0,0,0,0,0,0,0,0,0,0
0.7402440467162624,0.692150131078126,0.4494827768738101,0.42817154554629006,0.3427575681078105,0.33243775562234995,0.3501231702676495,0.3182388967112484,0.2821717352488626,0.26217212433807485,0.23114348407110105,0.22021939148675623,0.20850883527040673,0.2024506667963636,0.191943255984673,0.17264640821309435,0.15772031536880257,0.1500994357983126,0.14756123378463,0.1524408026879959,0.1376478854321784,0.13266493792587836,0.13045097392164853,0.11319594322004772,0.11200268762971033,0.10580327299570204,0.0876924560932106,0.05954239048205141,0.047531961121262796,0.03897936734001146,0.01576302591156655,0.004429435344198025,0.005036587160959874,0,0,0,0,0,0,0,0,0,0,0,0,0,0,0,0,0,0,0,0,0,0,0,0,0,0,0,0,0,0,0,0,0,0,0,0,0,0,0,0,0,0,0,0,0,0,0,0,0,0,0,0,0,0,0,0,0,0,0,0,0,0,0,0,0,0,0,0
0.747424399680805,0.7050884682168118,0.4586270497818329,0.4340866944820459,0.36128665066244225,0.33302730775757305,0.3527307278617782,0.33116986875539484,0.30925051644440094,0.2906031858627605,0.2617796475678916,0.25434028978613243,0.20935790428760157,0.20431287118675648,0.19365106142068822,0.17842409275285134,0.16608098314034705,0.16513997958059706,0.1567028013988464,0.1585611922429538,0.14721170295800468,0.14024331909303045,0.13198060631601027,0.11588767562397216,0.11474090916762478,0.10747578540501243,0.08933010750931965,0.06362638499567283,0.05343615286424667,0.0626406983539597,0.04189174536495525,0.020181987604099394,0.013524045176582518,0.0016846579891866716,0,0,0,0,0,0,0,0,0,0,0,0,0,0,0,0,0,0,0,0,0,0,0,0,0,0,0,0,0,0,0,0,0,0,0,0,0,0,0,0,0,0,0,0,0,0,0,0,0,0,0,0,0,0,0,0,0,0,0,0,0,0,0,0,0,0,0
0.7605130812884412,0.7138730227508577,0.4654988319737516,0.4650746516021909,0.38210320047665935,0.34748728852674166,0.36341213587589943,0.34271754716110897,0.3106360549155253,0.299230881671005,0.2706190602935325,0.2620715745565327,0.21770858600983786,0.2292525117194112,0.21625162889107225,0.20181499092804192,0.1944113826160479,0.18774314156819355,0.18116579019845688,0.17502638523054934,0.1542627165568886,0.15186267344307813,0.14842348480618164,0.12743934971444998,0.13651595059414975,0.12140198458653077,0.11562058113274097,0.09187662479929222,0.08412140066012759,0.07425662191724544,0.052797017861600695,0.030918839625850382,0.027320087333681062,0.022526647810729484,0.023428259553800013,0,0,0,0,0,0,0,0,0,0,0,0,0,0,0,0,0,0,0,0,0,0,0,0,0,0,0,0,0,0,0,0,0,0,0,0,0,0,0,0,0,0,0,0,0,0,0,0,0,0,0,0,0,0,0,0,0,0,0,0,0,0,0,0,0,0
0.7715083234619661,0.7179123815009844,0.5080035902674552,0.4903674916757761,0.4275843134602145,0.394941779703674,0.38712912049302,0.35293240331396386,0.3416954895375626,0.3268661671420817,0.297938368725947,0.278630270742865,0.24814838056872546,0.24197611792888055,0.22944833866815603,0.20837065790613318,0.19638569443156506,0.19519146375052793,0.185448982917505,0.1848343780664678,0.17053468762133603,0.16261872697895757,0.15391950708316735,0.14628844008696076,0.13961261618135046,0.13159344543693896,0.11769722458538394,0.09411208609219508,0.08488593494760627,0.08448129986575965,0.06563994174699242,0.046934668747336865,0.0355764784291712,0.024397476903966587,0.026517112240703387,0.0011719699534802595,0,0,0,0,0,0,0,0,0,0,0,0,0,0,0,0,0,0,0,0,0,0,0,0,0,0,0,0,0,0,0,0,0,0,0,0,0,0,0,0,0,0,0,0,0,0,0,0,0,0,0,0,0,0,0,0,0,0,0,0,0,0,0,0,0
0.7758010059644209,0.7287896452846062,0.5178254816115127,0.5206387346176001,0.45349678654197856,0.41864742973414987,0.4067390642020618,0.37076634685968335,0.3432143756706191,0.3326648453272914,0.3153581027928426,0.29904348862809205,0.264150540807288,0.25182222052008985,0.24022571453472713,0.21762476633307057,0.20817227972807825,0.20244899847573933,0.199114196445153,0.1924835331108879,0.18049857346737788,0.17576185513276218,0.17016549840855544,0.1472813805337286,0.14303575403909,0.13217095066327014,0.12367684052579048,0.10173938858263543,0.09985517905042107,0.0895157793661074,0.06593787888591386,0.0517848396887159,0.03759156950070523,0.031299330969463635,0.02858909262102757,0.003511454061251741,0.006013623188972313,0,0,0,0,0,0,0,0,0,0,0,0,0,0,0,0,0,0,0,0,0,0,0,0,0,0,0,0,0,0,0,0,0,0,0,0,0,0,0,0,0,0,0,0,0,0,0,0,0,0,0,0,0,0,0,0,0,0,0,0,0,0,0,0
0.7775080211574312,0.7370881357083865,0.5283313283998324,0.5222900101067439,0.45349678654197856,0.41959537338397634,0.40802761385761377,0.37425565275860795,0.3700569077688767,0.3543619757624149,0.3355292925222088,0.3187585363419903,0.2829875038356034,0.27972410051350216,0.27744743391030413,0.2588565070975876,0.24419470023450288,0.24157751159566448,0.2340881073563692,0.22507016461573315,0.20529171381990266,0.1999020398412886,0.20205914627161256,0.1812663100117513,0.17759280754687318,0.16131238899769243,0.1445989110314292,0.12316450101327658,0.1187082883801986,0.1147210254620191,0.0947133130195687,0.07292428101075075,0.06836561422645908,0.0722849228956209,0.06770971721635462,0.04237746524883073,0.030570208957020874,0.030844393459626876,0,0,0,0,0,0,0,0,0,0,0,0,0,0,0,0,0,0,0,0,0,0,0,0,0,0,0,0,0,0,0,0,0,0,0,0,0,0,0,0,0,0,0,0,0,0,0,0,0,0,0,0,0,0,0,0,0,0,0,0,0,0,0
0.7982023568045176,0.7393363977758058,0.5432917648078126,0.5359842623473631,0.4683232947509688,0.4447407625847309,0.43282710265528096,0.3988959032501406,0.3797940220945149,0.365124750827587,0.3414869588570516,0.3324417970563156,0.2975120169427131,0.2948315205087554,0.2837540981121899,0.2626944708228346,0.2469169666176227,0.251544877021064,0.25155475119331605,0.2510477817372768,0.2366658491152317,0.23027034437660582,0.2238332216443759,0.20376933019891688,0.19824830427773205,0.1821223604359528,0.17009723407136282,0.1447037387979718,0.1346926496025553,0.12733740885158337,0.11901062516624952,0.10068613517500444,0.09985465437965017,0.08827127725533078,0.08987729496855079,0.06625244118563459,0.049712539149569114,0.04294324982577235,0.01085225878248169,0,0,0,0,0,0,0,0,0,0,0,0,0,0,0,0,0,0,0,0,0,0,0,0,0,0,0,0,0,0,0,0,0,0,0,0,0,0,0,0,0,0,0,0,0,0,0,0,0,0,0,0,0,0,0,0,0,0,0,0,0,0
0.8028671023892019,0.7478544692470198,0.5502751792113992,0.5388090849094542,0.47146710311809964,0.46082882999216396,0.45467281673563154,0.42563687914581805,0.39408319000764636,0.3805060073168785,0.3600803495876544,0.3433551125464619,0.30589259008101055,0.3058621493670162,0.2939815527475069,0.27146435524673734,0.2588419300168769,0.2577290035340062,0.25880084961222655,0.25149547197561367,0.24227209380351686,0.23841875847561092,0.23525589909090341,0.21225870315814088,0.20785129478624756,0.19120197961844732,0.1783359458812417,0.15246048338557378,0.1481858229247194,0.14091000087232197,0.13053413118590373,0.11180766605859911,0.10766052775564512,0.09636370401594221,0.09429378739805495,0.06880475588841187,0.05069123163396712,0.06019463568337105,0.027044608990693858,0.005087566812388988,0,0,0,0,0,0,0,0,0,0,0,0,0,0,0,0,0,0,0,0,0,0,0,0,0,0,0,0,0,0,0,0,0,0,0,0,0,0,0,0,0,0,0,0,0,0,0,0,0,0,0,0,0,0,0,0,0,0,0,0,0
0.8038866260853227,0.7559141012883974,0.551357730900615,0.5398372745843257,0.4845199540237623,0.46807359939787885,0.4595593431729373,0.4329171658029169,0.40557081526962824,0.38827857240703584,0.3630445918481119,0.34943646939376893,0.319203643803784,0.30882215648195394,0.30028090342347635,0.29196172799610365,0.277896727381537,0.28000349047952283,0.2723693639459819,0.26164198818493367,0.2435159254984849,0.23963791007943516,0.23676570800933405,0.2336088863195569,0.2291616218786561,0.2182740445446294,0.20799437917843086,0.19014156177489833,0.17984719151407472,0.17063135924089204,0.15252709054547917,0.13664814186773058,0.12722192067222649,0.11940679138978602,0.11787164975643458,0.09359291645390211,0.0735975580576127,0.07818177605260039,0.028669950689612547,0.01674624129350518,0.005115883857869369,0,0,0,0,0,0,0,0,0,0,0,0,0,0,0,0,0,0,0,0,0,0,0,0,0,0,0,0,0,0,0,0,0,0,0,0,0,0,0,0,0,0,0,0,0,0,0,0,0,0,0,0,0,0,0,0,0,0,0,0
0.8043470220374502,0.7627821385028525,0.559397422963324,0.5404993743996702,0.49062376812446734,0.4747587241607418,0.46830389484167906,0.4362578954922982,0.4080443758755556,0.39269592388960195,0.3738733349619898,0.3606435071312906,0.3273375197697555,0.33336651722783,0.32398268024515486,0.305078487611309,0.2999284690476878,0.29647173977223795,0.2935927756048092,0.28308916327182126,0.2642260658712254,0.25925635205356723,0.25111823297310687,0.23784772422726877,0.2340067673205342,0.22801102712550744,0.21539928680054257,0.1977790216895428,0.187311747654413,0.17922995501165512,0.1592154098597915,0.13964041351169157,0.12942475967087458,0.1266641304824499,0.12216612212681123,0.0982628590876322,0.09411768132471518,0.08888780235891817,0.04397971853058737,0.02245977775737985,0.013651614142694168,0.016345719630514864,0,0,0,0,0,0,0,0,0,0,0,0,0,0,0,0,0,0,0,0,0,0,0,0,0,0,0,0,0,0,0,0,0,0,0,0,0,0,0,0,0,0,0,0,0,0,0,0,0,0,0,0,0,0,0,0,0,0,0
0.806058848166323,0.764040747953208,0.5595276331117554,0.5549483761626667,0.4980029434562284,0.4750001054412274,0.47597966909365097,0.44491393635656684,0.4142014172794005,0.40210641524324825,0.3775042334871079,0.3684742191031988,0.33939656773669,0.3335831796244385,0.3286426942083427,0.31062141136136023,0.302302950910111,0.2988031907108901,0.2953026186018979,0.2833749509299024,0.2712613917183403,0.2656240722694083,0.2683120113465097,0.2489324101108527,0.23883609384797835,0.23078092510353973,0.21984981839076406,0.19784254838011084,0.19095396493613587,0.18709791586215102,0.16708367624573023,0.14742615482263138,0.15058372650532312,0.14208121949280106,0.13799329891586143,0.11385445824424209,0.09738816679603703,0.09550325654279394,0.06485976323864791,0.03724607562933917,0.028175354458217377,0.02204202592190413,0.0009156485714738321,0,0,0,0,0,0,0,0,0,0,0,0,0,0,0,0,0,0,0,0,0,0,0,0,0,0,0,0,0,0,0,0,0,0,0,0,0,0,0,0,0,0,0,0,0,0,0,0,0,0,0,0,0,0,0,0,0,0
0.8128547830192298,0.7668160240516017,0.577784405595886,0.5614314279900895,0.5097748210809752,0.4789028856826557,0.47696393802913895,0.45041507384799445,0.4303678046962529,0.41525406743177107,0.3929485958463157,0.3768234818557849,0.3395079760374338,0.3342746650055209,0.33523853906741113,0.3137958374955232,0.30543468675858143,0.30673889215383465,0.3042028178691946,0.2993172094190869,0.2804788638051214,0.2774533581476711,0.26923367535892356,0.26138666737187144,0.2536281372320987,0.23855229749294016,0.22589546461915883,0.20256177777945064,0.19597347277034902,0.18827912088738827,0.17040084940460923,0.1631294856571349,0.1536833445157037,0.14308968365298377,0.14177019479281683,0.11740131801578337,0.11172588707632053,0.11681380472947804,0.06599272982096065,0.04022734764213479,0.029774188315928582,0.02300781695556449,0.002536284357702816,0.005025986800495781,0,0,0,0,0,0,0,0,0,0,0,0,0,0,0,0,0,0,0,0,0,0,0,0,0,0,0,0,0,0,0,0,0,0,0,0,0,0,0,0,0,0,0,0,0,0,0,0,0,0,0,0,0,0,0,0,0
0.8378686383269561,0.7710451131233556,0.5802171454622171,0.5650404847454946,0.5172570655397025,0.48739364236842914,0.4802968834920882,0.4564293150623186,0.4408009269762782,0.43213938168997706,0.4142779315234995,0.4023343099667623,0.366967406329034,0.3585128261601447,0.3539777004247375,0.33980972930449765,0.3302171654819443,0.32472024794645526,0.3264561643128904,0.3211489984945019,0.3031243940640517,0.305710010462147,0.3086176837392503,0.28789239896552554,0.28288547775105777,0.26942263741061995,0.2581152504557426,0.23686598570108025,0.23124647961061606,0.22456425480851172,0.208277816282799,0.18936204969129547,0.17677095660732273,0.1722506023172474,0.1676150386052203,0.15075368478707935,0.13236918210686477,0.12677920749088817,0.07682841894721287,0.0605744031016087,0.06272648281917068,0.050344362695900244,0.024999421017318297,0.007466268465321552,0.004326721708763426,0,0,0,0,0,0,0,0,0,0,0,0,0,0,0,0,0,0,0,0,0,0,0,0,0,0,0,0,0,0,0,0,0,0,0,0,0,0,0,0,0,0,0,0,0,0,0,0,0,0,0,0,0,0,0,0
0.8387291161004183,0.7854226727453888,0.6073916381265853,0.5910286253041216,0.5299084416795099,0.5084502378755364,0.5007896874485023,0.47149736697408523,0.4641327764990531,0.46063846540137815,0.4561572751575972,0.44506702342015636,0.41350253859372266,0.40361022784114986,0.3946438010078685,0.376339828898974,0.364092351660621,0.35934272322709415,0.3508459055994489,0.3402826786719422,0.3269185873731859,0.3203146747639906,0.31267491139772874,0.2915865455531798,0.28370466318268733,0.2728012651856782,0.2600854614871071,0.24123176028714632,0.23246203281913813,0.2280974910633999,0.2129048956770874,0.19349241195631142,0.18186847204995849,0.1726659007963319,0.17053919411181198,0.15104668275862687,0.14558758279709436,0.13833283544809363,0.08972972434170894,0.06368898128207037,0.06308771653775547,0.05900767668092852,0.03644206204991648,0.011915015145410325,0.012023071561421251,0.006172073069686572,0,0,0,0,0,0,0,0,0,0,0,0,0,0,0,0,0,0,0,0,0,0,0,0,0,0,0,0,0,0,0,0,0,0,0,0,0,0,0,0,0,0,0,0,0,0,0,0,0,0,0,0,0,0,0
0.8395889430375263,0.7920468040652501,0.6130683015207812,0.6147576058012851,0.5579816778210777,0.5332587358916511,0.5244564866090873,0.5012753651930418,0.49066827900548377,0.4763386950532163,0.4571927971892329,0.44566262673304224,0.4299689688884461,0.4206298656865434,0.4136959607208394,0.4038710846931649,0.3918730208497039,0.38685031042878687,0.3847771802955738,0.3818624038026058,0.3727400575542269,0.36680330344066997,0.3610275001469387,0.34275764451897134,0.3453824371131993,0.3377683762886427,0.3265917378266253,0.3099322372303346,0.3074132018788094,0.3006235737263276,0.2841035068011617,0.2721103752074011,0.2643305909849556,0.25465672495093744,0.25311647138497045,0.23169416395823247,0.2270985510373176,0.22793541445702653,0.1851875840679434,0.16158175951314838,0.15945485269738338,0.1538452224670935,0.1306411041996054,0.1097931686746514,0.10052713740510946,0.06988047194010981,0.01338843521982022,0,0,0,0,0,0,0,0,0,0,0,0,0,0,0,0,0,0,0,0,0,0,0,0,0,0,0,0,0,0,0,0,0,0,0,0,0,0,0,0,0,0,0,0,0,0,0,0,0,0,0,0,0,0
0.84529151766757,0.7920468040652501,0.622651293320351,0.6169343159701475,0.5581329177531623,0.5336574498689558,0.5400410706479646,0.51622045748375,0.5095124367205228,0.505217503838158,0.4915011728953606,0.49369662096780487,0.4669583303381808,0.46089629974206764,0.4604365930376512,0.4458233479010839,0.4385251918412024,0.43715875396688336,0.43641792826154735,0.4263135146928848,0.4122043114431391,0.40767298387336887,0.40850504051594194,0.39110506717396337,0.383160863031216,0.3764169681286251,0.36998199665989284,0.35993221389152896,0.3569619557510882,0.3498619148560707,0.33277096084951435,0.3174504678324978,0.30611401337233357,0.2999915352694963,0.2992816806661456,0.28027013652614047,0.2644800514868146,0.2589042199783103,0.21496315460156126,0.19127033167909374,0.18554493545078854,0.177783192270008,0.16781447751859407,0.16009032993082484,0.14935276216214305,0.12018980890639511,0.06856079975707456,0.0031404889858546244,0,0,0,0,0,0,0,0,0,0,0,0,0,0,0,0,0,0,0,0,0,0,0,0,0,0,0,0,0,0,0,0,0,0,0,0,0,0,0,0,0,0,0,0,0,0,0,0,0,0,0,0,0
0.8484737207307766,0.7933504338806381,0.6253425437988798,0.6303272548239425,0.5836342142829025,0.5582802644629418,0.5648619809344791,0.5428849860078327,0.5195584997730448,0.5055791318773808,0.4985247148734659,0.49575965670067984,0.47147570577802356,0.4668357510032106,0.4631968456495037,0.46284263990775176,0.4529356700113877,0.4494384436978662,0.4501353508403911,0.4419667332610869,0.42944229046904947,0.4267206672499177,0.4200019511990848,0.4072006245800066,0.39987806327778436,0.394767019132895,0.3884519210418151,0.371250442203822,0.3668877485764925,0.36028223685190847,0.34564058848822177,0.3309205470242597,0.31993206451291456,0.31216364567614413,0.3198866505999645,0.3014480545992334,0.29008054437278513,0.28751048103518334,0.25908930530230906,0.24010888535753824,0.23064038454434407,0.22528069642853837,0.2040560893477397,0.1885792080779289,0.17559193721150657,0.1464022212983085,0.09697202086845727,0.033189345127534575,0,0,0,0,0,0,0,0,0,0,0,0,0,0,0,0,0,0,0,0,0,0,0,0,0,0,0,0,0,0,0,0,0,0,0,0,0,0,0,0,0,0,0,0,0,0,0,0,0,0,0,0,0
0.8541009562500548,0.8089702712346314,0.6448633321382151,0.6402369649414096,0.6237826714508625,0.6020352449858974,0.6028553985138203,0.5863621326637608,0.5699234000392698,0.5572778584323893,0.5446466137576138,0.5316855098134866,0.5059823776678627,0.49752399782397716,0.5077622374212261,0.497529355571767,0.4898715947814657,0.48575558186388923,0.4788636504315553,0.4723468763818942,0.45808073653023185,0.4529811423063533,0.45216896564678744,0.43953284221365413,0.4353328838979519,0.42757461549794284,0.4178760315544316,0.4015282520239517,0.4032984512784485,0.4051281823360875,0.39140478278845026,0.37929981129965906,0.3691588073120391,0.3624363267432197,0.3589093115578511,0.34326652542098446,0.3284495325763123,0.32698784213892335,0.28706889590537366,0.2759158979072326,0.2668252507531532,0.25707077793414934,0.23980337744487423,0.22304083184238024,0.21551053796008948,0.18489039763293924,0.13951685502960273,0.07480220425437291,0.043247772485542894,0.037086626934683356,0,0,0,0,0,0,0,0,0,0,0,0,0,0,0,0,0,0,0,0,0,0,0,0,0,0,0,0,0,0,0,0,0,0,0,0,0,0,0,0,0,0,0,0,0,0,0,0,0,0,0
0.8542502504218936,0.8186505874287662,0.6907958428190819,0.6782434890864191,0.6345489385955476,0.6208830031120146,0.625717018180028,0.6043387404883555,0.5834138924044593,0.5809327788759645,0.5676812020008098,0.5579466007095745,0.5317976527639424,0.5309542119038713,0.5313949286022328,0.5191854755448677,0.5111028398850428,0.5095386754720396,0.5032414587141557,0.4982030137311523,0.4868070925893758,0.4852933115164147,0.47934003833823546,0.46727394828241653,0.4660654825856467,0.4554510473551565,0.445292893280356,0.4322798485514073,0.4257051364945857,0.42234071896186204,0.4071839984639364,0.3947690515110363,0.38515316779148057,0.37923103900017074,0.3809166873228931,0.3631924569886813,0.3485370736931461,0.34451509396200203,0.30664074800890684,0.28965717862645585,0.28223881790594074,0.2763147660822921,0.2567075379286951,0.24079293382008865,0.2333594605856322,0.21121610654135184,0.16656114005312625,0.10551344329369382,0.08939201873553879,0.04288558441482867,0.044863484779176115,0,0,0,0,0,0,0,0,0,0,0,0,0,0,0,0,0,0,0,0,0,0,0,0,0,0,0,0,0,0,0,0,0,0,0,0,0,0,0,0,0,0,0,0,0,0,0,0,0,0
0.8613906731799731,0.8322449023890716,0.7052984429162933,0.7077988995232742,0.6772684257754632,0.6619608888581191,0.6591972517131093,0.6408045845471485,0.6267959149029361,0.618998526663906,0.6134557043668176,0.6047737796248679,0.6016697042934773,0.5965602881161381,0.5897879690784029,0.5773603457023722,0.5691786577916582,0.5662776602284643,0.5607365173885183,0.5533299188160352,0.5480038860881034,0.5483055318888719,0.5522076431511657,0.5432952209759213,0.5385339438044932,0.5308580036176174,0.5226567860312831,0.5084893769907699,0.5052038420230381,0.5025428026619287,0.49027097094057526,0.4797001932926197,0.4731271527756361,0.4705328911665729,0.46763665659294645,0.4525429394562977,0.4409253355811226,0.4376419224804868,0.4044770547626303,0.3880148932162012,0.3856125318629731,0.37807293671584064,0.3618250078298467,0.34925982384652215,0.34700031368976086,0.3193533555494485,0.280403915663684,0.2271540507365827,0.21073518354262757,0.17523494818082735,0.1424113079716765,0.0824704118555373,0,0,0,0,0,0,0,0,0,0,0,0,0,0,0,0,0,0,0,0,0,0,0,0,0,0,0,0,0,0,0,0,0,0,0,0,0,0,0,0,0,0,0,0,0,0,0,0,0
0.8640967735140187,0.8419778644571871,0.7632601218952713,0.7621790343710991,0.7410903362782646,0.7327007395874798,0.7409239033148103,0.7254379839060335,0.7168524179217157,0.7097911554608682,0.6995110710688036,0.6921254793564372,0.6747167460328297,0.6756946728867762,0.6730901460518143,0.6648541065280084,0.6594279058640119,0.6562469718352356,0.6533746497315477,0.6474759384394303,0.6387557729746537,0.6426680161623844,0.642769837576894,0.6320323387721635,0.6290555517374307,0.6222786512162438,0.6152056894295431,0.6046851043093927,0.6039412618837462,0.6006813642819789,0.5918913478741513,0.5824802673271581,0.5760401681992197,0.5707679479223868,0.5704382244073755,0.5592836344780675,0.5505872195044503,0.5508151259386583,0.5248114016532511,0.5136442843892651,0.5071825785886903,0.5016354777577114,0.4882708289287614,0.47869746537600355,0.47069157351583785,0.4503433986649954,0.41992096908595006,0.3768224634340245,0.3567749796273001,0.3226935498446526,0.2934083047409936,0.24390612698446107,0.14352888431970823,0,0,0,0,0,0,0,0,0,0,0,0,0,0,0,0,0,0,0,0,0,0,0,0,0,0,0,0,0,0,0,0,0,0,0,0,0,0,0,0,0,0,0,0,0,0,0,0
0.8887063377362058,0.8636372219663522,0.7790022150946623,0.7813890018390751,0.7716006328815141,0.7663752603385158,0.7800644765805211,0.7677520970701283,0.7562982909274056,0.7488263170487679,0.7436492282574398,0.7366956155853043,0.7264610933465153,0.7235994213811078,0.7214229086684355,0.7144031639615706,0.708519184156333,0.7069070706699527,0.7038096947853241,0.7025932189454817,0.6948609862392052,0.694442743719737,0.6927163078174993,0.6869987544188736,0.6846016622085906,0.68004025591027,0.6750440140918484,0.6650942173945039,0.6612505786917132,0.6601684892419795,0.6516823097829337,0.6444229529491188,0.638371964515157,0.6336005450135518,0.6321313060939395,0.6216288063118564,0.6134391952905307,0.6145490828411471,0.5917394466858942,0.5804294080433716,0.5757954473478258,0.5701439494178674,0.5589993634004734,0.5477300165741521,0.5418176789553615,0.5234795993093908,0.49984423818339985,0.46695495598741815,0.4482255849543542,0.42103621229915117,0.39494595389109094,0.359465308653206,0.2736520673226372,0.1527982640540275,0,0,0,0,0,0,0,0,0,0,0,0,0,0,0,0,0,0,0,0,0,0,0,0,0,0,0,0,0,0,0,0,0,0,0,0,0,0,0,0,0,0,0,0,0,0,0
